"Track URI","Track Name","Artist URI(s)","Artist Name(s)","Album URI","Album Name","Album Artist URI(s)","Album Artist Name(s)","Album Release Date","Album Image URL","Disc Number","Track Number","Track Duration (ms)","Track Preview URL","Explicit","Popularity","ISRC","Added By","Added At"
"spotify:track:23BEJWSkNjoTNA94sT9sxD","Linked","spotify:artist:40HDiLfKm0tXk2FxlJx6aO, spotify:artist:2Ndq6RparrhEoceel7LC4Z","Jim Yosef, Anna Yvette","spotify:album:3sSl9yaO26k41EA3e9wFEs","Linked","spotify:artist:40HDiLfKm0tXk2FxlJx6aO, spotify:artist:2Ndq6RparrhEoceel7LC4Z","Jim Yosef, Anna Yvette","2017-12-16","https://i.scdn.co/image/ab67616d0000b2736509005a5f3af0238c174249","1","1","223218","","false","0","GB2LD1700377","spotify:user:ibdqzuvhscey81nwyfhajz3v7","2021-12-18T19:11:26Z"
"spotify:track:4dgkustBLuGq8tjsWtzRoO","Moonlight (feat. Danyka Nadeau & Badjack)","spotify:artist:7G7KvDCLdVG0Ok511Iqc9U, spotify:artist:40oI86vaTUHgkSGlYkEiLM, spotify:artist:1bZhxzq9mhYkPf0wdxGko9","Disco Fries, Badjack, Danyka Nadeau","spotify:album:7oUxppVSOY26Lzv3LibIAy","Moonlight (feat. Danyka Nadeau & Badjack)","spotify:artist:7G7KvDCLdVG0Ok511Iqc9U, spotify:artist:40oI86vaTUHgkSGlYkEiLM","Disco Fries, Badjack","2019-05-10","https://i.scdn.co/image/ab67616d0000b27306575feaa6f2db2c759d0978","1","1","212343","https://p.scdn.co/mp3-preview/d1291f5ba5ff584200567c1fab8aa3e7ef3e3d9a?cid=9950ac751e34487dbbe027c4fd7f8e99","false","38","NLZ541900672","spotify:user:ibdqzuvhscey81nwyfhajz3v7","2021-12-18T19:11:41Z"
"spotify:track:6zSW9tWKgUHtBLA2mF0bw0","Missing You","spotify:artist:0RViEWnZO2VhmY4oI0PhF9","Mesto","spotify:album:2GOUj61wPfR36YbVRVPbhH","Missing You","spotify:artist:0RViEWnZO2VhmY4oI0PhF9","Mesto","2018-09-17","https://i.scdn.co/image/ab67616d0000b2732e57c1e8704c63941e827019","1","1","175275","https://p.scdn.co/mp3-preview/4df7bba198773eb5927ea8aa3590712fef01159b?cid=9950ac751e34487dbbe027c4fd7f8e99","false","29","NLZ541801096","spotify:user:ibdqzuvhscey81nwyfhajz3v7","2021-12-18T19:11:59Z"
"spotify:track:6YQKDQPqKDDAHm9v0O2GgI","Sometimes","spotify:artist:1DLsogyGi0pwPtwV78D8uZ","KDrew","spotify:album:6XhWObFYKWE1gvjP8ytLln","Sometimes","spotify:artist:1DLsogyGi0pwPtwV78D8uZ","KDrew","2019-02-22","https://i.scdn.co/image/ab67616d0000b273083a58a03f6b481f03ba222f","1","1","180043","https://p.scdn.co/mp3-preview/2891809800a5586a25fc0a77ab6a2b277b985128?cid=9950ac751e34487dbbe027c4fd7f8e99","false","41","QMWZB1910985","spotify:user:ibdqzuvhscey81nwyfhajz3v7","2021-12-18T19:12:09Z"
"spotify:track:6S2oSkckiytnoHZhbWxaSL","Broken Bones","spotify:artist:210hjvKOh716ZO4ErE3x22, spotify:artist:0hNDWDVLpAps7K0dd5R62P","Pixl, Cassandra Kay","spotify:album:3MkXh25iwXW57v1iqnQPAa","Broken Bones","spotify:artist:210hjvKOh716ZO4ErE3x22","Pixl","2014-06-18","https://i.scdn.co/image/ab67616d0000b273a36cf502ac7fd94f2afdfebf","1","1","408764","https://p.scdn.co/mp3-preview/76b8c19bbc5ccb9a090e771f0b3ad5e2d8637cf1?cid=9950ac751e34487dbbe027c4fd7f8e99","false","28","CA6D21000376","spotify:user:ibdqzuvhscey81nwyfhajz3v7","2022-01-21T05:21:18Z"
"spotify:track:4nYs7v9vN9lXfJwyFd6915","No Holding On","spotify:artist:1x5jH1DE1ihbkCMqmQxCvv, spotify:artist:24O8Ftz6AqboC3Uawbiw4r","Stereotronique, Holly Drummond","spotify:album:3bwhuIOZZzdm0qDfSIfpZ7","No Holding On","spotify:artist:1x5jH1DE1ihbkCMqmQxCvv","Stereotronique","2013-07-10","https://i.scdn.co/image/ab67616d0000b273b8c0e91e5833951ea81d2aaf","1","1","448023","https://p.scdn.co/mp3-preview/295c5789287bb6c934e614d6d5296b21fe574d6c?cid=9950ac751e34487dbbe027c4fd7f8e99","false","21","CA6D21000259","spotify:user:ibdqzuvhscey81nwyfhajz3v7","2022-03-27T14:19:56Z"
"spotify:track:1oxZsXpEjNmBjIfs7bJe9x","Reasons","spotify:artist:2RhRT6DNOVoDTfS0rG31pZ, spotify:artist:1mAp4DKDRBkEn272c014zU","Project 46, Andrew Allen","spotify:album:6CveG32XV6P86FFdKysMod","Reasons","spotify:artist:2RhRT6DNOVoDTfS0rG31pZ","Project 46","2012-04-24","https://i.scdn.co/image/ab67616d0000b273fde69fcb98bc47fb018860d3","1","1","316859","https://p.scdn.co/mp3-preview/34b8e62d40607654f82e426cdbcb1bb1231736db?cid=9950ac751e34487dbbe027c4fd7f8e99","false","37","TCABG1223432","spotify:user:ibdqzuvhscey81nwyfhajz3v7","2021-12-18T19:12:20Z"
"spotify:track:44wpzPHkSow8pQPZDSGOit","We Are The Night","spotify:artist:4gJCFxvqKc43Ifk0UIBB42, spotify:artist:3GnHyFpbheo4P7keP8QbBP","Madison Mars, Sanjana Ghosh","spotify:album:6OiO0lkEAq035l1N4rf00M","We Are The Night","spotify:artist:4gJCFxvqKc43Ifk0UIBB42","Madison Mars","2017-02-24","https://i.scdn.co/image/ab67616d0000b2739dc071b0c596d063a76b3ab4","1","1","226000","","false","37","QM4TW1746265","spotify:user:ibdqzuvhscey81nwyfhajz3v7","2021-12-23T08:33:25Z"
"spotify:track:214tNSr4epshNjQ6W2PTLg","You're Gonna Love Again","spotify:artist:4j5KBTO4tk7up54ZirNGvK","NERVO","spotify:album:1CZnMTWdD8cApDRm2wLCZp","Collateral","spotify:artist:4j5KBTO4tk7up54ZirNGvK","NERVO","2015-07-24","https://i.scdn.co/image/ab67616d0000b273c46534ae5b5ec2ca34dc627c","1","13","201306","https://p.scdn.co/mp3-preview/bd357b3b170fe75c7e4bddad77b97e17ff4de428?cid=9950ac751e34487dbbe027c4fd7f8e99","false","51","USCN31200018","spotify:user:ibdqzuvhscey81nwyfhajz3v7","2022-03-12T05:02:43Z"
"spotify:track:2kZmIfcSZhVSbw9Q5aIRKC","Let It All Out","spotify:artist:1yRxS3CXYM7s6amlkEmozI, spotify:artist:7F81JPQLsqvdd5ECmYbuC4","Kap Slap, Angelika Vee","spotify:album:1JogzwEEYszW8ElWdjqqGd","Let It All Out","spotify:artist:1yRxS3CXYM7s6amlkEmozI","Kap Slap","2015-02-03","https://i.scdn.co/image/ab67616d0000b273dfc41e7277c385a8495713af","1","1","234375","https://p.scdn.co/mp3-preview/655a63397079c02ccfc0264e9d7d16337c7e2a2c?cid=9950ac751e34487dbbe027c4fd7f8e99","false","26","USUS11203160","spotify:user:ibdqzuvhscey81nwyfhajz3v7","2022-06-02T12:25:06Z"
"spotify:track:0ShT1hfZV5VxxY120VFnRS","This Life","spotify:artist:7z55f4aJkaPR4EF2BXqsq7, spotify:artist:1yPdXrLhRc50YbwiwCr1uN","OLWIK, Johnning","spotify:album:6jmLUCzBjz10wxxbtckBaj","NCS: Uplifting","spotify:artist:0LyfQWJT6nXafLPZqxe9Of","Various Artists","2014-12-07","https://i.scdn.co/image/ab67616d0000b273e09568564a4ad0fdde2d7d42","1","2","254040","","false","0","GB2LD0901610","spotify:user:ibdqzuvhscey81nwyfhajz3v7","2022-01-21T05:04:36Z"
"spotify:track:0I58PwIbxSZauKTdh4LX0Q","Taking Over","spotify:artist:7z55f4aJkaPR4EF2BXqsq7, spotify:artist:52qqgwRzHxEPXuefNxc8Xx","OLWIK, Alexa Lusader","spotify:album:0b3KhvFdLJjVhnrOa72luG","Taking Over","spotify:artist:7z55f4aJkaPR4EF2BXqsq7","OLWIK","2014","https://i.scdn.co/image/ab67616d0000b2735de01cc849f814f0c22f661a","1","1","290831","https://p.scdn.co/mp3-preview/318ba8068faa386684d2b3ee6cd12bfff66b83bf?cid=9950ac751e34487dbbe027c4fd7f8e99","false","38","GB-SMU-17-75522","spotify:user:ibdqzuvhscey81nwyfhajz3v7","2022-01-19T06:55:31Z"
"spotify:track:0Fl4pH0OyFngESrEuLYfXF","Pick Up The Pieces (feat. Angela McCluskey)","spotify:artist:7iVuXpgNEl87BwdwV1L6he, spotify:artist:5AlIxbb8HarTSm2tdA5F0x","Maor Levi, Angela McCluskey","spotify:album:15qKTlZr2TgM6vfuW1mx98","Pick Up The Pieces (feat. Angela McCluskey)","spotify:artist:7iVuXpgNEl87BwdwV1L6he","Maor Levi","2014-10-06","https://i.scdn.co/image/ab67616d0000b27361facfe6f7b2ee073cbc6cba","1","2","330679","https://p.scdn.co/mp3-preview/f502184b780bfd08527e79c6b8f6943e19169f0c?cid=9950ac751e34487dbbe027c4fd7f8e99","false","18","NLZ541400575","spotify:user:ibdqzuvhscey81nwyfhajz3v7","2022-01-19T06:55:43Z"
"spotify:track:1qPMUJ9L2enJGyf3SIiOJr","Take the Fall - Extended Mix","spotify:artist:5FKABVMDKiED2mhi8bFSVx, spotify:artist:63Ict9AOyrWv3Vl0VgrADS","First State, Relyk","spotify:album:0wQUWc9utsjtb8fjO3LHwL","Take the Fall","spotify:artist:5FKABVMDKiED2mhi8bFSVx","First State","2014-02-03","https://i.scdn.co/image/ab67616d0000b273b8deca1e354308bc9aa34f2d","1","1","393230","https://p.scdn.co/mp3-preview/1188c4b13f75d7e2216f9ee64208c6b36282a257?cid=9950ac751e34487dbbe027c4fd7f8e99","false","9","NLE711400043","spotify:user:ibdqzuvhscey81nwyfhajz3v7","2022-01-19T06:55:59Z"
"spotify:track:1la2o7WHv6erRe18gs5sMN","Belong","spotify:artist:1xNmvlEiICkRlRGqlNFZ43, spotify:artist:36VSvhsPFTdsj1CtmatPiQ","Axwell, Shapov","spotify:album:2KylFRyM8qPACh2qSozGDp","Belong","spotify:artist:1xNmvlEiICkRlRGqlNFZ43, spotify:artist:36VSvhsPFTdsj1CtmatPiQ","Axwell, Shapov","2016-08-05","https://i.scdn.co/image/ab67616d0000b2739e729b4866a1ae7d31ee62b5","1","1","204375","https://p.scdn.co/mp3-preview/31bd45325a2f7bba66feb94aee952b90b0c20524?cid=9950ac751e34487dbbe027c4fd7f8e99","false","49","GBKCF1600479","spotify:user:ibdqzuvhscey81nwyfhajz3v7","2021-12-23T08:33:17Z"
"spotify:track:5DKHdWT3u5mOu3dm8A8P1V","City Of Dreams - Original Mix","spotify:artist:1bpzpALZwOoKXzwMg2i8WB, spotify:artist:4AVFqumd2ogHFlRbKIjp1t, spotify:artist:5nkzSFYwr8GJcwHT6vbbYL","Dirty South, Alesso, Ruben Haze","spotify:album:3mDXpAc8LCT6ssObfK7mym","City Of Dreams","spotify:artist:1bpzpALZwOoKXzwMg2i8WB, spotify:artist:4AVFqumd2ogHFlRbKIjp1t","Dirty South, Alesso","2013-01-01","https://i.scdn.co/image/ab67616d0000b273b60a6daf6a68e2b378e42fbe","1","2","405000","","false","41","GBUYR1300056","spotify:user:ibdqzuvhscey81nwyfhajz3v7","2021-12-27T07:45:43Z"
"spotify:track:2T5n0yPObdYbvmd5KLqnAa","Apollo - Extended Mix","spotify:artist:6BrvowZBreEkXzJQMpL174, spotify:artist:4RTCIP5yp2tL1AtBCq7ukj","Hardwell, Amba Shepherd","spotify:album:201BKEHm2mL2aewBC7iuho","Apollo","spotify:artist:6BrvowZBreEkXzJQMpL174","Hardwell","2012-12-10","https://i.scdn.co/image/ab67616d0000b273c965d3c2f608aba2812c9be6","1","2","311445","https://p.scdn.co/mp3-preview/2800fb46c1dde11f83ceb12fea9847c39276a248?cid=9950ac751e34487dbbe027c4fd7f8e99","false","38","NLS241202195","spotify:user:ibdqzuvhscey81nwyfhajz3v7","2023-01-18T18:33:13Z"
"spotify:track:1GmMrJoxbF13PliZnpeXcy","Follow Me","spotify:artist:6BrvowZBreEkXzJQMpL174, spotify:artist:07YZf4WDAMNwqr4jfgOZ8y","Hardwell, Jason Derulo","spotify:album:49C8Rqg0ANAYpBQwE2G6zb","United We Are","spotify:artist:6BrvowZBreEkXzJQMpL174","Hardwell","2015-01-23","https://i.scdn.co/image/ab67616d0000b2730a027e2fce8cc1c7c71f4cba","1","2","200028","https://p.scdn.co/mp3-preview/9eaa6a257d2cc954aae4b6a15a4bb29b4dfa2128?cid=9950ac751e34487dbbe027c4fd7f8e99","false","48","NLS241402165","spotify:user:ibdqzuvhscey81nwyfhajz3v7","2023-01-18T18:31:05Z"
"spotify:track:0WZVGXO8FYpK8v1IDxlOyE","A Sky Full of Stars - Hardwell Remix","spotify:artist:4gzpq5DPGxSnKTe4SA8HAU, spotify:artist:6BrvowZBreEkXzJQMpL174","Coldplay, Hardwell","spotify:album:0CvMcLab5Xb0KL7gsQfhhv","A Sky Full of Stars (Hardwell Remix)","spotify:artist:4gzpq5DPGxSnKTe4SA8HAU","Coldplay","2014-12-01","https://i.scdn.co/image/ab67616d0000b27351927ee99b034e14beb09e58","1","1","313124","https://p.scdn.co/mp3-preview/3c03a49b9fa4895c024b52bb7e9c953a1ea668dc?cid=9950ac751e34487dbbe027c4fd7f8e99","false","52","GBAYE1400990","spotify:user:ibdqzuvhscey81nwyfhajz3v7","2023-01-18T18:30:41Z"
"spotify:track:3zA5bz3m4bFHSlgBqnTCGz","Unbreakable (Dubvision Remix) [feat. Sam Martin]","spotify:artist:1bpzpALZwOoKXzwMg2i8WB, spotify:artist:66AE89GQTx88zLYhXn1wFK","Dirty South, Sam Martin","spotify:album:3Wb5TuwhxVqJvrlk0h0Jbv","Unbreakable (Dubvision Remix) [feat. Sam Martin]","spotify:artist:1bpzpALZwOoKXzwMg2i8WB","Dirty South","2015-02-10","https://i.scdn.co/image/ab67616d0000b273c564e435e256111dfcd290d9","1","1","355275","https://p.scdn.co/mp3-preview/e79148b3eef0d70b69d8ea65d2be799b4a72c517?cid=9950ac751e34487dbbe027c4fd7f8e99","false","19","GBUYR1500116","spotify:user:ibdqzuvhscey81nwyfhajz3v7","2022-07-20T07:36:08Z"
"spotify:track:0RJWmaLVlP6qv5e8Kz6DkF","Beautiful World - Extended Mix","spotify:artist:37awA8DFCAnCCL7aqYbDnD, spotify:artist:1Idp9q1i8l6kfJsTMPOqr7, spotify:artist:6L7a6wPGpvLtTwOsMLnF1z, spotify:artist:6aaJeC4tRAYfEx5sA9LvXI, spotify:artist:69DKP6GuG0YiUc5K7tJ4an","Blasterjaxx, Dbstf, D-Block & S-te-Fan, Ryder, Ella Isaacson","spotify:album:1WVDG3ZKC80OsPuml1gIBl","Beautiful World","spotify:artist:37awA8DFCAnCCL7aqYbDnD, spotify:artist:1Idp9q1i8l6kfJsTMPOqr7, spotify:artist:6L7a6wPGpvLtTwOsMLnF1z","Blasterjaxx, Dbstf, D-Block & S-te-Fan","2015-01-19","https://i.scdn.co/image/ab67616d0000b2734d1ee9dd17572538dc67753d","1","2","273230","https://p.scdn.co/mp3-preview/627ef9a18995ceaadf172add42a372959962e13d?cid=9950ac751e34487dbbe027c4fd7f8e99","false","26","NLS241402140","spotify:user:ibdqzuvhscey81nwyfhajz3v7","2022-07-20T07:42:50Z"
"spotify:track:1A8YPgoxOJRuvwoDOpXUx4","Haunted - Original Mix","spotify:artist:1qHD7NdzvjBXQwb7rms3lD","Volt & State","spotify:album:7sE64HV5PesC7elMHmUBHa","Protocol presents: ADE 2015 by Volt & State","spotify:artist:1qHD7NdzvjBXQwb7rms3lD","Volt & State","2015-10-05","https://i.scdn.co/image/ab67616d0000b27369cfb634aede553e8e38191f","1","1","384322","https://p.scdn.co/mp3-preview/7b35ae6c1294483d35e0f9e7529208ab8589c388?cid=9950ac751e34487dbbe027c4fd7f8e99","false","8","NLUW21500270","spotify:user:ibdqzuvhscey81nwyfhajz3v7","2023-01-18T18:17:40Z"
"spotify:track:6N6BTxTwykM2YI06SeL1ap","Paradise","spotify:artist:5ChF3i92IPZHduM7jN3dpg, spotify:artist:39PhMWg1aAuuZcph0OXGu6, spotify:artist:6jEiUoyyJNPHzSR0Nib6HX","Nicky Romero, Deniz Koyu, Walk off the Earth","spotify:album:3b9BQMfHHnjSGrBOV30qp6","Paradise","spotify:artist:5ChF3i92IPZHduM7jN3dpg, spotify:artist:39PhMWg1aAuuZcph0OXGu6, spotify:artist:6jEiUoyyJNPHzSR0Nib6HX","Nicky Romero, Deniz Koyu, Walk off the Earth","2018-09-28","https://i.scdn.co/image/ab67616d0000b273b554227dcec6f80e6ca36165","1","1","215336","https://p.scdn.co/mp3-preview/14e6946ebcfac1448bb1706c847884ccb23a4f35?cid=9950ac751e34487dbbe027c4fd7f8e99","false","45","NLUW21800711","spotify:user:ibdqzuvhscey81nwyfhajz3v7","2023-01-18T18:27:18Z"
"spotify:track:6RCRHE49rfaPIsqDYO4i4N","The Way Out - Original Mix","spotify:artist:39PhMWg1aAuuZcph0OXGu6, spotify:artist:4RTCIP5yp2tL1AtBCq7ukj","Deniz Koyu, Amba Shepherd","spotify:album:6XoNQdziFIRbhrUEH5QsQK","The Way Out","spotify:artist:39PhMWg1aAuuZcph0OXGu6, spotify:artist:4RTCIP5yp2tL1AtBCq7ukj","Deniz Koyu, Amba Shepherd","2015-08-17","https://i.scdn.co/image/ab67616d0000b273c4e91b18962e543e3ec438ed","1","2","328710","https://p.scdn.co/mp3-preview/71b7d0c8037317c3a63d703b5cd51ec740579457?cid=9950ac751e34487dbbe027c4fd7f8e99","false","6","NLUW21500199","spotify:user:ibdqzuvhscey81nwyfhajz3v7","2023-01-18T18:25:54Z"
"spotify:track:5wtfQW9yxNci1dWS4bRAC5","Sandcastles - Radio Edit","spotify:artist:1qHD7NdzvjBXQwb7rms3lD","Volt & State","spotify:album:7sE64HV5PesC7elMHmUBHa","Protocol presents: ADE 2015 by Volt & State","spotify:artist:1qHD7NdzvjBXQwb7rms3lD","Volt & State","2015-10-05","https://i.scdn.co/image/ab67616d0000b27369cfb634aede553e8e38191f","1","5","193124","https://p.scdn.co/mp3-preview/193c077ecb1d9393b7c8e5f3a7eb84a577092383?cid=9950ac751e34487dbbe027c4fd7f8e99","false","35","NLUW21500267","spotify:user:ibdqzuvhscey81nwyfhajz3v7","2023-01-18T18:26:28Z"
"spotify:track:17ib9l1b5AR5FvpEoGD6Ao","Volume - Original Mix","spotify:artist:7G7KvDCLdVG0Ok511Iqc9U, spotify:artist:15GGbJKqC6w0VYyAJtjej6","Disco Fries, Fatman Scoop","spotify:album:7sE64HV5PesC7elMHmUBHa","Protocol presents: ADE 2015 by Volt & State","spotify:artist:1qHD7NdzvjBXQwb7rms3lD","Volt & State","2015-10-05","https://i.scdn.co/image/ab67616d0000b27369cfb634aede553e8e38191f","1","7","256060","https://p.scdn.co/mp3-preview/6b6f89ed5c8ea9ad3f2bbfc08d1c6da88f0a38bd?cid=9950ac751e34487dbbe027c4fd7f8e99","false","3","NLUW21500265","spotify:user:ibdqzuvhscey81nwyfhajz3v7","2023-01-18T18:17:24Z"
"spotify:track:2smFKaseAaJiG1Qf4mprAY","Warriors - Sensation 15 Edit","spotify:artist:5ChF3i92IPZHduM7jN3dpg, spotify:artist:1qHD7NdzvjBXQwb7rms3lD","Nicky Romero, Volt & State","spotify:album:7sE64HV5PesC7elMHmUBHa","Protocol presents: ADE 2015 by Volt & State","spotify:artist:1qHD7NdzvjBXQwb7rms3lD","Volt & State","2015-10-05","https://i.scdn.co/image/ab67616d0000b27369cfb634aede553e8e38191f","1","9","326929","https://p.scdn.co/mp3-preview/e86e18af56cce7d6ffe4ec58e2b5b5a471a169f3?cid=9950ac751e34487dbbe027c4fd7f8e99","false","2","NLUW21500253","spotify:user:ibdqzuvhscey81nwyfhajz3v7","2023-01-18T18:18:03Z"
"spotify:track:4KpvjMy8z6z8ihxY5JKuZc","Find My Own Way - Original Mix","spotify:artist:7taXPPoSqkAxuFE603JD2k, spotify:artist:3pFPBG84k5bQVbL9apf2PD","Bobby Rock, Grace Grundy","spotify:album:7sE64HV5PesC7elMHmUBHa","Protocol presents: ADE 2015 by Volt & State","spotify:artist:1qHD7NdzvjBXQwb7rms3lD","Volt & State","2015-10-05","https://i.scdn.co/image/ab67616d0000b27369cfb634aede553e8e38191f","1","10","347001","https://p.scdn.co/mp3-preview/7e935c57cc0295c14e876fb5f704a684247cb6eb?cid=9950ac751e34487dbbe027c4fd7f8e99","false","2","NLUW21500278","spotify:user:ibdqzuvhscey81nwyfhajz3v7","2023-01-18T18:18:17Z"
"spotify:track:5EbITZyzQ51x4y5vgTCoGw","Let Me Feel - Radio Edit","spotify:artist:5ChF3i92IPZHduM7jN3dpg, spotify:artist:0daugAjUgbJSqdlyYNwIbT, spotify:artist:5Mrj5E7pfTnz99Yyef5mW8","Nicky Romero, Vicetone, When We Are Wild","spotify:album:0zdMvVziBUVHQn2fyBbnWV","Let Me Feel (Radio Edit)","spotify:artist:5ChF3i92IPZHduM7jN3dpg, spotify:artist:0daugAjUgbJSqdlyYNwIbT","Nicky Romero, Vicetone","2015-02-09","https://i.scdn.co/image/ab67616d0000b273e345616e0bea78fa0b4ce773","1","1","202541","https://p.scdn.co/mp3-preview/58529fd046eb882c237c557168d0517147ca60e1?cid=9950ac751e34487dbbe027c4fd7f8e99","false","36","NLUW21400165","spotify:user:ibdqzuvhscey81nwyfhajz3v7","2023-01-18T18:19:12Z"
"spotify:track:25En18cB3U7LdHGzwXj9jk","Get Back - Original Mix","spotify:artist:1MZSqWo83IkVnYB1DSE9XB, spotify:artist:6F4KRaTnwZ3ttUYpdo45C8","Paris & Simo, Rico & Miella","spotify:album:3HIr32mBtzQFE6EKRzl6hO","Get Back","spotify:artist:1MZSqWo83IkVnYB1DSE9XB, spotify:artist:6F4KRaTnwZ3ttUYpdo45C8","Paris & Simo, Rico & Miella","2015-04-20","https://i.scdn.co/image/ab67616d0000b273c582e677ee9644dee566a861","1","1","308958","https://p.scdn.co/mp3-preview/a68db9950a734ebdb62bf9a43aa3107eae1c2185?cid=9950ac751e34487dbbe027c4fd7f8e99","false","8","NLUW21500190","spotify:user:ibdqzuvhscey81nwyfhajz3v7","2023-01-18T18:19:41Z"
"spotify:track:2AkirekVv1kdUkp6N6VYes","Demons - Original Mix","spotify:artist:5lXf3xjcLx6BmYMY6TvczJ, spotify:artist:47ZUxjf3QYsEhfwAT7vp27","Paris Blohm, Charles","spotify:album:6JrVrkxE9ijb0afWi6SJsi","Demons","spotify:artist:5lXf3xjcLx6BmYMY6TvczJ","Paris Blohm","2015-01-12","https://i.scdn.co/image/ab67616d0000b273a9f72472d31fa82f20526990","1","1","260634","https://p.scdn.co/mp3-preview/0f3e3216f43c75d73a7be74a1e9b43621da9095a?cid=9950ac751e34487dbbe027c4fd7f8e99","false","18","NLUW21500192","spotify:user:ibdqzuvhscey81nwyfhajz3v7","2023-01-18T18:20:07Z"
"spotify:track:0GYvUa9kz7wNTs3qqfK3Gb","Lighthouse - Radio Edit","spotify:artist:5ChF3i92IPZHduM7jN3dpg","Nicky Romero","spotify:album:0NspntfDBwf6LLgeCTXX6J","Lighthouse","spotify:artist:5ChF3i92IPZHduM7jN3dpg","Nicky Romero","2015-06-29","https://i.scdn.co/image/ab67616d0000b273258382d0331d713e01dffac5","1","1","186562","https://p.scdn.co/mp3-preview/208c27ee3b457aa5583a4661d8d535f4e2f5551b?cid=9950ac751e34487dbbe027c4fd7f8e99","false","35","NLUW21500196","spotify:user:ibdqzuvhscey81nwyfhajz3v7","2023-01-18T18:21:24Z"
"spotify:track:0qwPUvS4Eofc19Uw2IDodG","Harmony","spotify:artist:5ChF3i92IPZHduM7jN3dpg, spotify:artist:0DRf6JJDQnRnz0Yp209CmH","Nicky Romero, Stadiumx","spotify:album:4SnEzerWvY2jHhNiMu0iKE","Harmony","spotify:artist:5ChF3i92IPZHduM7jN3dpg, spotify:artist:0DRf6JJDQnRnz0Yp209CmH","Nicky Romero, Stadiumx","2015-12-21","https://i.scdn.co/image/ab67616d0000b2734e01a58b513f7d00fec0ca67","1","1","213750","https://p.scdn.co/mp3-preview/2db8f2d86387657fee3efbb40b87eb956c1024cc?cid=9950ac751e34487dbbe027c4fd7f8e99","false","31","NLUW21500329","spotify:user:ibdqzuvhscey81nwyfhajz3v7","2023-01-18T18:21:50Z"
"spotify:track:21uYiCDW406VwRB2KZoDYI","Lift - Original Mix","spotify:artist:39PhMWg1aAuuZcph0OXGu6, spotify:artist:0WqF9OLNPe1SRhgIyu823i","Deniz Koyu, Don Palm","spotify:album:7CdXE12WKppQfrWTwVm9rw","Lift","spotify:artist:39PhMWg1aAuuZcph0OXGu6, spotify:artist:0WqF9OLNPe1SRhgIyu823i","Deniz Koyu, Don Palm","2015-03-09","https://i.scdn.co/image/ab67616d0000b27310c95167063bfc57b2ae3ecf","1","1","318398","https://p.scdn.co/mp3-preview/16909385f84fa666fbd18ec943dd09d63e0a853f?cid=9950ac751e34487dbbe027c4fd7f8e99","false","20","NLUW21400186","spotify:user:ibdqzuvhscey81nwyfhajz3v7","2023-01-18T18:22:37Z"
"spotify:track:3IKQx5AythcXEgF9aoVOUU","Warriors - Syn Cole Remix","spotify:artist:5ChF3i92IPZHduM7jN3dpg, spotify:artist:1qHD7NdzvjBXQwb7rms3lD, spotify:artist:6i1GVNJCyyssRwXmnaeEFH","Nicky Romero, Volt & State, Syn Cole","spotify:album:7jIoCvUxhUfe1SzIM3uMfo","Warriors (Remixes)","spotify:artist:5ChF3i92IPZHduM7jN3dpg, spotify:artist:1qHD7NdzvjBXQwb7rms3lD","Nicky Romero, Volt & State","2015-06-11","https://i.scdn.co/image/ab67616d0000b273890efb8712487196f9574d23","1","1","266666","https://p.scdn.co/mp3-preview/0145b2f6dceedcda30d7e799cb5251b45d905600?cid=9950ac751e34487dbbe027c4fd7f8e99","false","8","NLUW21500236","spotify:user:ibdqzuvhscey81nwyfhajz3v7","2023-01-18T18:22:09Z"
"spotify:track:3XH5teVH33WeqDP8awonLt","Want It Back (Origami) - Extended Mix","spotify:artist:4GWqzTTt2uA9Ms6HfUhWUn","Florian Picasso","spotify:album:3ZbIeRzTlYz6BhwzM1tlxQ","Want It Back (Origami)","spotify:artist:4GWqzTTt2uA9Ms6HfUhWUn","Florian Picasso","2015-11-16","https://i.scdn.co/image/ab67616d0000b273507af111c00e753df2ad0227","1","2","217500","https://p.scdn.co/mp3-preview/86a215dddd3953aff0f9c311446abcf895a9346b?cid=9950ac751e34487dbbe027c4fd7f8e99","false","5","NLUW21500302","spotify:user:ibdqzuvhscey81nwyfhajz3v7","2023-01-18T18:23:20Z"
"spotify:track:5wDLomhiZQll0c1qNLqzNV","Never Alone - Original Mix","spotify:artist:1XLjkBxFokuDTlHt0mQkRe, spotify:artist:39PhMWg1aAuuZcph0OXGu6","Thomas Gold, Deniz Koyu","spotify:album:0X6afcc8D5WXG0Imxg1Tqz","Never Alone","spotify:artist:1XLjkBxFokuDTlHt0mQkRe, spotify:artist:39PhMWg1aAuuZcph0OXGu6","Thomas Gold, Deniz Koyu","2015-10-12","https://i.scdn.co/image/ab67616d0000b273bf8c2bdb1398e8c97431a2d1","1","2","303867","https://p.scdn.co/mp3-preview/efc102d3d1ace9926eecb1cf14044a62978ea926?cid=9950ac751e34487dbbe027c4fd7f8e99","false","4","NLUW21500266","spotify:user:ibdqzuvhscey81nwyfhajz3v7","2023-01-18T18:24:31Z"
"spotify:track:0GXKy2HpHfI1HSozcUhMXn","Heartbeat - Nicky Romero Edit","spotify:artist:5zfDGV6C2Xwns1g773GF3N, spotify:artist:5m0rLjqjyAcgK5ebdKpM4u, spotify:artist:5ChF3i92IPZHduM7jN3dpg, spotify:artist:0aNGHh77hSJEY13rbKo8ue","Magnificence, Alec Maire, Nicky Romero, Brooke Forman","spotify:album:30pFiLiQ7DRzSOWAR1QDUv","Heartbeat (Nicky Romero Edit)","spotify:artist:5zfDGV6C2Xwns1g773GF3N, spotify:artist:5m0rLjqjyAcgK5ebdKpM4u, spotify:artist:5ChF3i92IPZHduM7jN3dpg","Magnificence, Alec Maire, Nicky Romero","2015-05-04","https://i.scdn.co/image/ab67616d0000b2739e1b7c295a16cb0cd908059a","1","2","302000","https://p.scdn.co/mp3-preview/709f5a6ccbca3f5f14447a87fa8347a8bc9702c3?cid=9950ac751e34487dbbe027c4fd7f8e99","false","29","NLUW21500233","spotify:user:ibdqzuvhscey81nwyfhajz3v7","2023-01-18T18:25:06Z"
"spotify:track:1UZqi1rr8FrE4aHsqSqBXp","Aviators (Lift) - Original Mix","spotify:artist:39PhMWg1aAuuZcph0OXGu6, spotify:artist:0WqF9OLNPe1SRhgIyu823i","Deniz Koyu, Don Palm","spotify:album:4XXE3gNzk2g1FJQJkN8ME2","Protocol presents Miami 2016 by Florian Picasso & Blinders","spotify:artist:4GWqzTTt2uA9Ms6HfUhWUn, spotify:artist:6tbKiWPg824dXVl50tI4H6","Florian Picasso, Blinders","2016-03-07","https://i.scdn.co/image/ab67616d0000b273b80e2a7d3c5122936d744657","1","13","351210","https://p.scdn.co/mp3-preview/afc91f061e124f34a883821e6eef125a7f131eae?cid=9950ac751e34487dbbe027c4fd7f8e99","false","15","NLUW21600283","spotify:user:ibdqzuvhscey81nwyfhajz3v7","2023-01-18T18:23:55Z"
"spotify:track:2gia22Fji8ZAIQ5wQlDYoK","Want It Back (Origami) - Miami Edit","spotify:artist:4GWqzTTt2uA9Ms6HfUhWUn","Florian Picasso","spotify:album:4XXE3gNzk2g1FJQJkN8ME2","Protocol presents Miami 2016 by Florian Picasso & Blinders","spotify:artist:4GWqzTTt2uA9Ms6HfUhWUn, spotify:artist:6tbKiWPg824dXVl50tI4H6","Florian Picasso, Blinders","2016-03-07","https://i.scdn.co/image/ab67616d0000b273b80e2a7d3c5122936d744657","1","14","239676","https://p.scdn.co/mp3-preview/b8c024f58e46f5a2c4741faff02ab4630c4aa717?cid=9950ac751e34487dbbe027c4fd7f8e99","false","7","NLUW21600284","spotify:user:ibdqzuvhscey81nwyfhajz3v7","2023-01-18T18:23:35Z"
"spotify:track:7pqgMEKsDMOHUdFQ7n0N9K","Dangerous (feat. Sam Martin)","spotify:artist:1Cs0zKBU1kc0i8ypK3B9ai, spotify:artist:66AE89GQTx88zLYhXn1wFK","David Guetta, Sam Martin","spotify:album:77UW17CZFyCaRLHdHeofZu","Listen","spotify:artist:1Cs0zKBU1kc0i8ypK3B9ai","David Guetta","2014-11-21","https://i.scdn.co/image/ab67616d0000b2733862d62a50dc6b928651bdeb","1","1","203641","https://p.scdn.co/mp3-preview/ccca4ab9f2382d3626c845d4334d34cbcb51bed2?cid=9950ac751e34487dbbe027c4fd7f8e99","false","68","GB28K1400036","spotify:user:ibdqzuvhscey81nwyfhajz3v7","2022-07-20T07:37:40Z"
"spotify:track:6eIacmhkE82vZlMDnGS7aP","Bad (feat. Vassy) - Radio Edit","spotify:artist:1Cs0zKBU1kc0i8ypK3B9ai, spotify:artist:3gk0OYeLFWYupGFRHqLSR7, spotify:artist:7HqEmV7FeCi16bQyHMpIrF","David Guetta, Showtek, VASSY","spotify:album:77UW17CZFyCaRLHdHeofZu","Listen","spotify:artist:1Cs0zKBU1kc0i8ypK3B9ai","David Guetta","2014-11-21","https://i.scdn.co/image/ab67616d0000b2733862d62a50dc6b928651bdeb","1","15","170625","https://p.scdn.co/mp3-preview/febdb0afbc31ab7afe87a58c42f4bde6d5f7f044?cid=9950ac751e34487dbbe027c4fd7f8e99","false","69","GB28K1400007","spotify:user:ibdqzuvhscey81nwyfhajz3v7","2022-07-20T07:38:00Z"
"spotify:track:1FkbBFzuPskyOvIoipKug5","Dangerous (feat. Sam Martin) - Robin Schulz Remix; Radio Edit","spotify:artist:1Cs0zKBU1kc0i8ypK3B9ai, spotify:artist:66AE89GQTx88zLYhXn1wFK, spotify:artist:3t5xRXzsuZmMDkQzgOX35S","David Guetta, Sam Martin, Robin Schulz","spotify:album:77UW17CZFyCaRLHdHeofZu","Listen","spotify:artist:1Cs0zKBU1kc0i8ypK3B9ai","David Guetta","2014-11-21","https://i.scdn.co/image/ab67616d0000b2733862d62a50dc6b928651bdeb","1","18","200869","https://p.scdn.co/mp3-preview/449b16256640f26669d8aa621f047c482d531f65?cid=9950ac751e34487dbbe027c4fd7f8e99","false","45","GB28K1400041","spotify:user:ibdqzuvhscey81nwyfhajz3v7","2022-07-20T07:38:17Z"
"spotify:track:0KJZEPy2VHYJuuEEiGaXEs","Giants (feat. Iselin Solheim) - Dankann Remix","spotify:artist:5NgQo5enpKJsf6ohQedD6b, spotify:artist:085150oNbRESuCLalpVfkm, spotify:artist:61DLKOR3hcEvTfSWTUKu1h, spotify:artist:2NEH0kiGTt9DVyve0DiOv8","Lotus, Montis, Iselin Solheim, Dankann","spotify:album:2zCAXs9YSxwZ8kyyyJO50B","Giants (feat. Iselin Solheim) [Remixes]","spotify:artist:5NgQo5enpKJsf6ohQedD6b, spotify:artist:085150oNbRESuCLalpVfkm","Lotus, Montis","2018-01-05","https://i.scdn.co/image/ab67616d0000b27368a4d4002e879cccb99d436c","1","1","219375","https://p.scdn.co/mp3-preview/6623d6a096b4fa0b0f1deffa24f289b241d7fc7d?cid=9950ac751e34487dbbe027c4fd7f8e99","false","34","DK4YA1705202","spotify:user:ibdqzuvhscey81nwyfhajz3v7","2021-12-23T08:33:06Z"
"spotify:track:4lcd6jAcvqkVEghA73YbiQ","Destiny","spotify:artist:40HDiLfKm0tXk2FxlJx6aO, spotify:artist:1rpHb27OjM9LHmYm2zjnk5, spotify:artist:1feoGrmmD8QmNqtK2Gdwy8, spotify:artist:2Ndq6RparrhEoceel7LC4Z, spotify:artist:7kANMNctYR16urrVo7GTSR","Jim Yosef, Electro-Light, Tobu, Anna Yvette, Deaf Kev","spotify:album:4FAPFYTUoFmFHY1VOcCiZs","Destiny","spotify:artist:40HDiLfKm0tXk2FxlJx6aO, spotify:artist:1rpHb27OjM9LHmYm2zjnk5, spotify:artist:1feoGrmmD8QmNqtK2Gdwy8","Jim Yosef, Electro-Light, Tobu","2021-08-17","https://i.scdn.co/image/ab67616d0000b273ba0b2b83951367cf99b476c2","1","1","221250","","false","0","GB2LD2110222","spotify:user:ibdqzuvhscey81nwyfhajz3v7","2021-12-18T19:12:35Z"
"spotify:track:0Gu3elVur7bAUN9OMtt2b8","Giants (feat. Iselin Solheim)","spotify:artist:5NgQo5enpKJsf6ohQedD6b, spotify:artist:085150oNbRESuCLalpVfkm, spotify:artist:61DLKOR3hcEvTfSWTUKu1h","Lotus, Montis, Iselin Solheim","spotify:album:7DguI6wr0oiryl8MIljjyR","Giants (feat. Iselin Solheim)","spotify:artist:5NgQo5enpKJsf6ohQedD6b, spotify:artist:085150oNbRESuCLalpVfkm","Lotus, Montis","2017-05-19","https://i.scdn.co/image/ab67616d0000b273ff13af3cf22c46be214498f2","1","1","196501","https://p.scdn.co/mp3-preview/2acd284ca288a57bdfd5215b1834ed60989dd765?cid=9950ac751e34487dbbe027c4fd7f8e99","false","20","DK4YA1705201","spotify:user:ibdqzuvhscey81nwyfhajz3v7","2022-04-18T08:36:08Z"
"spotify:track:6V5K0LzEY4Jc20hcnZ2JZJ","Dear Boy","spotify:artist:1vCWHaC5f2uS3yhpwWbIA6","Avicii","spotify:album:50oWFJ0mDEeMa74ElsdAp3","True (Bonus Edition)","spotify:artist:1vCWHaC5f2uS3yhpwWbIA6","Avicii","2013-09-16","https://i.scdn.co/image/ab67616d0000b273c3760c26cc5374ddbd9fd530","1","5","479333","","false","42","CH3131340086","spotify:user:ibdqzuvhscey81nwyfhajz3v7","2022-01-26T14:36:54Z"
"spotify:track:0XN65qybmkxjZt3gp90sWT","All You Need Is Love","spotify:artist:1vCWHaC5f2uS3yhpwWbIA6","Avicii","spotify:album:50oWFJ0mDEeMa74ElsdAp3","True (Bonus Edition)","spotify:artist:1vCWHaC5f2uS3yhpwWbIA6","Avicii","2013-09-16","https://i.scdn.co/image/ab67616d0000b273c3760c26cc5374ddbd9fd530","1","13","381120","","false","46","CH3131340105","spotify:user:ibdqzuvhscey81nwyfhajz3v7","2021-12-18T19:13:15Z"
"spotify:track:57fLRB67Bi4YhdOeR9UHVj","Always On The Run","spotify:artist:1vCWHaC5f2uS3yhpwWbIA6","Avicii","spotify:album:50oWFJ0mDEeMa74ElsdAp3","True (Bonus Edition)","spotify:artist:1vCWHaC5f2uS3yhpwWbIA6","Avicii","2013-09-16","https://i.scdn.co/image/ab67616d0000b273c3760c26cc5374ddbd9fd530","1","12","295386","","false","38","CH3131340108","spotify:user:ibdqzuvhscey81nwyfhajz3v7","2021-12-18T19:12:56Z"
"spotify:track:260jSxvzkFt71ksvkcy2ke","Broken Arrows","spotify:artist:1vCWHaC5f2uS3yhpwWbIA6","Avicii","spotify:album:7dqftJ3kas6D0VAdmt3k3V","Stories","spotify:artist:1vCWHaC5f2uS3yhpwWbIA6","Avicii","2015-10-02","https://i.scdn.co/image/ab67616d0000b2735393c5d3cac806092a9bc468","1","6","232760","","false","62","CHB701400188","spotify:user:ibdqzuvhscey81nwyfhajz3v7","2022-01-26T14:35:27Z"
"spotify:track:4zJ3S7wjKwPvLbWmeKhceh","True Believer","spotify:artist:1vCWHaC5f2uS3yhpwWbIA6","Avicii","spotify:album:7dqftJ3kas6D0VAdmt3k3V","Stories","spotify:artist:1vCWHaC5f2uS3yhpwWbIA6","Avicii","2015-10-02","https://i.scdn.co/image/ab67616d0000b2735393c5d3cac806092a9bc468","1","7","288146","","false","47","CHB701400120","spotify:user:ibdqzuvhscey81nwyfhajz3v7","2022-01-26T14:35:52Z"
"spotify:track:3uEu7hcvgrSOrgnMxzqugh","Pure Grinding","spotify:artist:1vCWHaC5f2uS3yhpwWbIA6","Avicii","spotify:album:7dqftJ3kas6D0VAdmt3k3V","Stories","spotify:artist:1vCWHaC5f2uS3yhpwWbIA6","Avicii","2015-10-02","https://i.scdn.co/image/ab67616d0000b2735393c5d3cac806092a9bc468","1","9","171960","","false","56","CHB701400225","spotify:user:ibdqzuvhscey81nwyfhajz3v7","2022-01-26T14:36:21Z"
"spotify:track:3Q95VQL8yWRO8mkF6VoDzi","Sunset Jesus","spotify:artist:1vCWHaC5f2uS3yhpwWbIA6","Avicii","spotify:album:7dqftJ3kas6D0VAdmt3k3V","Stories","spotify:artist:1vCWHaC5f2uS3yhpwWbIA6","Avicii","2015-10-02","https://i.scdn.co/image/ab67616d0000b2735393c5d3cac806092a9bc468","1","10","264733","","false","54","CHB701400226","spotify:user:ibdqzuvhscey81nwyfhajz3v7","2022-01-26T14:36:32Z"
"spotify:track:1rDETmcizen79JghAEm1Se","Gonna Love Ya","spotify:artist:1vCWHaC5f2uS3yhpwWbIA6","Avicii","spotify:album:7dqftJ3kas6D0VAdmt3k3V","Stories","spotify:artist:1vCWHaC5f2uS3yhpwWbIA6","Avicii","2015-10-02","https://i.scdn.co/image/ab67616d0000b2735393c5d3cac806092a9bc468","1","14","215813","","false","57","CHB701400194","spotify:user:ibdqzuvhscey81nwyfhajz3v7","2022-01-26T14:36:42Z"
"spotify:track:03ifu3wMqIbQUoh6NGE9j3","Hope There's Someone","spotify:artist:1vCWHaC5f2uS3yhpwWbIA6","Avicii","spotify:album:50oWFJ0mDEeMa74ElsdAp3","True (Bonus Edition)","spotify:artist:1vCWHaC5f2uS3yhpwWbIA6","Avicii","2013-09-16","https://i.scdn.co/image/ab67616d0000b273c3760c26cc5374ddbd9fd530","1","9","381280","","false","32","CH3131340090","spotify:user:ibdqzuvhscey81nwyfhajz3v7","2022-01-26T14:37:17Z"
"spotify:track:6kXNnS7JJz0nAv4XEwEmQJ","Heart Upon My Sleeve (feat. Imagine Dragons)","spotify:artist:1vCWHaC5f2uS3yhpwWbIA6, spotify:artist:53XhwfbYqKCa1cC15pYq2q","Avicii, Imagine Dragons","spotify:album:6Ad1E9vl75ZB3Ir87zwXIJ","TIM","spotify:artist:1vCWHaC5f2uS3yhpwWbIA6","Avicii","2019-06-06","https://i.scdn.co/image/ab67616d0000b273660ee24281a547103f466ff5","1","10","254165","","false","62","SE5R71900210","spotify:user:ibdqzuvhscey81nwyfhajz3v7","2022-01-26T14:37:40Z"
"spotify:track:1Bh8jtOXIBIRUUghbrwUTX","Transmission","spotify:artist:2qxJFvFYMEDqd7ui6kSAcq, spotify:artist:4xRYI6VqpkE3UwrDrAZL8L, spotify:artist:3NPpFNZtSTHheNBaWC82rB","Zedd, Logic, X Ambassadors","spotify:album:4jKdXIJckKh7la6xHuKwRT","True Colors","spotify:artist:2qxJFvFYMEDqd7ui6kSAcq","Zedd","2015-05-18","https://i.scdn.co/image/ab67616d0000b273d040bc5b46915b49a64d7b1d","1","4","242213","","false","44","USUM71505091","spotify:user:ibdqzuvhscey81nwyfhajz3v7","2022-05-13T09:58:51Z"
"spotify:track:0qlAureWHln3vDCsqnkyRE","Done With Love","spotify:artist:2qxJFvFYMEDqd7ui6kSAcq","Zedd","spotify:album:4jKdXIJckKh7la6xHuKwRT","True Colors","spotify:artist:2qxJFvFYMEDqd7ui6kSAcq","Zedd","2015-05-18","https://i.scdn.co/image/ab67616d0000b273d040bc5b46915b49a64d7b1d","1","5","296280","","false","48","USUM71505092","spotify:user:ibdqzuvhscey81nwyfhajz3v7","2022-05-13T09:58:59Z"
"spotify:track:2KTsF6TFius01SCYmnIkJG","True Colors","spotify:artist:2qxJFvFYMEDqd7ui6kSAcq","Zedd","spotify:album:4jKdXIJckKh7la6xHuKwRT","True Colors","spotify:artist:2qxJFvFYMEDqd7ui6kSAcq","Zedd","2015-05-18","https://i.scdn.co/image/ab67616d0000b273d040bc5b46915b49a64d7b1d","1","6","228146","","false","39","USUM71505093","spotify:user:ibdqzuvhscey81nwyfhajz3v7","2022-05-13T09:59:08Z"
"spotify:track:62hWYjPL57rbUd5rhvI3Of","Papercut","spotify:artist:2qxJFvFYMEDqd7ui6kSAcq, spotify:artist:3WGpXCj9YhhfX11TToZcXP","Zedd, Troye Sivan","spotify:album:4jKdXIJckKh7la6xHuKwRT","True Colors","spotify:artist:2qxJFvFYMEDqd7ui6kSAcq","Zedd","2015-05-18","https://i.scdn.co/image/ab67616d0000b273d040bc5b46915b49a64d7b1d","1","8","443293","","false","49","USUM71505095","spotify:user:ibdqzuvhscey81nwyfhajz3v7","2022-05-13T09:59:17Z"
"spotify:track:3ID8CH6UCMCIhcGg4Yfy4d","Illusion","spotify:artist:2qxJFvFYMEDqd7ui6kSAcq, spotify:artist:1PbBg2aYjWLKRk84zJK15x","Zedd, Echosmith","spotify:album:4jKdXIJckKh7la6xHuKwRT","True Colors","spotify:artist:2qxJFvFYMEDqd7ui6kSAcq","Zedd","2015-05-18","https://i.scdn.co/image/ab67616d0000b273d040bc5b46915b49a64d7b1d","1","11","385560","","false","40","USUM71505098","spotify:user:ibdqzuvhscey81nwyfhajz3v7","2022-05-13T09:59:28Z"
"spotify:track:0dxgDoSi7k8yjCZ9XnSgrZ","Don't Let Me Fall","spotify:artist:3Qq4056RMPoY5ehQrpNeVi, spotify:artist:52Kl23wXoISQYJ5lrTbCHr, spotify:artist:2RDCNnUf4yEXxqFYFr9xre","Urbanstep, Chomstars, Liv Young","spotify:album:0d8GpTlO6X1bRotIzK6L8g","Don't Let Me Fall","spotify:artist:3Qq4056RMPoY5ehQrpNeVi, spotify:artist:52Kl23wXoISQYJ5lrTbCHr, spotify:artist:2RDCNnUf4yEXxqFYFr9xre","Urbanstep, Chomstars, Liv Young","2019-09-05","https://i.scdn.co/image/ab67616d0000b273e06c43d89a2bc7001362d8ac","1","1","339370","https://p.scdn.co/mp3-preview/ed35cb9bd6b3f8ff3d071b5fd031d0ee14de7d60?cid=9950ac751e34487dbbe027c4fd7f8e99","false","9","GBKQU1989290","spotify:user:ibdqzuvhscey81nwyfhajz3v7","2021-12-18T19:13:35Z"
"spotify:track:2bBpASy4X678fjVk5LQr9S","Intelligence - Original Mix","spotify:artist:3Qq4056RMPoY5ehQrpNeVi","Urbanstep","spotify:album:6QG4MspyaU5HvuFEBSceHZ","Welcome To Wonderland","spotify:artist:3Qq4056RMPoY5ehQrpNeVi","Urbanstep","2013-01-11","https://i.scdn.co/image/ab67616d0000b273bad8fa72ee18faa347d46942","1","4","269156","https://p.scdn.co/mp3-preview/7ca0a3c0538c67a138ac42c923e23f34620d8d82?cid=9950ac751e34487dbbe027c4fd7f8e99","false","5","GBKQU1237456","spotify:user:ibdqzuvhscey81nwyfhajz3v7","2021-12-18T19:14:05Z"
"spotify:track:2o8hO9Rh49EODjStEO7zOb","Intelligent - Original Mix","spotify:artist:3Qq4056RMPoY5ehQrpNeVi","Urbanstep","spotify:album:1jz7KvGB1VKVPXnfVmI413","Reborn","spotify:artist:3Qq4056RMPoY5ehQrpNeVi","Urbanstep","2016-09-15","https://i.scdn.co/image/ab67616d0000b2738db1996aad7db1cd2473e1c7","1","3","198870","https://p.scdn.co/mp3-preview/690d044a3183262ee7ee83855b65b15086b7f58d?cid=9950ac751e34487dbbe027c4fd7f8e99","false","10","GBKQU1698785","spotify:user:ibdqzuvhscey81nwyfhajz3v7","2021-12-18T19:13:55Z"
"spotify:track:7umbfd3PhtH4NsGpdQimYP","Chasing Reality (feat. Emily Chaos) - Urbanstep Remix","spotify:artist:3Qq4056RMPoY5ehQrpNeVi, spotify:artist:6S8LixFoSswW1paCxcNbcU, spotify:artist:7ufevsZw9moCkd1idly2mb","Urbanstep, Crazyx, Emily Chaos","spotify:album:6Mkpqd9zXoQt9ADoNNEWHx","Chasing Reality","spotify:artist:6S8LixFoSswW1paCxcNbcU","Crazyx","2015-04-27","https://i.scdn.co/image/ab67616d0000b2730cd2abe564820ee4c2fb4289","1","2","288004","https://p.scdn.co/mp3-preview/fc1c654c7d6b271ffcdc9c589a7a8bba171c1f26?cid=9950ac751e34487dbbe027c4fd7f8e99","false","12","USLZJ1519794","spotify:user:ibdqzuvhscey81nwyfhajz3v7","2021-12-18T19:15:43Z"
"spotify:track:3oXwSs7EsHjPWVgT2mkGE9","Run","spotify:artist:6IEOWhGVcAXTiZVjVZaDAJ","Secoya","spotify:album:6sqTAXxPXUXJGggojIBNZ8","UKF Dubstep 2014","spotify:artist:0LyfQWJT6nXafLPZqxe9Of","Various Artists","2014-12-14","https://i.scdn.co/image/ab67616d0000b2738a3ba69f92e8a66933765fd4","1","18","310727","","false","0","GBWUL1458616","spotify:user:ibdqzuvhscey81nwyfhajz3v7","2021-12-18T19:16:23Z"
"spotify:track:7icDTUOlIneXwdnlJk0jtb","Sirens - Original Mix","spotify:artist:3Qq4056RMPoY5ehQrpNeVi","Urbanstep","spotify:album:3gqyV0PD6NvVBwvm7gjt6K","Sirens","spotify:artist:3Qq4056RMPoY5ehQrpNeVi","Urbanstep","2016-10-12","https://i.scdn.co/image/ab67616d0000b2731a16d2e75a5808ad24c41d68","1","1","257156","https://p.scdn.co/mp3-preview/1328ababcd07e091ddf093345802c0ac77583f86?cid=9950ac751e34487dbbe027c4fd7f8e99","false","12","GBLV61609972","spotify:user:ibdqzuvhscey81nwyfhajz3v7","2021-12-18T19:19:01Z"
"spotify:track:25qZJUFHVUig2jXHq1tuua","Parallel - Original Mix","spotify:artist:3Qq4056RMPoY5ehQrpNeVi, spotify:artist:4i8u1FZVapjZBcCyyrAnU3","Urbanstep, Micah Martin","spotify:album:3orT5VsqzoUjmieKgmrxdw","Parallel","spotify:artist:3Qq4056RMPoY5ehQrpNeVi, spotify:artist:4i8u1FZVapjZBcCyyrAnU3","Urbanstep, Micah Martin","2016-01-25","https://i.scdn.co/image/ab67616d0000b273995a13ae3db7ffe9691a0561","1","1","228937","https://p.scdn.co/mp3-preview/51f9e091d9a14ab6b3456ef693663531b574e3fa?cid=9950ac751e34487dbbe027c4fd7f8e99","true","19","GBKQU1600060","spotify:user:ibdqzuvhscey81nwyfhajz3v7","2021-12-18T19:15:21Z"
"spotify:track:319RfD8K6f5ityF5CB50Dz","Hydrus","spotify:artist:52Kl23wXoISQYJ5lrTbCHr, spotify:artist:1vZeKSV5k8t4AWEH7h2kZt","Chomstars, Liv Young","spotify:album:1u4lQx6g19LE4Z6crcUGah","Stargazing","spotify:artist:52Kl23wXoISQYJ5lrTbCHr","Chomstars","2014-06-23","https://i.scdn.co/image/ab67616d0000b273037850f83adcd7d25eea043b","1","1","468923","https://p.scdn.co/mp3-preview/9293ca43e50c1474f28924b81de8c4e94c607080?cid=9950ac751e34487dbbe027c4fd7f8e99","false","14","CA5KR1521854","spotify:user:ibdqzuvhscey81nwyfhajz3v7","2022-04-07T10:47:01Z"
"spotify:track:0dsofSRAidhHSkA8ROohCY","Road So Far","spotify:artist:3Qq4056RMPoY5ehQrpNeVi, spotify:artist:37u74IADzNxQhvo0BAUUZZ","Urbanstep, Tytewriter","spotify:album:5NC21896HQHeTSekPMkSDo","Road So Far","spotify:artist:3Qq4056RMPoY5ehQrpNeVi","Urbanstep","2019-02-15","https://i.scdn.co/image/ab67616d0000b2733506c5e3ff2bb778bd64cf74","1","3","205254","https://p.scdn.co/mp3-preview/4c1b8c93e352de19a1bc387cba0939a66a91f392?cid=9950ac751e34487dbbe027c4fd7f8e99","false","8","GBKQU1914057","spotify:user:ibdqzuvhscey81nwyfhajz3v7","2021-12-18T19:16:05Z"
"spotify:track:1YQKR9HxXvu045KE7CzI5H","Elements","spotify:artist:5XkWlDmNLDZA8MiOaRm6HQ","Fractal","spotify:album:0u6r5Qg3pXFHvCu6sJyT61","Elements","spotify:artist:5XkWlDmNLDZA8MiOaRm6HQ","Fractal","2013-11-15","https://i.scdn.co/image/ab67616d0000b273069d1e0c4f4509ed096d3f75","1","1","377272","https://p.scdn.co/mp3-preview/7f0eca0110c74899251536182ce201c9527eeaee?cid=9950ac751e34487dbbe027c4fd7f8e99","false","24","CA6D21001047","spotify:user:ibdqzuvhscey81nwyfhajz3v7","2022-01-09T06:08:32Z"
"spotify:track:6rLMiGcDFvNhNNug8EI4Uq","Singularity - Original Mix","spotify:artist:40WIa01eubnEVkxUHeDZyF","Au5","spotify:album:5rSdvuJARQfoHLyQoWHovx","Singularity EP","spotify:artist:40WIa01eubnEVkxUHeDZyF","Au5","2013-03-04","https://i.scdn.co/image/ab67616d0000b273ebcb753166e233e5da34e2c0","1","1","382071","https://p.scdn.co/mp3-preview/67c47bafdc139da83b4fc3485e4b2bcad0970e33?cid=9950ac751e34487dbbe027c4fd7f8e99","false","23","USLZJ1658952","spotify:user:ibdqzuvhscey81nwyfhajz3v7","2022-01-21T05:04:54Z"
"spotify:track:7Bka7BItYbiCQOSbJNx0ni","Cataclysm","spotify:artist:40WIa01eubnEVkxUHeDZyF, spotify:artist:6HraHl4uwIQFixUu3J49BK","Au5, Crystal Skies","spotify:album:1D23bcYRfcJoOKsGhjqeBZ","Cataclysm","spotify:artist:40WIa01eubnEVkxUHeDZyF, spotify:artist:6HraHl4uwIQFixUu3J49BK","Au5, Crystal Skies","2018-08-03","https://i.scdn.co/image/ab67616d0000b2734dddf45330d91cc9a81ad3e6","1","1","300000","https://p.scdn.co/mp3-preview/654259cea0b05aed203c0a4356afca9b5f625626?cid=9950ac751e34487dbbe027c4fd7f8e99","false","23","QZDA61827587","spotify:user:ibdqzuvhscey81nwyfhajz3v7","2022-01-21T05:05:51Z"
"spotify:track:1rQ18sYDwDeeR4YCXsUHF2","Any Longer (feat. Q'aila)","spotify:artist:40WIa01eubnEVkxUHeDZyF, spotify:artist:5NbLht1MNVM19gY3OIBDwK","Au5, Q'Aila","spotify:album:1msdS270ysVQ2JjfsXXq25","Any Longer / Hit Rewind (feat. Q'aila)","spotify:artist:40WIa01eubnEVkxUHeDZyF","Au5","2016-08-10","https://i.scdn.co/image/ab67616d0000b2735aab2486911fb0aab5dc108c","1","1","291310","https://p.scdn.co/mp3-preview/705e6c2492f6f506d12110c8c459ba12f60d7441?cid=9950ac751e34487dbbe027c4fd7f8e99","false","31","TCACQ1638110","spotify:user:ibdqzuvhscey81nwyfhajz3v7","2022-01-21T06:17:13Z"
"spotify:track:48zR9OtlPhOXvqEekDxLiy","The Zero Point","spotify:artist:40WIa01eubnEVkxUHeDZyF, spotify:artist:24O8Ftz6AqboC3Uawbiw4r","Au5, Holly Drummond","spotify:album:7EYdSSu2XtA8H9cObQoiVJ","The Zero Point","spotify:artist:40WIa01eubnEVkxUHeDZyF","Au5","2018-03-09","https://i.scdn.co/image/ab67616d0000b273189403a3af6bf86e81f98dc4","1","1","330895","https://p.scdn.co/mp3-preview/c1018a4091013dd562bbd172d0f36d839cf5224c?cid=9950ac751e34487dbbe027c4fd7f8e99","false","25","QZBRF1805556","spotify:user:ibdqzuvhscey81nwyfhajz3v7","2022-01-21T06:17:01Z"
"spotify:track:71Olqhrq3JNCgdLgyw0tGC","Freefall - Phantasm Remix","spotify:artist:40WIa01eubnEVkxUHeDZyF, spotify:artist:5BKXCIdVnAwBQKUoGNqfZj, spotify:artist:1LjErdW7s21XkDQuEY7r8h","Au5, Cristina Soto, Phantasm","spotify:album:69ciwMspea4xqJ0atVX1xU","Freefall Remixed","spotify:artist:40WIa01eubnEVkxUHeDZyF, spotify:artist:5BKXCIdVnAwBQKUoGNqfZj","Au5, Cristina Soto","2017-05-09","https://i.scdn.co/image/ab67616d0000b2739cda626da9c33f5d76977c4c","1","1","324857","https://p.scdn.co/mp3-preview/ec810a550f9ac21b658009015f844f7f09a4564e?cid=9950ac751e34487dbbe027c4fd7f8e99","false","14","USLZJ1752565","spotify:user:ibdqzuvhscey81nwyfhajz3v7","2022-01-21T06:17:45Z"
"spotify:track:5WnPPuttuxYw0jyFnQYpcp","Crossroad","spotify:artist:40WIa01eubnEVkxUHeDZyF, spotify:artist:1bZhxzq9mhYkPf0wdxGko9","Au5, Danyka Nadeau","spotify:album:3SolTBZF7nH89VBnoeGgWG","Crossroad","spotify:artist:40WIa01eubnEVkxUHeDZyF, spotify:artist:1bZhxzq9mhYkPf0wdxGko9","Au5, Danyka Nadeau","2014-11-26","https://i.scdn.co/image/ab67616d0000b273b71142f0030c65ef251b986a","1","1","417314","https://p.scdn.co/mp3-preview/9cbead7f8ed9ce47ae6cee51460b844b8d89f152?cid=9950ac751e34487dbbe027c4fd7f8e99","false","39","CA6D21400074","spotify:user:ibdqzuvhscey81nwyfhajz3v7","2021-12-18T19:22:47Z"
"spotify:track:4XZKffcQTRM333dSEaZ8P1","Running to the Sea - Seven Lions remix","spotify:artist:5nPOO9iTcrs9k6yFffPxjH, spotify:artist:54KCNI7URCrG6yjQK3Ukow, spotify:artist:6fcTRFpz0yH79qSKfof7lp","Röyksopp, Susanne Sundfør, Seven Lions","spotify:album:4jun4ez9srM6LS6pSxpK4E","Running to the Sea Remixes","spotify:artist:5nPOO9iTcrs9k6yFffPxjH","Röyksopp","2013-11-22","https://i.scdn.co/image/ab67616d0000b273cdac4f3a4b4a59222b305e42","1","7","343704","","false","0","GBW231300008","spotify:user:ibdqzuvhscey81nwyfhajz3v7","2022-04-14T15:13:07Z"
"spotify:track:7FCG2wIYG1XvGRUMACC2cD","Snowblind","spotify:artist:40WIa01eubnEVkxUHeDZyF, spotify:artist:7sLv4bED064cYa2XhF85og","Au5, Tasha Baxter","spotify:album:0WN6DDT0KiiTctSsKSFQDA","Snowblind","spotify:artist:40WIa01eubnEVkxUHeDZyF, spotify:artist:7sLv4bED064cYa2XhF85og","Au5, Tasha Baxter","2014-08-29","https://i.scdn.co/image/ab67616d0000b273ce41c509653d91375e021df3","1","1","347826","https://p.scdn.co/mp3-preview/34ce1adb5178d3cc584d7a36c9e2cfcf29a3b845?cid=9950ac751e34487dbbe027c4fd7f8e99","false","49","CA6D21400015","spotify:user:ibdqzuvhscey81nwyfhajz3v7","2021-12-18T19:17:23Z"
"spotify:track:1M4WM9HnZSTtjbdBMlOeJk","Cold Hearted","spotify:artist:6fcTRFpz0yH79qSKfof7lp, spotify:artist:3qnMl4DHT4gndzFAcG4FlM","Seven Lions, Kill The Noise","spotify:album:6mzfBUnwe3cNOqLl8fKqtZ","Cold Hearted","spotify:artist:6fcTRFpz0yH79qSKfof7lp, spotify:artist:3qnMl4DHT4gndzFAcG4FlM","Seven Lions, Kill The Noise","2017-10-25","https://i.scdn.co/image/ab67616d0000b27327842d47575283696e146948","1","1","272950","https://p.scdn.co/mp3-preview/9604423037bb937a4bd6a82ab437b9f9f0c946cb?cid=9950ac751e34487dbbe027c4fd7f8e99","false","39","CA6D21700256","spotify:user:ibdqzuvhscey81nwyfhajz3v7","2021-12-18T19:18:30Z"
"spotify:track:6HGio6Ll8mmI63jwqwi4AS","Breathe","spotify:artist:23ostNBoB9z6GMXLtHdg7y","Prismo","spotify:album:1lvYTbYqo5XSFOJZa9i0Ug","Breathe","spotify:artist:23ostNBoB9z6GMXLtHdg7y","Prismo","2018-06-01","https://i.scdn.co/image/ab67616d0000b2738d003f4c945956f69a2a387c","1","1","186866","https://p.scdn.co/mp3-preview/ea8888ba1c1f9f23952ad1a866619429915ce9fa?cid=9950ac751e34487dbbe027c4fd7f8e99","false","28","CYA111800156","spotify:user:ibdqzuvhscey81nwyfhajz3v7","2022-01-25T09:17:45Z"
"spotify:track:6jQPolTBq89z9AHrMrmYpS","Superhuman","spotify:artist:20DZAfCuP1TKZl5KcY7z3Q, spotify:artist:3nGB5CMH3IJzDBHjpGlvk6","SLANDER, Eric Leva","spotify:album:0Odff7jOaeYb1Ojflax3lt","Superhuman","spotify:artist:20DZAfCuP1TKZl5KcY7z3Q","SLANDER","2017-06-23","https://i.scdn.co/image/ab67616d0000b2737b1b5d5cb354fc65fc3da661","1","1","268611","https://p.scdn.co/mp3-preview/d795d5125912cb9426dfec8c1643b5b32d53348c?cid=9950ac751e34487dbbe027c4fd7f8e99","false","54","CA6D21700159","spotify:user:ibdqzuvhscey81nwyfhajz3v7","2022-01-25T09:17:11Z"
"spotify:track:1AcoISuZA2tq5uFOwRA7yu","You Don't Even Know Me","spotify:artist:20DZAfCuP1TKZl5KcY7z3Q, spotify:artist:0qPGd8tOMHlFZt8EA1uLFY","SLANDER, RIOT","spotify:album:6OWcBFdfI15aown78xchVh","You Don't Even Know Me","spotify:artist:20DZAfCuP1TKZl5KcY7z3Q, spotify:artist:0qPGd8tOMHlFZt8EA1uLFY","SLANDER, RIOT","2018-09-20","https://i.scdn.co/image/ab67616d0000b27371ad8f6067ccefa99e56c115","1","1","226000","https://p.scdn.co/mp3-preview/f1647fcb9f4b1ec57446994989faf59837cf3684?cid=9950ac751e34487dbbe027c4fd7f8e99","false","48","CA6D21800266","spotify:user:ibdqzuvhscey81nwyfhajz3v7","2021-12-18T19:18:57Z"
"spotify:track:5GIE4sOL5Dk9gLbowUtUpT","Without You","spotify:artist:20DZAfCuP1TKZl5KcY7z3Q, spotify:artist:72iCiKwu6nu6Qq9emIwzYv, spotify:artist:6d0ZjIp5L7Ygy2l02HskRX","SLANDER, Kayzo, Dylan Matthew","spotify:album:4hDWpf0Qzqve5fxouwIt0I","Without You","spotify:artist:20DZAfCuP1TKZl5KcY7z3Q, spotify:artist:72iCiKwu6nu6Qq9emIwzYv, spotify:artist:6d0ZjIp5L7Ygy2l02HskRX","SLANDER, Kayzo, Dylan Matthew","2017-09-29","https://i.scdn.co/image/ab67616d0000b2734050bfa4347be5a8d3a07248","1","1","225882","https://p.scdn.co/mp3-preview/fa4736bf60bad6669bd63abfd096b24c0a3ed38f?cid=9950ac751e34487dbbe027c4fd7f8e99","false","46","CA6D21700243","spotify:user:ibdqzuvhscey81nwyfhajz3v7","2022-01-25T09:17:01Z"
"spotify:track:4328XbWYtIcN546IoHyZjh","Nothing Hurts Like Goodbye (with Kiiara)","spotify:artist:20DZAfCuP1TKZl5KcY7z3Q, spotify:artist:4u5smJBskI6Adzv08PuiUP","SLANDER, Kiiara","spotify:album:6KMUVIuh2duM0QG6HS2jdb","Thrive","spotify:artist:20DZAfCuP1TKZl5KcY7z3Q","SLANDER","2022-09-22","https://i.scdn.co/image/ab67616d0000b27361459765143591a20c154b1a","1","2","202285","https://p.scdn.co/mp3-preview/58439ebd61b033b1e7180b6a87f6c16eb734b77d?cid=9950ac751e34487dbbe027c4fd7f8e99","false","49","QZS642291093","spotify:user:ibdqzuvhscey81nwyfhajz3v7","2022-10-15T16:59:59Z"
"spotify:track:39glqzRVRAy4vq3PqeTGb8","Love Is Gone","spotify:artist:20DZAfCuP1TKZl5KcY7z3Q, spotify:artist:6d0ZjIp5L7Ygy2l02HskRX","SLANDER, Dylan Matthew","spotify:album:1YB42DQZ7h7VX95BRiu1Hi","Love Is Gone","spotify:artist:20DZAfCuP1TKZl5KcY7z3Q, spotify:artist:6d0ZjIp5L7Ygy2l02HskRX","SLANDER, Dylan Matthew","2019-05-10","https://i.scdn.co/image/ab67616d0000b27329a582922631710b2cf10d64","1","1","256042","https://p.scdn.co/mp3-preview/b8964798ad9f124429cc4a0565a32bbf5f234bfc?cid=9950ac751e34487dbbe027c4fd7f8e99","false","66","CA5KR1928205","spotify:user:ibdqzuvhscey81nwyfhajz3v7","2021-12-18T19:19:10Z"
"spotify:track:1yuiZBk3QnvZWmttWEiaSg","Decoy World","spotify:artist:6cHi0QWaBxWN71YpvTR4Jr, spotify:artist:2InIVjILfVHmvET4a35JaF","INTERCOM, Park Avenue","spotify:album:7KMewfUsDHqKYhXFOhJ7wF","Decoy World","spotify:artist:6cHi0QWaBxWN71YpvTR4Jr","INTERCOM","2017-09-04","https://i.scdn.co/image/ab67616d0000b2731e40c04fa9107e075d266369","1","1","231125","https://p.scdn.co/mp3-preview/7207ae0e35cc07c2c203c56246eb83234b6d3bae?cid=9950ac751e34487dbbe027c4fd7f8e99","false","37","CA6D21700215","spotify:user:ibdqzuvhscey81nwyfhajz3v7","2021-12-18T19:19:13Z"
"spotify:track:7jR0ezj19qPMx5Ts9ge9I6","Walk On Water (with RØRY & Dylan Matthew)- Love Is Gone pt. 2","spotify:artist:20DZAfCuP1TKZl5KcY7z3Q, spotify:artist:1DxeVuzqAPt52cgjyGxwIj, spotify:artist:6d0ZjIp5L7Ygy2l02HskRX","SLANDER, RØRY, Dylan Matthew","spotify:album:6KMUVIuh2duM0QG6HS2jdb","Thrive","spotify:artist:20DZAfCuP1TKZl5KcY7z3Q","SLANDER","2022-09-22","https://i.scdn.co/image/ab67616d0000b27361459765143591a20c154b1a","1","7","383636","https://p.scdn.co/mp3-preview/05fbef22606bbf75217449cd95b5a56ca35a2028?cid=9950ac751e34487dbbe027c4fd7f8e99","false","38","CA5KR2228109","spotify:user:ibdqzuvhscey81nwyfhajz3v7","2022-10-15T17:00:15Z"
"spotify:track:2EyhojG5nOkyxLvzemMNhf","Alone","spotify:artist:0P2bZXPyjHYRW4guHVAFl1, spotify:artist:1xdeCF6RglHDkz8FSQhTm4, spotify:artist:6d0ZjIp5L7Ygy2l02HskRX","ARMNHMR, Nolan van Lith, Dylan Matthew","spotify:album:4du9v4QGjz7YGUl0rAmFsg","Alone","spotify:artist:0P2bZXPyjHYRW4guHVAFl1, spotify:artist:1xdeCF6RglHDkz8FSQhTm4","ARMNHMR, Nolan van Lith","2017-10-10","https://i.scdn.co/image/ab67616d0000b273805b85b39c17c39c9c8c9364","1","1","246400","https://p.scdn.co/mp3-preview/406d913fd32244ac2a303f7715cc1986ed6584db?cid=9950ac751e34487dbbe027c4fd7f8e99","false","32","QM42K1769141","spotify:user:ibdqzuvhscey81nwyfhajz3v7","2022-01-09T07:24:27Z"
"spotify:track:6mE1m1NmzO7slSiN6vzovg","Only Now (feat. Tyler Graves)","spotify:artist:6fcTRFpz0yH79qSKfof7lp, spotify:artist:5bFKudtw20QjmAFeA1hBLq","Seven Lions, Tyler Graves","spotify:album:0APlxVPUoB5XbufgbeeNzZ","Only Now (feat. Tyler Graves)","spotify:artist:6fcTRFpz0yH79qSKfof7lp, spotify:artist:5bFKudtw20QjmAFeA1hBLq","Seven Lions, Tyler Graves","2020-02-21","https://i.scdn.co/image/ab67616d0000b27310edb34f0ad96e2c003c26bc","1","1","211200","https://p.scdn.co/mp3-preview/8e08a346af41547fb0a0c2808ba1eb9e166815ac?cid=9950ac751e34487dbbe027c4fd7f8e99","false","46","GBEWA1904860","spotify:user:ibdqzuvhscey81nwyfhajz3v7","2021-12-18T19:22:21Z"
"spotify:track:27YD36FUikKxbp3bKSiKGZ","First Time (feat. Dylan Matthew)","spotify:artist:6fcTRFpz0yH79qSKfof7lp, spotify:artist:20DZAfCuP1TKZl5KcY7z3Q, spotify:artist:7lZauDnRoAC3kmaYae2opv, spotify:artist:6d0ZjIp5L7Ygy2l02HskRX","Seven Lions, SLANDER, Dabin, Dylan Matthew","spotify:album:0pm25h4mEG11O8CJkNXJwH","First Time (feat. Dylan Matthew)","spotify:artist:6fcTRFpz0yH79qSKfof7lp, spotify:artist:20DZAfCuP1TKZl5KcY7z3Q, spotify:artist:6d0ZjIp5L7Ygy2l02HskRX","Seven Lions, SLANDER, Dylan Matthew","2018-10-12","https://i.scdn.co/image/ab67616d0000b273109b7795a5873721200060f3","1","1","297782","https://p.scdn.co/mp3-preview/d5c51566ead6ad58eaaa0caa6b6196a5173f9622?cid=9950ac751e34487dbbe027c4fd7f8e99","false","59","GBEWA1802950","spotify:user:ibdqzuvhscey81nwyfhajz3v7","2021-12-18T19:23:15Z"
"spotify:track:2YlIDq8F1zrlzgbbVv0MWR","Follow You - VIP Mix","spotify:artist:40WIa01eubnEVkxUHeDZyF, spotify:artist:1bZhxzq9mhYkPf0wdxGko9","Au5, Danyka Nadeau","spotify:album:3BXDakCcQJVcpeRzakaehl","Follow You (The Remixes)","spotify:artist:40WIa01eubnEVkxUHeDZyF","Au5","2014-07-11","https://i.scdn.co/image/ab67616d0000b2732706bdce1155468f65f89361","1","1","330857","https://p.scdn.co/mp3-preview/760afd46dde0b3833ba119d4ac09d4ca079d22f5?cid=9950ac751e34487dbbe027c4fd7f8e99","false","24","TCABY1450433","spotify:user:ibdqzuvhscey81nwyfhajz3v7","2021-12-18T19:19:04Z"
"spotify:track:63fwzJUQ93ndx4rufPSyGK","Painted White - Original Mix","spotify:artist:4LZ4De2MoO3lP6QaNCfvcu, spotify:artist:45eNHdiiabvmbp4erw26rg, spotify:artist:5BKXCIdVnAwBQKUoGNqfZj","Said The Sky, ILLENIUM, Cristina Soto","spotify:album:5k6xItc9HR1qQsj3vOI9rJ","Painted White","spotify:artist:4LZ4De2MoO3lP6QaNCfvcu, spotify:artist:45eNHdiiabvmbp4erw26rg, spotify:artist:5BKXCIdVnAwBQKUoGNqfZj","Said The Sky, ILLENIUM, Cristina Soto","2015-07-21","https://i.scdn.co/image/ab67616d0000b27323dbccb06154a697b53105e6","1","1","345477","https://p.scdn.co/mp3-preview/9fdb5120a6d39eb7c1718d630f21d41ef658db1f?cid=9950ac751e34487dbbe027c4fd7f8e99","false","28","USLZJ1534869","spotify:user:ibdqzuvhscey81nwyfhajz3v7","2022-01-21T06:18:19Z"
"spotify:track:5Y8Dmdvwsm03hz9DcIjm9c","Time - Yelhigh Remix","spotify:artist:1DGpuIJ6KAI5bcaFGbJZJs, spotify:artist:2zsS9Zxwyp0jgJjYPIHZMd","Satellite Empire, Yelhigh","spotify:album:6RXn7ujNsx0c92OYmeXZuf","Time (Yelhigh Remix)","spotify:artist:1DGpuIJ6KAI5bcaFGbJZJs, spotify:artist:2zsS9Zxwyp0jgJjYPIHZMd","Satellite Empire, Yelhigh","2018-07-13","https://i.scdn.co/image/ab67616d0000b2736f36e2acd6b6862804d16a67","1","1","271241","https://p.scdn.co/mp3-preview/b83cfaa34782de52da3b320481d7a778bce42d65?cid=9950ac751e34487dbbe027c4fd7f8e99","false","34","QZDA61859519","spotify:user:ibdqzuvhscey81nwyfhajz3v7","2022-01-21T06:17:32Z"
"spotify:track:1pq2CUdMBkl5MX7aDm5Twj","Happy Where We Are","spotify:artist:521qvhdobR0GzhvU6TFw76, spotify:artist:6d0ZjIp5L7Ygy2l02HskRX, spotify:artist:40WIa01eubnEVkxUHeDZyF","Tritonal, Dylan Matthew, Au5","spotify:album:5o2HQx2gn126dQ0RCYQUsF","Happy Where We Are","spotify:artist:521qvhdobR0GzhvU6TFw76, spotify:artist:6d0ZjIp5L7Ygy2l02HskRX, spotify:artist:40WIa01eubnEVkxUHeDZyF","Tritonal, Dylan Matthew, Au5","2020-11-05","https://i.scdn.co/image/ab67616d0000b2734af687c68940e33656dc4b5c","1","1","320000","https://p.scdn.co/mp3-preview/6d4d84ca80ab4d33cdc50aab3e960521403c9b1b?cid=9950ac751e34487dbbe027c4fd7f8e99","false","40","GBLV62007908","spotify:user:ibdqzuvhscey81nwyfhajz3v7","2022-01-25T10:44:13Z"
"spotify:track:2SvBIz3fs26LArfqlYzzEh","Aubade","spotify:artist:1DGpuIJ6KAI5bcaFGbJZJs","Satellite Empire","spotify:album:4VCmR4uR1YTFDSQv6Mn8o3","Thrones","spotify:artist:1DGpuIJ6KAI5bcaFGbJZJs","Satellite Empire","2016-12-12","https://i.scdn.co/image/ab67616d0000b273ee3644c5757083ba2615920b","1","1","58366","https://p.scdn.co/mp3-preview/3bc2ece2876c26c4cb46e253bb1ddde8934c2406?cid=9950ac751e34487dbbe027c4fd7f8e99","false","13","QZ4JJ1653673","spotify:user:ibdqzuvhscey81nwyfhajz3v7","2021-12-24T18:39:05Z"
"spotify:track:5T4sVh4sMPAwRCGHI2QNQm","Promised Land","spotify:artist:1DGpuIJ6KAI5bcaFGbJZJs, spotify:artist:5UHJEXqFSJ8Soo67NmNltQ","Satellite Empire, Silby","spotify:album:4VCmR4uR1YTFDSQv6Mn8o3","Thrones","spotify:artist:1DGpuIJ6KAI5bcaFGbJZJs","Satellite Empire","2016-12-12","https://i.scdn.co/image/ab67616d0000b273ee3644c5757083ba2615920b","1","2","255321","https://p.scdn.co/mp3-preview/715be021112f68c07d504d7e9af3a210eea56321?cid=9950ac751e34487dbbe027c4fd7f8e99","false","16","QZ4JJ1653674","spotify:user:ibdqzuvhscey81nwyfhajz3v7","2021-12-24T18:39:11Z"
"spotify:local:Galantis:Gold+Dust+%28Remixes%29+-+EP:Gold+Dust+%28Illenium+Remix%29:264","Gold Dust (Illenium Remix)","","Galantis","","Gold Dust (Remixes) - EP","","","","","0","0","264000","","false","0","","spotify:user:ibdqzuvhscey81nwyfhajz3v7","2022-10-15T17:00:58Z"
"spotify:track:10hG4ZlpIUGvcZESL6Uhxx","Fortress","spotify:artist:45eNHdiiabvmbp4erw26rg, spotify:artist:43NRjpCGCIj6GkhnAMdC60","ILLENIUM, Joni Fatora","spotify:album:1hG9qANsJg5lYm36MYun97","Ashes","spotify:artist:45eNHdiiabvmbp4erw26rg","ILLENIUM","2016-02-15","https://i.scdn.co/image/ab67616d0000b273b340389616c13200bab2eefa","1","2","203661","https://p.scdn.co/mp3-preview/a5121d1f2942130cc0e61b6fdece98b441ec5160?cid=9950ac751e34487dbbe027c4fd7f8e99","false","52","TCACK1580831","spotify:user:ibdqzuvhscey81nwyfhajz3v7","2022-10-15T17:04:17Z"
"spotify:track:4d42YQbGZxwYq7YZiCkTDb","Needed You","spotify:artist:45eNHdiiabvmbp4erw26rg, spotify:artist:3ppkM4QtM781APpaX7H9t7","ILLENIUM, Dia Frampton","spotify:album:5rvIgXvAPGWspXY4rDLkeU","Awake","spotify:artist:45eNHdiiabvmbp4erw26rg","ILLENIUM","2017-09-21","https://i.scdn.co/image/ab67616d0000b273ad3b5398f9086d7f6e19331b","1","1","305571","https://p.scdn.co/mp3-preview/3dcdd4d77ee43c653d75c542c30956a275722439?cid=9950ac751e34487dbbe027c4fd7f8e99","false","50","USQY51766811","spotify:user:ibdqzuvhscey81nwyfhajz3v7","2022-10-15T17:03:22Z"
"spotify:track:0q7oMII7kWTj1ZSX6GT6LU","Crawl Outta Love","spotify:artist:45eNHdiiabvmbp4erw26rg, spotify:artist:0kErUwb6xgWfkdn0RyZWHZ","ILLENIUM, Annika Wells","spotify:album:5rvIgXvAPGWspXY4rDLkeU","Awake","spotify:artist:45eNHdiiabvmbp4erw26rg","ILLENIUM","2017-09-21","https://i.scdn.co/image/ab67616d0000b273ad3b5398f9086d7f6e19331b","1","2","242011","https://p.scdn.co/mp3-preview/c8202d02fc57231a942cfa561ec42b2087208d37?cid=9950ac751e34487dbbe027c4fd7f8e99","true","59","CAR071600435","spotify:user:ibdqzuvhscey81nwyfhajz3v7","2022-10-15T17:03:24Z"
"spotify:track:2oL0HIuo0cxIycDtJWbpuN","Where'd U Go","spotify:artist:45eNHdiiabvmbp4erw26rg, spotify:artist:4LZ4De2MoO3lP6QaNCfvcu","ILLENIUM, Said The Sky","spotify:album:5rvIgXvAPGWspXY4rDLkeU","Awake","spotify:artist:45eNHdiiabvmbp4erw26rg","ILLENIUM","2017-09-21","https://i.scdn.co/image/ab67616d0000b273ad3b5398f9086d7f6e19331b","1","5","184556","https://p.scdn.co/mp3-preview/e99d8899157683e8c84945cd0005729641c985bc?cid=9950ac751e34487dbbe027c4fd7f8e99","false","55","USQY51766814","spotify:user:ibdqzuvhscey81nwyfhajz3v7","2022-10-15T17:03:28Z"
"spotify:track:4G3IXyVRxSx5lLhUvv3fu3","Fractures","spotify:artist:45eNHdiiabvmbp4erw26rg, spotify:artist:3RTklnRcfHgkQJwFpgOq3t","ILLENIUM, Nevve","spotify:album:5rvIgXvAPGWspXY4rDLkeU","Awake","spotify:artist:45eNHdiiabvmbp4erw26rg","ILLENIUM","2017-09-21","https://i.scdn.co/image/ab67616d0000b273ad3b5398f9086d7f6e19331b","1","6","245250","https://p.scdn.co/mp3-preview/3c58102a9f5f0e2ab10193fa1a5ca72e2398d69f?cid=9950ac751e34487dbbe027c4fd7f8e99","false","53","TCACX1718924","spotify:user:ibdqzuvhscey81nwyfhajz3v7","2022-10-15T17:03:35Z"
"spotify:track:5XlvOh5YbJMp7CU3NoksNf","Leaving","spotify:artist:45eNHdiiabvmbp4erw26rg","ILLENIUM","spotify:album:5rvIgXvAPGWspXY4rDLkeU","Awake","spotify:artist:45eNHdiiabvmbp4erw26rg","ILLENIUM","2017-09-21","https://i.scdn.co/image/ab67616d0000b273ad3b5398f9086d7f6e19331b","1","7","234857","https://p.scdn.co/mp3-preview/d107fa07312b9822d80c407ed9933c63472ff49c?cid=9950ac751e34487dbbe027c4fd7f8e99","false","50","USQY51766815","spotify:user:ibdqzuvhscey81nwyfhajz3v7","2022-10-15T17:03:37Z"
"spotify:track:4rIAqwhHGfWChQvQGYwEfR","Lost","spotify:artist:45eNHdiiabvmbp4erw26rg, spotify:artist:5ooIuCvSBl6Eo4cHixvB7x","ILLENIUM, Emilie Brandt","spotify:album:5rvIgXvAPGWspXY4rDLkeU","Awake","spotify:artist:45eNHdiiabvmbp4erw26rg","ILLENIUM","2017-09-21","https://i.scdn.co/image/ab67616d0000b273ad3b5398f9086d7f6e19331b","1","8","200000","https://p.scdn.co/mp3-preview/e1602df251c0feec1471906b6fdcc5bfa99db216?cid=9950ac751e34487dbbe027c4fd7f8e99","false","59","USQY51766816","spotify:user:ibdqzuvhscey81nwyfhajz3v7","2022-10-19T21:15:12Z"
"spotify:track:0e0UxWGgjXoYAYUFhJgwji","Feel Good","spotify:artist:45eNHdiiabvmbp4erw26rg, spotify:artist:2ZRQcIgzPCVaT9XKhXZIzh, spotify:artist:6Dd3NScHWwnW6obMFbl1BH","ILLENIUM, Gryffin, Daya","spotify:album:5rvIgXvAPGWspXY4rDLkeU","Awake","spotify:artist:45eNHdiiabvmbp4erw26rg","ILLENIUM","2017-09-21","https://i.scdn.co/image/ab67616d0000b273ad3b5398f9086d7f6e19331b","1","11","248156","https://p.scdn.co/mp3-preview/c6d3f3cbd9e41f0194c94a13264c5138ec85df11?cid=9950ac751e34487dbbe027c4fd7f8e99","false","43","USUM71701083","spotify:user:ibdqzuvhscey81nwyfhajz3v7","2022-10-15T17:03:40Z"
"spotify:track:4pWawf1Rq4qHDv4Ktqjg2D","Beautiful Creatures (feat. MAX)","spotify:artist:45eNHdiiabvmbp4erw26rg, spotify:artist:1bqxdqvUtPWZri43cKHac8","ILLENIUM, MAX","spotify:album:5rvIgXvAPGWspXY4rDLkeU","Awake","spotify:artist:45eNHdiiabvmbp4erw26rg","ILLENIUM","2017-09-21","https://i.scdn.co/image/ab67616d0000b273ad3b5398f9086d7f6e19331b","1","12","240508","https://p.scdn.co/mp3-preview/a77b08642232b7308c246ccf5989e6e64166757c?cid=9950ac751e34487dbbe027c4fd7f8e99","false","56","USQY51766818","spotify:user:ibdqzuvhscey81nwyfhajz3v7","2022-10-15T17:03:44Z"
"spotify:track:43hcHVoAiHpkJ2gMbmO72h","Let You Go","spotify:artist:45eNHdiiabvmbp4erw26rg, spotify:artist:1I5eQkzyM8jCVZIM3k2bKL","ILLENIUM, Ember Island","spotify:album:5rvIgXvAPGWspXY4rDLkeU","Awake","spotify:artist:45eNHdiiabvmbp4erw26rg","ILLENIUM","2017-09-21","https://i.scdn.co/image/ab67616d0000b273ad3b5398f9086d7f6e19331b","1","13","184234","https://p.scdn.co/mp3-preview/a6e8a754700b3716ee6f82aeede807956bf2d099?cid=9950ac751e34487dbbe027c4fd7f8e99","false","49","USQY51766819","spotify:user:ibdqzuvhscey81nwyfhajz3v7","2022-10-15T17:03:47Z"
"spotify:track:5NMa4Z4rtWqyt6VN7h2bpo","I Care - Intro","spotify:artist:45eNHdiiabvmbp4erw26rg","ILLENIUM","spotify:album:60xcVwuQJAOyu11xf9mObS","ASCEND","spotify:artist:45eNHdiiabvmbp4erw26rg","ILLENIUM","2019-08-16","https://i.scdn.co/image/ab67616d0000b273529c6fa82d23f65076c1579b","1","1","33157","","false","38","USUG11901635","spotify:user:ibdqzuvhscey81nwyfhajz3v7","2022-10-15T17:01:49Z"
"spotify:track:5Cevkgj9FyNRFIwY3xSCn8","Hold On (with Georgia Ku)","spotify:artist:45eNHdiiabvmbp4erw26rg, spotify:artist:5mYakBbBzPMQTfkVMIgiDM","ILLENIUM, Georgia Ku","spotify:album:60xcVwuQJAOyu11xf9mObS","ASCEND","spotify:artist:45eNHdiiabvmbp4erw26rg","ILLENIUM","2019-08-16","https://i.scdn.co/image/ab67616d0000b273529c6fa82d23f65076c1579b","1","2","235263","","false","55","USUG11901634","spotify:user:ibdqzuvhscey81nwyfhajz3v7","2022-10-15T17:01:51Z"
"spotify:track:1kQ0aj0mnjd5xKrYKLZo64","Blood (with Foy Vance)","spotify:artist:45eNHdiiabvmbp4erw26rg, spotify:artist:4bUqnkrDrb4f7rqmDR9yDu","ILLENIUM, Foy Vance","spotify:album:60xcVwuQJAOyu11xf9mObS","ASCEND","spotify:artist:45eNHdiiabvmbp4erw26rg","ILLENIUM","2019-08-16","https://i.scdn.co/image/ab67616d0000b273529c6fa82d23f65076c1579b","1","5","248000","","false","43","USUG11900739","spotify:user:ibdqzuvhscey81nwyfhajz3v7","2022-10-15T17:01:55Z"
"spotify:track:5ZzjNL4J31lqU853Un7T3f","Gold (Stupid Love)","spotify:artist:5FKchcZpQOkqFvXBj1aCvb, spotify:artist:45eNHdiiabvmbp4erw26rg, spotify:artist:2D03NzGIqn32zlCG1DViBu","Excision, ILLENIUM, Shallows","spotify:album:1DCg2NhX15z5fOKfMwXMnw","Gold (Stupid Love)","spotify:artist:5FKchcZpQOkqFvXBj1aCvb, spotify:artist:45eNHdiiabvmbp4erw26rg","Excision, ILLENIUM","2018-07-17","https://i.scdn.co/image/ab67616d0000b2737f1485281a210cedaeab23b6","1","1","295890","https://p.scdn.co/mp3-preview/70f70994517c664601472875ca1b1393ff8cdf60?cid=9950ac751e34487dbbe027c4fd7f8e99","false","52","NLRD51831603","spotify:user:ibdqzuvhscey81nwyfhajz3v7","2022-10-20T11:30:19Z"
"spotify:track:17Efhyf4A96n0EFXKeB7Ya","Crashing (feat. Bahari)","spotify:artist:45eNHdiiabvmbp4erw26rg, spotify:artist:0fs8oBR1rx7JIXZi75h7Uu","ILLENIUM, Bahari","spotify:album:60xcVwuQJAOyu11xf9mObS","ASCEND","spotify:artist:45eNHdiiabvmbp4erw26rg","ILLENIUM","2019-08-16","https://i.scdn.co/image/ab67616d0000b273529c6fa82d23f65076c1579b","1","8","230000","","false","56","USUG11900002","spotify:user:ibdqzuvhscey81nwyfhajz3v7","2022-10-15T17:02:05Z"
"spotify:track:4geaFycly5R2PF261olQ4D","Intro","spotify:artist:2ZRQcIgzPCVaT9XKhXZIzh","Gryffin","spotify:album:2IAVHJdaRPFA6MQqXHoG75","Gravity","spotify:artist:2ZRQcIgzPCVaT9XKhXZIzh","Gryffin","2019-10-24","https://i.scdn.co/image/ab67616d0000b2730e5311993a01fb2e7169f6a7","1","1","117184","","false","30","USUM71920253","spotify:user:ibdqzuvhscey81nwyfhajz3v7","2022-10-15T17:02:27Z"
"spotify:track:4TIkSdsNSfqpuq6ZYvCjAz","All You Need To Know (feat. Calle Lehmann)","spotify:artist:2ZRQcIgzPCVaT9XKhXZIzh, spotify:artist:20DZAfCuP1TKZl5KcY7z3Q, spotify:artist:2QeNM65b7IWvK4Ofcqz8cm","Gryffin, SLANDER, Calle Lehmann","spotify:album:2IAVHJdaRPFA6MQqXHoG75","Gravity","spotify:artist:2ZRQcIgzPCVaT9XKhXZIzh","Gryffin","2019-10-24","https://i.scdn.co/image/ab67616d0000b2730e5311993a01fb2e7169f6a7","1","2","238337","","false","59","USUM71904442","spotify:user:ibdqzuvhscey81nwyfhajz3v7","2022-10-15T17:02:28Z"
"spotify:track:2zh01m4PiHaZz4BAm0NRxs","Tie Me Down (with Elley Duhé)","spotify:artist:2ZRQcIgzPCVaT9XKhXZIzh, spotify:artist:67MNhiAICFY6Pwc2YxCO0K","Gryffin, Elley Duhé","spotify:album:2IAVHJdaRPFA6MQqXHoG75","Gravity","spotify:artist:2ZRQcIgzPCVaT9XKhXZIzh","Gryffin","2019-10-24","https://i.scdn.co/image/ab67616d0000b2730e5311993a01fb2e7169f6a7","1","4","218239","","false","64","USUM71810504","spotify:user:ibdqzuvhscey81nwyfhajz3v7","2022-10-15T17:02:32Z"
"spotify:track:24FFOpCA6bc5YoU2F3TKqS","Just For A Moment (feat. Iselin)","spotify:artist:2ZRQcIgzPCVaT9XKhXZIzh, spotify:artist:3rjHIPFed2qITXAWvArRtp","Gryffin, Iselin","spotify:album:2IAVHJdaRPFA6MQqXHoG75","Gravity","spotify:artist:2ZRQcIgzPCVaT9XKhXZIzh","Gryffin","2019-10-24","https://i.scdn.co/image/ab67616d0000b2730e5311993a01fb2e7169f6a7","1","12","253250","","false","56","USUM71808356","spotify:user:ibdqzuvhscey81nwyfhajz3v7","2022-10-15T17:02:42Z"
"spotify:track:6DiogHhtwkVgUHUDUJVuXV","After You (feat. Calle Lehmann)","spotify:artist:2ZRQcIgzPCVaT9XKhXZIzh, spotify:artist:6CCTvLyIHqUhY6VQizt150, spotify:artist:2QeNM65b7IWvK4Ofcqz8cm","Gryffin, Jason Ross, Calle Lehmann","spotify:album:1RDosPV9LVUjxUxpzyXHB6","After You (feat. Calle Lehmann)","spotify:artist:2ZRQcIgzPCVaT9XKhXZIzh, spotify:artist:6CCTvLyIHqUhY6VQizt150","Gryffin, Jason Ross","2021-10-27","https://i.scdn.co/image/ab67616d0000b2736b709a2f4b49f628d6ab2326","1","1","224569","","false","58","USUG12105327","spotify:user:ibdqzuvhscey81nwyfhajz3v7","2022-11-09T19:23:07Z"
"spotify:track:14dLEccPdsIvZdaMfimZEt","Forever (feat. Elley Duhé)","spotify:artist:2ZRQcIgzPCVaT9XKhXZIzh, spotify:artist:67MNhiAICFY6Pwc2YxCO0K","Gryffin, Elley Duhé","spotify:album:5SeY9BQPi8AzEy6fhPEr1v","Alive","spotify:artist:2ZRQcIgzPCVaT9XKhXZIzh","Gryffin","2022-11-04","https://i.scdn.co/image/ab67616d0000b273cf5a124cc18be293a2a278ae","1","3","187384","","false","59","USUM72220206","spotify:user:ibdqzuvhscey81nwyfhajz3v7","2022-11-09T19:22:19Z"
"spotify:track:725oycyVBER79oX8WCtshL","Lost (WE ARE FURY Remix)","spotify:artist:45eNHdiiabvmbp4erw26rg, spotify:artist:5ooIuCvSBl6Eo4cHixvB7x, spotify:artist:44Wi4QHWK4CzACCqCyxo3x","ILLENIUM, Emilie Brandt, WE ARE FURY","spotify:album:4f9voI47wfAZIp0UgwGy6o","Awake (Remixes)","spotify:artist:45eNHdiiabvmbp4erw26rg","ILLENIUM","2018-06-18","https://i.scdn.co/image/ab67616d0000b273ef7e62898833c63fdeff40dc","1","8","288018","https://p.scdn.co/mp3-preview/8c0ceb6bac0595639418deacf34b2817b588625f?cid=9950ac751e34487dbbe027c4fd7f8e99","false","34","USA2P1842406","spotify:user:ibdqzuvhscey81nwyfhajz3v7","2022-10-15T17:04:00Z"
"spotify:local:Birdy:Skinny+Love+Remixes+-+EP:Skinny+Love+%28Vanic+Remix%29:308","Skinny Love (Vanic Remix)","","Birdy","","Skinny Love Remixes - EP","","","","","0","0","308000","","false","0","","spotify:user:ibdqzuvhscey81nwyfhajz3v7","2021-12-19T07:31:55Z"
"spotify:local:Felix+Cartal+%26+Clockwork:The+Fire+%28feat.+Madame+Buttons%29+-+Single:The+Fire+%28feat.+Madame+Buttons%29:282","The Fire (feat. Madame Buttons)","","Felix Cartal & Clockwork","","The Fire (feat. Madame Buttons) - Single","","","","","0","0","282000","","false","0","","spotify:user:ibdqzuvhscey81nwyfhajz3v7","2021-12-22T15:23:54Z"
"spotify:local:Skrux+%26+Felxprod:Find+You+Remix+EP:Find+You+ft.+Complexion+%28Clark+Kent+Remix%29:274","Find You ft. Complexion (Clark Kent Remix)","","Skrux & Felxprod","","Find You Remix EP","","","","","0","0","274000","","false","0","","spotify:user:ibdqzuvhscey81nwyfhajz3v7","2022-11-10T14:36:58Z"
"spotify:local:PRFFTT+%26+Svyable+ft.+Jonny+Rose:Turn+It+Up+ft.+Jonny+Rose:Turn+It+Up:329","Turn It Up","","PRFFTT & Svyable ft. Jonny Rose","","Turn It Up ft. Jonny Rose","","","","","0","0","329000","","false","0","","spotify:user:ibdqzuvhscey81nwyfhajz3v7","2022-01-25T10:49:56Z"
"spotify:local:Holly+Drummond:Diving+In+-+EP:Fade:304","Fade","","Holly Drummond","","Diving In - EP","","","","","0","0","304000","","false","0","","spotify:user:ibdqzuvhscey81nwyfhajz3v7","2021-12-19T07:30:10Z"
"spotify:track:7q0oYzcGVD4oyVSCXjQDDz","All In A Day - Original Mix","spotify:artist:7bcaeImcxpS7ssiRrXAmnm, spotify:artist:5A0ZTTErMKDmTdEdrPKrMA","Danny Chen, Leolani","spotify:album:3msUnpSjpG4A6PQlCYgiSF","Rebirth","spotify:artist:7bcaeImcxpS7ssiRrXAmnm","Danny Chen","2015-12-11","https://i.scdn.co/image/ab67616d0000b2732c9c77518c2dbf4d3cb76973","1","3","280285","https://p.scdn.co/mp3-preview/71fb06b181c572c5dbc9773d70a98920d2ed1cb9?cid=9950ac751e34487dbbe027c4fd7f8e99","false","6","NLF711507101","spotify:user:ibdqzuvhscey81nwyfhajz3v7","2021-12-18T19:20:56Z"
"spotify:local:Oneeva:Time+and+Space:Time+and+Space:276","Time and Space","","Oneeva","","Time and Space","","","","","0","0","276000","","false","0","","spotify:user:ibdqzuvhscey81nwyfhajz3v7","2021-12-19T07:30:35Z"
"spotify:track:1REdX9F6uFLWyjigcqxA6v","Ocean Eyes","spotify:artist:0p7L2MImTqtWEAlMN9qHYx, spotify:artist:6OMzm6m3FqYxpnnYTWHJGO","Jay Cosmic, DESERT STAR","spotify:album:4cXdFiFbUn0f3E16GDfQgb","Ocean Eyes","spotify:artist:0p7L2MImTqtWEAlMN9qHYx, spotify:artist:6OMzm6m3FqYxpnnYTWHJGO","Jay Cosmic, DESERT STAR","2018-01-16","https://i.scdn.co/image/ab67616d0000b273af27614870c21ff48527d2bf","1","1","178611","https://p.scdn.co/mp3-preview/0961f060f8b6e7317b7e483be737ca032c6fb0c1?cid=9950ac751e34487dbbe027c4fd7f8e99","false","41","CA6D21700326","spotify:user:ibdqzuvhscey81nwyfhajz3v7","2021-12-18T19:21:14Z"
"spotify:local:Lupe+Fiasco+%26+Guy+Sebastian:Food+%26+Liquor+II%3A+The+Great+American+Rap+Album%2C+Pt.+1+%28Deluxe+Version%29:Battle+Scars:334","Battle Scars","","Lupe Fiasco & Guy Sebastian","","Food & Liquor II: The Great American Rap Album, Pt. 1 (Deluxe Version)","","","","","0","0","334000","","false","0","","spotify:user:ibdqzuvhscey81nwyfhajz3v7","2021-12-19T07:30:19Z"
"spotify:track:6LenHYjcBE6qgdMWzaRv6e","Hurt (feat. Zack Gray)","spotify:artist:16yUpGkBRgc2eDMd3bB3Uw, spotify:artist:4ts4KzTqLDytonufwGpl9l","MitiS, Zack Gray","spotify:album:3MDkjoLWqQ7RNYFkO9GeKZ","Hurt (feat. Zack Gray)","spotify:artist:16yUpGkBRgc2eDMd3bB3Uw, spotify:artist:4ts4KzTqLDytonufwGpl9l","MitiS, Zack Gray","2021-03-12","https://i.scdn.co/image/ab67616d0000b2736058ab686447a5c39caceaa8","1","1","250000","https://p.scdn.co/mp3-preview/fbcdc430241b7213732e812549f57cfdb266d14d?cid=9950ac751e34487dbbe027c4fd7f8e99","false","31","GBEWA2101380","spotify:user:ibdqzuvhscey81nwyfhajz3v7","2021-12-18T19:24:27Z"
"spotify:track:63WlfRKxLMxHqLXWhtzUuZ","Only Now (feat. Tyler Graves) - MitiS Remix","spotify:artist:6fcTRFpz0yH79qSKfof7lp, spotify:artist:5bFKudtw20QjmAFeA1hBLq, spotify:artist:16yUpGkBRgc2eDMd3bB3Uw","Seven Lions, Tyler Graves, MitiS","spotify:album:3obpx2qnD8f0EkPl0Ewz8k","Find Another Way (Remixes)","spotify:artist:6fcTRFpz0yH79qSKfof7lp","Seven Lions","2020-07-03","https://i.scdn.co/image/ab67616d0000b273964f7ebe219a769ebd8be784","1","1","236800","https://p.scdn.co/mp3-preview/95afe3afdeb1b69a6e7dae1880499014265d8fbb?cid=9950ac751e34487dbbe027c4fd7f8e99","false","36","GBEWA1906650","spotify:user:ibdqzuvhscey81nwyfhajz3v7","2021-12-18T19:27:15Z"
"spotify:track:3CExJpkcpoKeu1ETWlgT8B","Resonate","spotify:artist:3gxGPuGK6DOpv7XVp8V6jG, spotify:artist:1bZhxzq9mhYkPf0wdxGko9","Slippy, Danyka Nadeau","spotify:album:1tde7mgalX7vyjXuypvmHC","Resonate","spotify:artist:3gxGPuGK6DOpv7XVp8V6jG, spotify:artist:1bZhxzq9mhYkPf0wdxGko9","Slippy, Danyka Nadeau","2020-12-03","https://i.scdn.co/image/ab67616d0000b27350899990627f9e45eb245385","1","1","231724","https://p.scdn.co/mp3-preview/7d6176eac5af03026da8783683f5fc8ad544a680?cid=9950ac751e34487dbbe027c4fd7f8e99","false","39","CA6D22000487","spotify:user:ibdqzuvhscey81nwyfhajz3v7","2021-12-18T19:22:27Z"
"spotify:track:3uRsp9rknzRU7zsA6EYyMu","Feronia","spotify:artist:7lcbOlKjk4gLsCxd481hik, spotify:artist:1bZhxzq9mhYkPf0wdxGko9","Astronaut, Danyka Nadeau","spotify:album:3Hvwez5OaukeXRqgMBjC7o","Feronia","spotify:artist:7lcbOlKjk4gLsCxd481hik","Astronaut","2014-12-23","https://i.scdn.co/image/ab67616d0000b273c30f2a2bf574772a2ab8bf14","1","1","268125","https://p.scdn.co/mp3-preview/ae3d53fb2ef1caec0de9aa1747c0dee754fc3d5c?cid=9950ac751e34487dbbe027c4fd7f8e99","false","29","CA6D21400091","spotify:user:ibdqzuvhscey81nwyfhajz3v7","2021-12-18T19:22:20Z"
"spotify:track:5kc94sZMpuzSZdbfiCr0gh","I Remember","spotify:artist:28Ky95tmlHktB96DBUoB0g","Tristam","spotify:album:0T2uG3zMTNRkr9PjBNnPqx","I Remember","spotify:artist:28Ky95tmlHktB96DBUoB0g","Tristam","2012-05-29","https://i.scdn.co/image/ab67616d0000b2734aa85ed00d8b32fd901da413","1","1","236741","https://p.scdn.co/mp3-preview/36e5a1ed61cf61b2b9ad250196c4656e7fbf548b?cid=9950ac751e34487dbbe027c4fd7f8e99","false","53","TCABG1223456","spotify:user:ibdqzuvhscey81nwyfhajz3v7","2021-12-18T19:21:36Z"
"spotify:track:1M85o2ruB9uTj68dIXj6dJ","Vagrant","spotify:artist:6RQ9kYbHisp1UUbnfwHNeU, spotify:artist:3CiuuHKIxxJPoNRvF94GtR","Feint, Veela","spotify:album:7KPjaI7hStPVhmGW7UM6ay","Vagrant","spotify:artist:6RQ9kYbHisp1UUbnfwHNeU, spotify:artist:3CiuuHKIxxJPoNRvF94GtR","Feint, Veela","2015-10-02","https://i.scdn.co/image/ab67616d0000b273cb5e9973c66bfd141e144f0e","1","1","268571","https://p.scdn.co/mp3-preview/6f493d530cd1886db27939dc53a57067f7812f97?cid=9950ac751e34487dbbe027c4fd7f8e99","false","50","NLCK41028025","spotify:user:ibdqzuvhscey81nwyfhajz3v7","2022-01-21T06:18:04Z"
"spotify:track:1suR7O1Coqso76HSw1zVa9","Against the Sun","spotify:artist:01olvHW7uzIInQx9VTNuJm, spotify:artist:2Ndq6RparrhEoceel7LC4Z","Rootkit, Anna Yvette","spotify:album:1peXExuLsmJq1cp7TVGsSG","Against the Sun","spotify:artist:01olvHW7uzIInQx9VTNuJm, spotify:artist:2Ndq6RparrhEoceel7LC4Z","Rootkit, Anna Yvette","2014-10-01","https://i.scdn.co/image/ab67616d0000b273be056fff4b3b0013c5ebc7d4","1","1","212288","","false","0","CA6D21400036","spotify:user:ibdqzuvhscey81nwyfhajz3v7","2022-12-06T08:17:18Z"
"spotify:track:4Rc6Vrx9fmHQiI95W7fbvb","Here With You Now","spotify:artist:4fv1OFJywZ7DHCz3mVQQ45","Grabbitz","spotify:album:1Yzdv4ELcFNVAQwpr0tHCq","Monstercat - Best of DnB & Drumstep","spotify:artist:4YwB41gFHCxY5bcNR3CcIH","Monstercat","2016-12-19","https://i.scdn.co/image/ab67616d0000b273c055594daeb754edf547b61c","1","5","273380","https://p.scdn.co/mp3-preview/d0abae52298bfabe2810d8a8e14d9886f0714a2d?cid=9950ac751e34487dbbe027c4fd7f8e99","false","12","CA6D21000404","spotify:user:ibdqzuvhscey81nwyfhajz3v7","2023-01-26T10:46:24Z"
"spotify:track:3AayefDdUFxivRs79bX7kV","We Won't Be Alone","spotify:artist:6RQ9kYbHisp1UUbnfwHNeU, spotify:artist:7ddnIV2r4SLjuwyGlgLIWt","Feint, Laura Brehm","spotify:album:70My3uuhRpziiFJl9x6qtw","We Won't Be Alone","spotify:artist:6RQ9kYbHisp1UUbnfwHNeU, spotify:artist:7ddnIV2r4SLjuwyGlgLIWt","Feint, Laura Brehm","2015-09-18","https://i.scdn.co/image/ab67616d0000b2735545b80a9fe26faccb5b6a51","1","1","234475","https://p.scdn.co/mp3-preview/2506bbe1fc647011e36899cf02c325617b503fa5?cid=9950ac751e34487dbbe027c4fd7f8e99","false","59","CA6D21500332","spotify:user:ibdqzuvhscey81nwyfhajz3v7","2021-12-18T19:23:53Z"
"spotify:track:72RumCdlOOnr7h3je7Bkf9","Hunted","spotify:artist:5r46Ia0Rtw4SEoTc0Ooh65, spotify:artist:1Q0ug0ZkUQ3pyfY8vKE730, spotify:artist:3p5VCeIdYiZzNu0kyb9sMd","Priority One, TwoThirds, Jonny Rose","spotify:album:7KMbsTIzG4YKo6EdA1DDv0","Hunted","spotify:artist:5r46Ia0Rtw4SEoTc0Ooh65, spotify:artist:1Q0ug0ZkUQ3pyfY8vKE730","Priority One, TwoThirds","2015-10-02","https://i.scdn.co/image/ab67616d0000b27397b9f6a3c090a0d78d7420ab","1","1","264695","https://p.scdn.co/mp3-preview/5eaffeb63e269ff9e087045ca6a4de11c5d79d67?cid=9950ac751e34487dbbe027c4fd7f8e99","false","47","CA6D21500338","spotify:user:ibdqzuvhscey81nwyfhajz3v7","2021-12-19T15:31:39Z"
"spotify:track:5Y1JDF28qQDml25pVadnzb","Frame of Mind","spotify:artist:28Ky95tmlHktB96DBUoB0g, spotify:artist:1SFSz2SewAsgPeFvGmAouI","Tristam, Braken","spotify:album:1Rd13NGFW7Gh4RZU7hxe6c","Frame of Mind","spotify:artist:28Ky95tmlHktB96DBUoB0g, spotify:artist:1SFSz2SewAsgPeFvGmAouI","Tristam, Braken","2014-04-25","https://i.scdn.co/image/ab67616d0000b273520e5e24b197940bf82c5d6b","1","1","274285","https://p.scdn.co/mp3-preview/e998b3fd41841cb387f4ed0823157dd1aed6aa69?cid=9950ac751e34487dbbe027c4fd7f8e99","false","58","CA6D21000357","spotify:user:ibdqzuvhscey81nwyfhajz3v7","2021-12-18T19:21:43Z"
"spotify:track:0dnZm5HVGglHpIKyRw2xOV","Mountains","spotify:artist:06EfEcjc0vdvI6VNL0soIO, spotify:artist:3CiuuHKIxxJPoNRvF94GtR","Rameses B, Veela","spotify:album:1mFS9tBqd5ctXOoMK5kiX6","Mountains","spotify:artist:06EfEcjc0vdvI6VNL0soIO","Rameses B","2015-02-09","https://i.scdn.co/image/ab67616d0000b27330ecff4aa8c1d8f4aec90f47","1","1","273560","https://p.scdn.co/mp3-preview/4483852405caa6cac50529b7edfcdf08c21a69c7?cid=9950ac751e34487dbbe027c4fd7f8e99","false","32","CA6D21400119","spotify:user:ibdqzuvhscey81nwyfhajz3v7","2021-12-18T19:22:12Z"
"spotify:track:4hvXEskwUxhbC73fc39jHV","Dreaming (feat. Holly Drummond)","spotify:artist:06EfEcjc0vdvI6VNL0soIO, spotify:artist:24O8Ftz6AqboC3Uawbiw4r","Rameses B, Holly Drummond","spotify:album:0LMwHBrd3TY75VA6B4i3EH","Dreaming (feat. Holly Drummond)","spotify:artist:06EfEcjc0vdvI6VNL0soIO","Rameses B","2013","https://i.scdn.co/image/ab67616d0000b273c6502d662b9d899d5c1c69f0","1","1","302027","https://p.scdn.co/mp3-preview/5d73a349e7a34fcc5154fb4f4804e8660d82a338?cid=9950ac751e34487dbbe027c4fd7f8e99","false","32","GB-SMU-20-11375","spotify:user:ibdqzuvhscey81nwyfhajz3v7","2021-12-18T19:22:15Z"
