"Track URI","Track Name","Artist URI(s)","Artist Name(s)","Album URI","Album Name","Album Artist URI(s)","Album Artist Name(s)","Album Release Date","Album Image URL","Disc Number","Track Number","Track Duration (ms)","Track Preview URL","Explicit","Popularity","ISRC","Added By","Added At"
"spotify:track:2eIyg8yc98jIX7g3tsbRcI","Oblivion","spotify:artist:5mNpMP01Co4vXZ3U0fWP3C","Camden Cox","spotify:album:1Uzmw6EppTymkjxp4toRza","Oblivion","spotify:artist:5mNpMP01Co4vXZ3U0fWP3C","Camden Cox","2023-01-20","https://i.scdn.co/image/ab67616d0000b2732d1009fe47a7732d270bffd8","1","1","194160","https://p.scdn.co/mp3-preview/f09fb4bcec86e952f1d267341bb17fcd599573ec?cid=9950ac751e34487dbbe027c4fd7f8e99","false","62","DES232300010","","2023-04-22T16:29:52Z"
"spotify:track:7rF8qrVzCGu9gVHO1Q9RdJ","Numb","spotify:artist:2nm38smINjms1LtczR0Cei, spotify:artist:5oJvmyeWzyeahRtjup3Oys","Goodboys, AVAION","spotify:album:2reFtZBLjA2S5mO0mgFhv8","Numb","spotify:artist:2nm38smINjms1LtczR0Cei, spotify:artist:5oJvmyeWzyeahRtjup3Oys","Goodboys, AVAION","2023-01-06","https://i.scdn.co/image/ab67616d0000b27398233109cfe0c627bc0be9fd","1","1","179250","https://p.scdn.co/mp3-preview/4020caad45f1934dfcb10f2ad71e6168815eabb3?cid=9950ac751e34487dbbe027c4fd7f8e99","false","69","DES232300000","","2023-04-22T16:27:21Z"
"spotify:track:1NyHjGLDvRk7BhAqqhNH1d","Bop Daddy","spotify:artist:2s187JqHC9kipPLBLWXubl, spotify:artist:4imxqng3RrOBmykL2DhIJC","Falz, Ms Banks","spotify:album:3YZPvusPiLYzToo05wbsdW","Bop Daddy","spotify:artist:2s187JqHC9kipPLBLWXubl, spotify:artist:4imxqng3RrOBmykL2DhIJC","Falz, Ms Banks","2020-03-06","https://i.scdn.co/image/ab67616d0000b2733a392e61297b86b957e25506","1","1","215986","https://p.scdn.co/mp3-preview/631ce7630507e911794321dff3a620c95796d16a?cid=9950ac751e34487dbbe027c4fd7f8e99","false","51","UK43Q2007956","","2023-04-22T16:21:07Z"
"spotify:track:2oMerdOdPAEpv67uVjtTUJ","Chemistry","spotify:artist:2s187JqHC9kipPLBLWXubl, spotify:artist:4Ns55iOSe1Im2WU2e1Eym0","Falz, Simi","spotify:album:7fIrtqz9L6ilRL6vXuKR0D","Chemistry","spotify:artist:2s187JqHC9kipPLBLWXubl, spotify:artist:4Ns55iOSe1Im2WU2e1Eym0","Falz, Simi","2016-10-27","https://i.scdn.co/image/ab67616d0000b273e6d9a1729f571c54db38ffe9","1","5","228414","https://p.scdn.co/mp3-preview/94dd0eca32faf63dbdc40bcfbb1dc47d2828c847?cid=9950ac751e34487dbbe027c4fd7f8e99","false","44","UK43Q1604664","","2023-04-22T16:20:59Z"
"spotify:track:765zfCJsXtDDPInx1smYLo","Real Man","spotify:artist:2TwUVWFJs4LD0lOBbJXnNa","Korede Bello","spotify:album:3GZNX1TLAGQu3FyE3J6F2w","Real Man","spotify:artist:2TwUVWFJs4LD0lOBbJXnNa","Korede Bello","2021-02-05","https://i.scdn.co/image/ab67616d0000b2731d12077a80b0cd6b2d785c37","1","1","175098","https://p.scdn.co/mp3-preview/87e4d83767896143e175aa47f0b50e7c6fb114c6?cid=9950ac751e34487dbbe027c4fd7f8e99","false","63","NGA3B2108001","","2023-04-22T16:19:09Z"
"spotify:track:7vgzOx66NaXaeUFvTfpMww","Energy","spotify:artist:75VKfyoBlkmrJFDqo1o2VY","Fireboy DML","spotify:album:4dZjYBEciWomanesAv3fie","Laughter, Tears & Goosebumps","spotify:artist:75VKfyoBlkmrJFDqo1o2VY","Fireboy DML","2019-11-28","https://i.scdn.co/image/ab67616d0000b273b747618b16bff54d5cd70325","1","5","213600","https://p.scdn.co/mp3-preview/4c1c28b216d6b039c5fe1137fab8073500fcd36e?cid=9950ac751e34487dbbe027c4fd7f8e99","false","45","USUYG1281973","","2023-04-22T15:37:05Z"
"spotify:track:0mfBe4NHvtnmpGC4DkFDgt","Niko on","spotify:artist:1S879JVAjzvTzxmSq7DFCz","Chris Kaiga","spotify:album:7FXIW1gEPaO5YyulhnoCmQ","Niko on","spotify:artist:1S879JVAjzvTzxmSq7DFCz","Chris Kaiga","2019-09-03","https://i.scdn.co/image/ab67616d0000b273de05166a41fdbb5d14fbd611","1","1","130351","https://p.scdn.co/mp3-preview/2d351a7b8a4a96b765e145c41b6f3b5028a20f55?cid=9950ac751e34487dbbe027c4fd7f8e99","false","40","GBLFP1938799","","2023-04-21T22:42:31Z"
"spotify:track:6bFNR8dQQ7gDNgxBBL6662","Therapy - Mixed","spotify:artist:2ayt5jDUuTCpoTG7sHSvuq","Stonebwoy","spotify:album:7JqJs2zKM1aX1uwSMayAuG","2023 Afrobeat Mixtape VOL 1 (DJ Mix)","spotify:artist:1toczGUwTZO2TrC18aoyxF","DJ Blix Cool","2023-03-29","https://i.scdn.co/image/ab67616d0000b2739f7fe54f72225ae8317b32ea","1","2","88882","","true","21","QZN882390431","","2023-04-21T22:41:02Z"
"spotify:track:2YqPcJXS2TKolWRtzMdVrD","Stamina","spotify:artist:2zhossaaVN2pXg5p8o101X, spotify:artist:4loRXsKXjBAMpJY0MBDq7H","Bien, Aaron Rimbui","spotify:album:0mh0omjloNFwYzudtlk8xZ","Bald Men Love Better","spotify:artist:2zhossaaVN2pXg5p8o101X, spotify:artist:4loRXsKXjBAMpJY0MBDq7H","Bien, Aaron Rimbui","2021-11-05","https://i.scdn.co/image/ab67616d0000b273b8ba3b6f30855b0ed558f966","1","2","347400","https://p.scdn.co/mp3-preview/0bfa179148baa9ffb42f5c1f0af2e679075135de?cid=9950ac751e34487dbbe027c4fd7f8e99","false","30","USA2P2136604","","2023-04-21T22:31:30Z"
"spotify:track:0dHzOwpLHRw4xA6TEIVIkq","Medicine","spotify:artist:09vo12hHajgG2cZzq0rGmE","Bensoul","spotify:album:4URmrv5RB7dI5VKHiCI0FV","Medicine","spotify:artist:09vo12hHajgG2cZzq0rGmE","Bensoul","2021-05-07","https://i.scdn.co/image/ab67616d0000b27395e98753cff85636e9364757","1","3","210148","https://p.scdn.co/mp3-preview/7b02542e0f128c3091b124c35374bda8f27bf4ef?cid=9950ac751e34487dbbe027c4fd7f8e99","false","40","KEA5J2100009","","2023-04-21T22:06:20Z"
"spotify:track:6QIOxTdoi8Nyl2DeSSWIr7","Queen of Sheba","spotify:artist:1WryFbMe3DuToQGFN6Ke64","Meddy","spotify:album:5YQJ2heYb028mcoCOOv2y5","Queen of Sheba","spotify:artist:1WryFbMe3DuToQGFN6Ke64","Meddy","2021-07-26","https://i.scdn.co/image/ab67616d0000b273d0afdbdd78809a21d7d6d672","1","1","217570","https://p.scdn.co/mp3-preview/6a160202f709397f454c95522077d9597070b995?cid=9950ac751e34487dbbe027c4fd7f8e99","false","38","usl4q2101017","","2023-04-21T22:03:09Z"
"spotify:track:6kbOMTFERPFnuoCxFwYjVQ","In My Heart","spotify:artist:6qnCKReNUtO4U75Vazr2mQ, spotify:artist:0ATaTrI3Seyqopb99rnAqJ","Shashl, Enzo Ishall","spotify:album:1leTWIQZIqYPkPqALEyoHk","Highway","spotify:artist:6qnCKReNUtO4U75Vazr2mQ","Shashl","2022-03-14","https://i.scdn.co/image/ab67616d0000b27361ed859572f2f4ea22c08eaf","1","13","144644","https://p.scdn.co/mp3-preview/c490e2b4852fc7e2331a5f34080066861366dc36?cid=9950ac751e34487dbbe027c4fd7f8e99","false","34","UK43Q2181559","","2023-04-21T21:00:52Z"
"spotify:track:13ucHTsN75toP1zGiYL5YK","Chizi","spotify:artist:09vo12hHajgG2cZzq0rGmE, spotify:artist:2J4IvVbi2h1wB2A0p5kd86","Bensoul, Xenia Manasseh","spotify:album:4sx5OcEfV3O6BLmKF3FV1h","The Lion of Sudah","spotify:artist:09vo12hHajgG2cZzq0rGmE","Bensoul","2023-04-20","https://i.scdn.co/image/ab67616d0000b2732053289307abb4d6cdd53ed0","1","10","225974","https://p.scdn.co/mp3-preview/4d43c773ab0f35e1c28e959acbb7c4dffa2dc039?cid=9950ac751e34487dbbe027c4fd7f8e99","false","41","ZA56E2302206","","2023-04-21T20:36:27Z"
"spotify:track:7MR6B14XLBuEt167xbdWB5","My Boo","spotify:artist:09vo12hHajgG2cZzq0rGmE, spotify:artist:4FjLrdzDbqrP9E9FzERGap, spotify:artist:1xdz3e3xkRKYMS9TqgIbi5","Bensoul, Savara, Fancy Fingers","spotify:album:4sx5OcEfV3O6BLmKF3FV1h","The Lion of Sudah","spotify:artist:09vo12hHajgG2cZzq0rGmE","Bensoul","2023-04-20","https://i.scdn.co/image/ab67616d0000b2732053289307abb4d6cdd53ed0","1","9","242024","https://p.scdn.co/mp3-preview/f88098f79fcc74c5d6f4fa736feb1977bcb9451a?cid=9950ac751e34487dbbe027c4fd7f8e99","true","39","ZA56E2302205","","2023-04-21T20:36:25Z"
"spotify:track:1mSI6HmSBUKCsGSUSz6vui","Row","spotify:artist:09vo12hHajgG2cZzq0rGmE, spotify:artist:7itqo8Vno3ohE3Ce85aHBL, spotify:artist:4AIr4Ly0nJMjtcRg46naSp","Bensoul, Mordecai Dex, Okello Max","spotify:album:4sx5OcEfV3O6BLmKF3FV1h","The Lion of Sudah","spotify:artist:09vo12hHajgG2cZzq0rGmE","Bensoul","2023-04-20","https://i.scdn.co/image/ab67616d0000b2732053289307abb4d6cdd53ed0","1","2","207248","https://p.scdn.co/mp3-preview/9f9e31e6615a4670a7c3933cee1290b52ff7b9c7?cid=9950ac751e34487dbbe027c4fd7f8e99","true","43","ZA56E2302198","","2023-04-21T20:04:50Z"
"spotify:track:4keVycUzCLxLu0TnSILM8s","Napepea","spotify:artist:09vo12hHajgG2cZzq0rGmE","Bensoul","spotify:album:4sx5OcEfV3O6BLmKF3FV1h","The Lion of Sudah","spotify:artist:09vo12hHajgG2cZzq0rGmE","Bensoul","2023-04-20","https://i.scdn.co/image/ab67616d0000b2732053289307abb4d6cdd53ed0","1","3","172800","https://p.scdn.co/mp3-preview/543d068ec415131110c948ff270ad3f4bad71b71?cid=9950ac751e34487dbbe027c4fd7f8e99","false","39","ZA56E2302199","","2023-04-21T20:04:46Z"
"spotify:track:5ONSqTDeJU3uNMS78kjXK6","Dondosa","spotify:artist:09vo12hHajgG2cZzq0rGmE, spotify:artist:6FbCERtE2CKqEWihHMYjcG","Bensoul, Bayanni","spotify:album:4sx5OcEfV3O6BLmKF3FV1h","The Lion of Sudah","spotify:artist:09vo12hHajgG2cZzq0rGmE","Bensoul","2023-04-20","https://i.scdn.co/image/ab67616d0000b2732053289307abb4d6cdd53ed0","1","12","220424","","true","35","ZA56E2302208","","2023-04-21T19:43:46Z"
"spotify:track:1tOp1bXhT9tvydSAGDHdQy","Stamina","spotify:artist:1hNaHKp2Za5YdOAG0WnRbc, spotify:artist:3ZpEKRjHaHANcpk10u6Ntq, spotify:artist:4JM1zsVj1pt38Q8mhv5teI","Tiwa Savage, Ayra Starr, Young Jonn","spotify:album:1hfN3p0gt7f6kW8UUyehWm","Stamina","spotify:artist:1hNaHKp2Za5YdOAG0WnRbc, spotify:artist:3ZpEKRjHaHANcpk10u6Ntq, spotify:artist:4JM1zsVj1pt38Q8mhv5teI","Tiwa Savage, Ayra Starr, Young Jonn","2023-03-14","https://i.scdn.co/image/ab67616d0000b273e41361c652615b613606c450","1","1","166956","https://p.scdn.co/mp3-preview/394f26316eea07bb0044b47d7988d8e6818e1e66?cid=9950ac751e34487dbbe027c4fd7f8e99","false","72","USUYG1471758","","2023-04-20T11:36:20Z"
"spotify:track:7gReWQ16Qs5gtAkytHEKB8","Don Dada","spotify:artist:7gEgjd9W1P1iAD9FbubrqC","Timaya","spotify:album:0vwe1g87WzbjWTNBPFZiNj","Gratitude","spotify:artist:7gEgjd9W1P1iAD9FbubrqC","Timaya","2020-11-18","https://i.scdn.co/image/ab67616d0000b2735ba6e877bd4dd446dbdcb5b9","1","3","208040","https://p.scdn.co/mp3-preview/2914c9239c1e22113aee3e2e3fedc2fe97ca960c?cid=9950ac751e34487dbbe027c4fd7f8e99","true","45","QZNJV2056465","","2023-04-20T10:34:14Z"
"spotify:track:3LFGua1rSkHnuLmuMClOh9","Mi Casa Su Casa","spotify:artist:2TwUVWFJs4LD0lOBbJXnNa","Korede Bello","spotify:album:1eOM8ceThHuflNUzAsJMGW","Mi Casa Su Casa","spotify:artist:2TwUVWFJs4LD0lOBbJXnNa","Korede Bello","2020-04-23","https://i.scdn.co/image/ab67616d0000b2735b6d8b6f4a92fd66d64be5b6","1","1","168253","https://p.scdn.co/mp3-preview/6d3f2b1eb12abb360cf848d98d1bc764448706e9?cid=9950ac751e34487dbbe027c4fd7f8e99","false","44","NGA3B2008002","","2023-04-20T10:09:01Z"
"spotify:track:7t7NROx1ozdnbGThDv6rXL","Attencion","spotify:artist:42B7kT9OrmQyjYb2jYGFHe","Singah","spotify:album:1AXGo2Bd2q4b82tYSOc98g","The Moon and Back","spotify:artist:42B7kT9OrmQyjYb2jYGFHe","Singah","2021-11-26","https://i.scdn.co/image/ab67616d0000b273df9734ef7076be97dda2a2db","1","4","203640","https://p.scdn.co/mp3-preview/282300308c03442395a6f6a632cb2476e8541d49?cid=9950ac751e34487dbbe027c4fd7f8e99","false","45","NLRD52027872","","2023-04-20T10:02:18Z"
"spotify:track:1SFA5zEVOsLhEg7ynbvQFT","Luv Me A Little","spotify:artist:45eNHdiiabvmbp4erw26rg, spotify:artist:7AzjETXRUKNRSJHMW9GIqd","ILLENIUM, Nina Nesbitt","spotify:album:7rZOkDS1qDISQN3kValLId","Luv Me A Little","spotify:artist:45eNHdiiabvmbp4erw26rg, spotify:artist:7AzjETXRUKNRSJHMW9GIqd","ILLENIUM, Nina Nesbitt","2023-01-20","https://i.scdn.co/image/ab67616d0000b2732c63e6bc06a8b23366662cd5","1","1","224615","https://p.scdn.co/mp3-preview/188941f8f8ef9766fdbaf305d809a6ab25307042?cid=9950ac751e34487dbbe027c4fd7f8e99","false","66","USWB12207330","","2023-04-20T07:35:23Z"
"spotify:track:1Yqe3VYgjOhhJLtqkla2zc","Don’t Let Me Let Go (with ILLENIUM & EVAN GIIA)","spotify:artist:5R3Hr2cnCCjt220Jmt2xLf, spotify:artist:45eNHdiiabvmbp4erw26rg, spotify:artist:0D6BtvIkN3P9GHTa8KR24t","Dillon Francis, ILLENIUM, EVAN GIIA","spotify:album:7fHe7lst5i6lMPzgoIgwkf","Don’t Let Me Let Go (with ILLENIUM & EVAN GIIA)","spotify:artist:5R3Hr2cnCCjt220Jmt2xLf, spotify:artist:45eNHdiiabvmbp4erw26rg, spotify:artist:0D6BtvIkN3P9GHTa8KR24t","Dillon Francis, ILLENIUM, EVAN GIIA","2022-07-08","https://i.scdn.co/image/ab67616d0000b2735b6d394ac967c01042afa861","1","1","205479","","false","65","USUG12205155","","2023-04-20T07:22:45Z"
"spotify:track:5x7NKpGAobN005jS36GnH1","Jejely","spotify:artist:2TwUVWFJs4LD0lOBbJXnNa, spotify:artist:4TAoP0f9OuWZUesao43xUW","Korede Bello, Mr Eazi","spotify:album:3iMfiM40oxLibQGnttPGMO","Jejely","spotify:artist:2TwUVWFJs4LD0lOBbJXnNa, spotify:artist:4TAoP0f9OuWZUesao43xUW","Korede Bello, Mr Eazi","2023-04-14","https://i.scdn.co/image/ab67616d0000b273e446b39f2df8ceda8d62a1e8","1","1","181250","https://p.scdn.co/mp3-preview/df17e6129acb9b6903ec70214a3b7ea34f9c7417?cid=9950ac751e34487dbbe027c4fd7f8e99","false","57","QZGLS2320589","","2023-04-20T05:57:59Z"
"spotify:track:6qk3jI8bKCgURI3h0d8zBZ","Again","spotify:artist:1fYVmAFB7sC7eDoF3mJXla","Wande Coal","spotify:album:0ZdiHNx2h4QTKwfF7fEM8j","Realms","spotify:artist:1fYVmAFB7sC7eDoF3mJXla","Wande Coal","2020-09-10","https://i.scdn.co/image/ab67616d0000b27370d87cb717db12a2f85b8dc5","1","1","156083","https://p.scdn.co/mp3-preview/cdb6757b9119fc6d75897b3e9493556005fe78af?cid=9950ac751e34487dbbe027c4fd7f8e99","false","69","USUYG1292413","","2023-04-20T04:51:23Z"
"spotify:track:3B5slaBuBK0BsuNw570pmx","Like I Do","spotify:artist:75VKfyoBlkmrJFDqo1o2VY","Fireboy DML","spotify:album:4dZjYBEciWomanesAv3fie","Laughter, Tears & Goosebumps","spotify:artist:75VKfyoBlkmrJFDqo1o2VY","Fireboy DML","2019-11-28","https://i.scdn.co/image/ab67616d0000b273b747618b16bff54d5cd70325","1","6","232800","https://p.scdn.co/mp3-preview/55b80d18f3a187d5bf8109ea8d743f84cd930d98?cid=9950ac751e34487dbbe027c4fd7f8e99","false","55","USUYG1281974","","2023-04-20T04:38:46Z"
"spotify:track:2jZ2MrAk8iNZk1dsI0Vr5z","Cold Outside","spotify:artist:7gEgjd9W1P1iAD9FbubrqC, spotify:artist:3zaDigUwjHvjOkSn0NDf9x","Timaya, BNXN fka Buju","spotify:album:7lVp4uiQQr65XGWwmwQWR0","Cold Outside","spotify:artist:7gEgjd9W1P1iAD9FbubrqC","Timaya","2021-10-14","https://i.scdn.co/image/ab67616d0000b2732d13db66ef471cff5affa0a6","1","1","181224","https://p.scdn.co/mp3-preview/e33cf0cc7ffeb8f19b2401a08c554ed83bfc969f?cid=9950ac751e34487dbbe027c4fd7f8e99","true","68","QZNJW2168976","","2023-04-20T04:38:34Z"
"spotify:track:4syQ2kfKPdXfhvn54T5c1f","Kiss","spotify:artist:4AIr4Ly0nJMjtcRg46naSp, spotify:artist:4esumh2YNzYr3fioANDycT","Okello Max, Jerry Ogallo","spotify:album:2pg5DXgkfuZukbjRgXmPak","Kiss","spotify:artist:4AIr4Ly0nJMjtcRg46naSp","Okello Max","2019-09-07","https://i.scdn.co/image/ab67616d0000b2738374d088a9321718055436f6","1","1","218735","https://p.scdn.co/mp3-preview/c3b30264a384fb3bb908d426579563f645bfba15?cid=9950ac751e34487dbbe027c4fd7f8e99","false","35","SEYOK1945520","","2023-04-20T04:34:45Z"
"spotify:track:1yJYqwBNPki6CsJOa7vAEi","Hatujachelewa","spotify:artist:09vo12hHajgG2cZzq0rGmE, spotify:artist:2ZLAPSgdMTOcovno5mGBZW","Bensoul, Jux","spotify:album:4sx5OcEfV3O6BLmKF3FV1h","The Lion of Sudah","spotify:artist:09vo12hHajgG2cZzq0rGmE","Bensoul","2023-04-20","https://i.scdn.co/image/ab67616d0000b2732053289307abb4d6cdd53ed0","1","13","206550","https://p.scdn.co/mp3-preview/c5f0163ff1976d6dabd014733f9ae1533ceba33e?cid=9950ac751e34487dbbe027c4fd7f8e99","false","37","ZA56E2302209","","2023-04-20T03:52:18Z"
"spotify:track:0J9l0Y5MEvO8e6ksy8Hv82","Same Page","spotify:artist:09vo12hHajgG2cZzq0rGmE, spotify:artist:1y2NzUCGrOaUPBZhhyUPcQ","Bensoul, Muthaka","spotify:album:4sx5OcEfV3O6BLmKF3FV1h","The Lion of Sudah","spotify:artist:09vo12hHajgG2cZzq0rGmE","Bensoul","2023-04-20","https://i.scdn.co/image/ab67616d0000b2732053289307abb4d6cdd53ed0","1","11","246900","https://p.scdn.co/mp3-preview/00b14e3b56470db0999a995cc95f116ff0a15c7b?cid=9950ac751e34487dbbe027c4fd7f8e99","false","37","ZA56E2302207","","2023-04-20T03:44:37Z"
"spotify:track:0RPIo7ibxIBVSNhZ9nwAfZ","Melody (Interlude)","spotify:artist:09vo12hHajgG2cZzq0rGmE","Bensoul","spotify:album:4sx5OcEfV3O6BLmKF3FV1h","The Lion of Sudah","spotify:artist:09vo12hHajgG2cZzq0rGmE","Bensoul","2023-04-20","https://i.scdn.co/image/ab67616d0000b2732053289307abb4d6cdd53ed0","1","8","190724","https://p.scdn.co/mp3-preview/23de55641a3ffecc2f35ebc5de33515e6a12a309?cid=9950ac751e34487dbbe027c4fd7f8e99","false","38","ZA56E2302204","","2023-04-20T03:32:17Z"
"spotify:track:0vpLv9AIMiQ4ZmlGRs0w18","Navutishwa","spotify:artist:09vo12hHajgG2cZzq0rGmE, spotify:artist:7F0Sf0Xx4SbwoB2tcbaolD","Bensoul, Bien","spotify:album:4sx5OcEfV3O6BLmKF3FV1h","The Lion of Sudah","spotify:artist:09vo12hHajgG2cZzq0rGmE","Bensoul","2023-04-20","https://i.scdn.co/image/ab67616d0000b2732053289307abb4d6cdd53ed0","1","7","264900","https://p.scdn.co/mp3-preview/9a160f27d6cc1317e65ad98fba6d61404bff4c48?cid=9950ac751e34487dbbe027c4fd7f8e99","true","45","ZA56E2302203","","2023-04-20T03:29:36Z"
"spotify:track:2GopzR9GTzSKlh8lcNg6YJ","Somebody New","spotify:artist:09vo12hHajgG2cZzq0rGmE","Bensoul","spotify:album:4sx5OcEfV3O6BLmKF3FV1h","The Lion of Sudah","spotify:artist:09vo12hHajgG2cZzq0rGmE","Bensoul","2023-04-20","https://i.scdn.co/image/ab67616d0000b2732053289307abb4d6cdd53ed0","1","4","180750","https://p.scdn.co/mp3-preview/17e283a2444d2c3b533572590a505a51b5e59209?cid=9950ac751e34487dbbe027c4fd7f8e99","true","38","ZA56E2302200","","2023-04-20T03:18:36Z"
"spotify:track:66azeRZZUWoe6STpw9w0jE","Dreams (Intro)","spotify:artist:09vo12hHajgG2cZzq0rGmE, spotify:artist:0JeZtZ5PnJVYLsXDZsKKMP","Bensoul, Wanavokali","spotify:album:4sx5OcEfV3O6BLmKF3FV1h","The Lion of Sudah","spotify:artist:09vo12hHajgG2cZzq0rGmE","Bensoul","2023-04-20","https://i.scdn.co/image/ab67616d0000b2732053289307abb4d6cdd53ed0","1","1","279900","https://p.scdn.co/mp3-preview/fd9dbf420b97dbca74ead0b34adcd890e2ef0a07?cid=9950ac751e34487dbbe027c4fd7f8e99","false","38","ZA56E2302197","","2023-04-20T03:10:30Z"
"spotify:track:4bUe0OUcwdu85AMBkZzYFg","Toni-Ann Singh (feat. Popcaan)","spotify:artist:3wcj11K77LjEY1PkEazffa, spotify:artist:62DmErcU7dqZbJaDqwsqzR","Burna Boy, Popcaan","spotify:album:6kgDkAupBVRSqbJPUaTJwQ","Love, Damini","spotify:artist:3wcj11K77LjEY1PkEazffa","Burna Boy","2022-07-07","https://i.scdn.co/image/ab67616d0000b27312ebde47882280b814275600","1","11","175677","https://p.scdn.co/mp3-preview/9d8e6263254214ab55ae68cad890b6636f318cbe?cid=9950ac751e34487dbbe027c4fd7f8e99","true","63","USAT22205420","","2023-04-19T10:51:42Z"
"spotify:track:11qqSo6AyQR68xqVlmwYls","Green Light","spotify:artist:4ovtyvs7j1jSmwhkBGHqSr","Olamide","spotify:album:6fG2eFCgUmytQWL6umtsCh","Carpe Diem","spotify:artist:4ovtyvs7j1jSmwhkBGHqSr","Olamide","2020-10-07","https://i.scdn.co/image/ab67616d0000b27387d20b9a27d5e14d74b5cb77","1","2","194425","https://p.scdn.co/mp3-preview/37e860da63eda727e4c6e9ef523aacb0d9cc33c9?cid=9950ac751e34487dbbe027c4fd7f8e99","true","56","USUYG1330801","","2023-04-19T10:42:10Z"
"spotify:track:0AoBY2Y3qs6dtGgOD6c91N","Alone","spotify:artist:3wcj11K77LjEY1PkEazffa","Burna Boy","spotify:album:06RK0wX4GqHcxBtHlVoGH5","Black Panther: Wakanda Forever - Music From and Inspired By","spotify:artist:5pKCCKE2ajJHZ9KAiaK11H, spotify:artist:687cZJR45JO7jhk1LHIbgq","Rihanna, Tems","2022-11-11","https://i.scdn.co/image/ab67616d0000b273992a1f56ac5382848277cff2","1","3","221746","","false","77","USHR12244832","","2023-04-19T10:26:05Z"
"spotify:track:6cmm1LMvZdB5zsCwX5BjqE","Down","spotify:artist:4pADjHPWyrlAF0FA7joK2H, spotify:artist:55Aa2cqylxrFIXC767Z865","Jay Sean, Lil Wayne","spotify:album:2H66HrVR1UeMlAoSXpxUnk","All Or Nothing","spotify:artist:4pADjHPWyrlAF0FA7joK2H","Jay Sean","2009-01-01","https://i.scdn.co/image/ab67616d0000b273e207a14471e5356294146e9d","1","1","212506","","false","79","USCM50900094","","2023-04-19T08:10:53Z"
"spotify:track:70FCugJxa7XW04Np6iYJdI","21 Questions","spotify:artist:3q7HBObVc0L8jNeTe5Gofh, spotify:artist:1Oa0bMld0A3u5OTYfMzp5h","50 Cent, Nate Dogg","spotify:album:5G5rgQHzdQnw32SI0WjIo5","Get Rich Or Die Tryin'","spotify:artist:3q7HBObVc0L8jNeTe5Gofh","50 Cent","2003-02-06","https://i.scdn.co/image/ab67616d0000b273d843fabb75fef14010e30cae","1","14","224440","","true","76","USIR10300002","","2023-04-19T07:59:08Z"
"spotify:track:1bzM1cd6oqFozdr4wK6HdR","Blessings","spotify:artist:0c173mlxpT3dSFRgMO8XPh, spotify:artist:3TVXtAsR1Inumwj472S9r4","Big Sean, Drake","spotify:album:1j2x7FJXTgUT0X5hZ8TDXE","Dark Sky Paradise","spotify:artist:0c173mlxpT3dSFRgMO8XPh","Big Sean","2015-02-24","https://i.scdn.co/image/ab67616d0000b27350192d5f728fea13fb3af203","1","2","252040","","true","64","USUM71501153","","2023-04-19T07:53:58Z"
"spotify:track:1EoHEkVcysf4WVDx6r9WzQ","Over","spotify:artist:3TVXtAsR1Inumwj472S9r4","Drake","spotify:album:6agmeioaDOBupymziJihgB","Thank Me Later (Int'l Version)","spotify:artist:3TVXtAsR1Inumwj472S9r4","Drake","2010-01-01","https://i.scdn.co/image/ab67616d0000b27372babba16ea5e3afe690b4f1","1","4","233560","","true","62","USCM51000100","","2023-04-19T07:35:16Z"
"spotify:track:6HfOzLLjsaXsehIFEsrxTk","Trophies","spotify:artist:5OrB6Jhhrl9y2PK0pSV4VP, spotify:artist:3TVXtAsR1Inumwj472S9r4","Young Money, Drake","spotify:album:0UwpSCPnNPksM1meQJnBAF","Rise Of An Empire (Deluxe Edition)","spotify:artist:5OrB6Jhhrl9y2PK0pSV4VP","Young Money","2014-01-01","https://i.scdn.co/image/ab67616d0000b273842e732b778998eef17b405f","1","2","188320","","true","76","USCM51400038","","2023-04-19T07:31:47Z"
"spotify:track:1IAzD1muglOxOcPbUHs70R","Whatever You Like","spotify:artist:4OBJLual30L7gRl5UkeRcT","T.I.","spotify:album:5PfepkNWgRR2DI02Y8AawC","Paper Trail","spotify:artist:4OBJLual30L7gRl5UkeRcT","T.I.","2008-09-07","https://i.scdn.co/image/ab67616d0000b273b6d4478c6f91f1cb2d326c78","1","6","249533","https://p.scdn.co/mp3-preview/e3d5d7208d8e8d4f4e108b764553ead94c167c31?cid=9950ac751e34487dbbe027c4fd7f8e99","true","75","USAT20803170","","2023-04-19T07:14:36Z"
"spotify:track:5IgjP7X4th6nMNDh4akUHb","Under The Influence","spotify:artist:7bXgB6jMjp9ATFy66eO08Z","Chris Brown","spotify:album:3okhA6w5uau6ZNhnVpwVww","Indigo (Extended)","spotify:artist:7bXgB6jMjp9ATFy66eO08Z","Chris Brown","2019-10-04","https://i.scdn.co/image/ab67616d0000b2739a494f7d8909a6cc4ceb74ac","1","3","184613","https://p.scdn.co/mp3-preview/52295df71df20e33e1510e3983975cd59f6664a4?cid=9950ac751e34487dbbe027c4fd7f8e99","true","91","USRC11902743","","2023-04-19T07:14:31Z"
"spotify:track:60HGKB4wbcZhClLTYIjzNw","Can't Let You Go (feat. King Promise)","spotify:artist:01DTVE3KmoPogPZaOvMqO8, spotify:artist:4tIKaxUmpXzshok2yCnwdf","Sarkodie, King Promise","spotify:album:38LPmNiFu2NPdKAPAYb7ct","Black Love","spotify:artist:01DTVE3KmoPogPZaOvMqO8","Sarkodie","2019-12-20","https://i.scdn.co/image/ab67616d0000b27381e614da6e4b3bb815d45cbc","1","3","223166","https://p.scdn.co/mp3-preview/26b89920a3101426272e07ec80c93d1c5b768f2b?cid=9950ac751e34487dbbe027c4fd7f8e99","true","43","GBMA21873438","","2023-04-19T06:56:55Z"
"spotify:track:39q1OAUF88KeYeMjmfd15v","Easy (Jeje)","spotify:artist:3bxZkzk0PLHcetO9o4oxXn","Reekado Banks","spotify:album:2Tc7JXLB2WpKkKegbhrGna","Easy (Jeje)","spotify:artist:3bxZkzk0PLHcetO9o4oxXn","Reekado Banks","2017-08-08","https://i.scdn.co/image/ab67616d0000b2738ca6f3b417e0d9aa1d5100f6","1","1","200413","https://p.scdn.co/mp3-preview/17418a433a995128b8231eec2b6984c6efaefa9b?cid=9950ac751e34487dbbe027c4fd7f8e99","false","41","NGA3B1707002","","2023-04-19T06:49:10Z"
"spotify:track:2SEUmlCikPENN9hJytRHV2","Paranoia","spotify:artist:1V6rvT87qMQvo6HAixjlpY","Ayo Jay","spotify:album:4OTPHbQjEB1OAdsn8HrpBA","Wonder Shall Never End","spotify:artist:1V6rvT87qMQvo6HAixjlpY","Ayo Jay","2021-07-02","https://i.scdn.co/image/ab67616d0000b27300819a56db66fbba67d008ab","1","2","181241","https://p.scdn.co/mp3-preview/ac73ca9cde697c383d65da49fe4c33dff782eaa3?cid=9950ac751e34487dbbe027c4fd7f8e99","false","53","QZJG51717621","","2023-04-19T06:45:45Z"
"spotify:track:3LbXzCehkT8acW8FsPpPKt","Make Up Your Mind (feat. Tekno)","spotify:artist:1sSt1DqqqFLkPwfrqafVyn, spotify:artist:6IhG3Yxm3UW98jhyBvrIut","Ice Prince, Tekno","spotify:album:3dmzUWL5Auk8lL0QBqdlhf","Make Up Your Mind (feat. Tekno)","spotify:artist:1sSt1DqqqFLkPwfrqafVyn","Ice Prince","2020-09-04","https://i.scdn.co/image/ab67616d0000b273b752018abe906dfdbd4c4eee","1","1","184797","https://p.scdn.co/mp3-preview/9122c876e7ea20fc87ce4cf899ed3684851bfe03?cid=9950ac751e34487dbbe027c4fd7f8e99","false","43","QMCE32000392","","2023-04-19T06:44:58Z"
"spotify:track:1wBpOLBIsjXz1EeMeMDjpg","Fall in Love","spotify:artist:5RCdjio4ASMQ8CFaSuAl6C","D'banj","spotify:album:6J5lL8raLc56d7E5FXk7sg","Entertainer","spotify:artist:5RCdjio4ASMQ8CFaSuAl6C","D'banj","2008-09-11","https://i.scdn.co/image/ab67616d0000b273d27515942a00c5411a483e85","1","6","252000","https://p.scdn.co/mp3-preview/24b4073b336e0d60a67150b200c6f7b8099ec3f9?cid=9950ac751e34487dbbe027c4fd7f8e99","true","45","QM6N22160567","","2023-04-19T06:38:01Z"
"spotify:track:3FFkR6EGjYa87mMHGP0IIy","My Bebe","spotify:artist:5yOvAmpIR7hVxiS6Ls5DPO","Omah Lay","spotify:album:78VSjJ7ELnRthl79N7CYLf","What Have We Done","spotify:artist:5yOvAmpIR7hVxiS6Ls5DPO","Omah Lay","2020-11-20","https://i.scdn.co/image/ab67616d0000b273b4e1da28229fb79731d2320d","1","1","153892","https://p.scdn.co/mp3-preview/f64edd04038d771f818326454467e27ba5992261?cid=9950ac751e34487dbbe027c4fd7f8e99","false","41","UK43Q2010890","","2023-04-19T06:37:50Z"
"spotify:track:7ka9HaPbdwYUsMmHvaie41","Activate","spotify:artist:2ayt5jDUuTCpoTG7sHSvuq, spotify:artist:0Y3agQaa6g2r0YmHPOO9rh","Stonebwoy, Davido","spotify:album:2sproMXb0ZqQefLlgjYPfo","Activate","spotify:artist:2ayt5jDUuTCpoTG7sHSvuq, spotify:artist:0Y3agQaa6g2r0YmHPOO9rh","Stonebwoy, Davido","2020-12-03","https://i.scdn.co/image/ab67616d0000b2735155106ddb52afad4860cb51","1","1","217777","","false","46","NLRD51953048","","2023-04-19T06:26:07Z"
"spotify:track:5lAOltJO0aw2FUP5Use4cD","Baby I'm Jealous","spotify:artist:4TAoP0f9OuWZUesao43xUW, spotify:artist:4lJlIZfH7NKzwWizTDuYmN, spotify:artist:4tIKaxUmpXzshok2yCnwdf","Mr Eazi, emPawa Africa, King Promise","spotify:album:6Z22tsn1nyT9CmcTZa8ZEC","One Day You Will Understand","spotify:artist:4TAoP0f9OuWZUesao43xUW, spotify:artist:4lJlIZfH7NKzwWizTDuYmN","Mr Eazi, emPawa Africa","2020-06-10","https://i.scdn.co/image/ab67616d0000b273e70d1ba31d21e130d9577e41","1","1","150000","https://p.scdn.co/mp3-preview/eb5f158082c050f80fd8cf7b40f4995c92e95f57?cid=9950ac751e34487dbbe027c4fd7f8e99","false","50","QMGR32010138","","2023-04-19T06:22:57Z"
"spotify:track:2QQk94CGXfsO5J6k6im7Jw","Mon Bebe","spotify:artist:14PimM6ohO2gYftuwTam9V","KiDi","spotify:album:7sX992U7KTu4up4jW1LEPX","The Golden Boy","spotify:artist:14PimM6ohO2gYftuwTam9V","KiDi","2021-06-23","https://i.scdn.co/image/ab67616d0000b273f51fe693375eca0eb526b6e5","1","8","151663","https://p.scdn.co/mp3-preview/6c7abc37cd2896b6275c5451b224215036d6f1f6?cid=9950ac751e34487dbbe027c4fd7f8e99","true","59","USUYG1358403","","2023-04-19T06:21:07Z"
"spotify:track:1RrayK8ea3tDtD1QnNMUL9","Falling For U","spotify:artist:4on7a4BKixLl1rSlEcaY8Y, spotify:artist:4TAoP0f9OuWZUesao43xUW, spotify:artist:1eCaedusgydlcn69blHOvL","Blaq Jerzee, Mr Eazi, Harmonize","spotify:album:3TMfWqrSPfKFXUgGJyL09Z","Lost Files","spotify:artist:4on7a4BKixLl1rSlEcaY8Y","Blaq Jerzee","2023-03-10","https://i.scdn.co/image/ab67616d0000b273f3ecaf965f9a55d7f9cf3630","1","2","183484","https://p.scdn.co/mp3-preview/d392e40db5ba2d3921727a89288961ed302cb2a4?cid=9950ac751e34487dbbe027c4fd7f8e99","false","58","GBLFP2042059","","2023-04-19T06:10:00Z"
"spotify:track:4cCo1QTHuuJCZQDnAUahQI","Betty Butter","spotify:artist:3DNCUaKdMZcMVJIS7yTskd, spotify:artist:0Y3agQaa6g2r0YmHPOO9rh","Mayorkun, Davido","spotify:album:3EOaOT5E1TOzXt1LtkLykd","Betty Butter","spotify:artist:3DNCUaKdMZcMVJIS7yTskd, spotify:artist:0Y3agQaa6g2r0YmHPOO9rh","Mayorkun, Davido","2020-07-03","https://i.scdn.co/image/ab67616d0000b2737ae6bcc9927998e522c347f4","1","1","129802","https://p.scdn.co/mp3-preview/c4327f57afa2b6462b8e3994a384cd80bc233f2f?cid=9950ac751e34487dbbe027c4fd7f8e99","true","41","QZ2GW2000135","","2023-04-19T06:04:29Z"
"spotify:track:1spr5Z9mRtJhZgkkjtjxna","Jaho","spotify:artist:1X6cBGnXpEpN7CmflLKmLV","Kizz Daniel","spotify:album:17HtAdJO3qQzLJDf9GAePl","King Of Love","spotify:artist:1X6cBGnXpEpN7CmflLKmLV","Kizz Daniel","2020-06-25","https://i.scdn.co/image/ab67616d0000b273b8df18614205552b43aa30ef","1","1","179983","https://p.scdn.co/mp3-preview/f08b0c2ecb7de4c9c01f55df05de9d81923133c4?cid=9950ac751e34487dbbe027c4fd7f8e99","true","51","GBZB51900080","","2023-04-19T05:57:08Z"
"spotify:track:55aQFSelJ6fY1xXpMHRju8","All For You","spotify:artist:1XavfPKBpNjkOfxHINlMHF","Joeboy","spotify:album:5ycopkcsa3kPg1cbw9sDqu","Love & Light","spotify:artist:1XavfPKBpNjkOfxHINlMHF","Joeboy","2019-11-08","https://i.scdn.co/image/ab67616d0000b2735e1ddc344574b94843a6ff5f","1","4","158365","https://p.scdn.co/mp3-preview/28bf35e5ea393a66dfe841adb9fc64bb05719a40?cid=9950ac751e34487dbbe027c4fd7f8e99","false","44","QMGR32042994","","2023-04-19T05:49:38Z"
"spotify:track:7hKkeswtn0FRLblD4bnrxv","Beginning","spotify:artist:1XavfPKBpNjkOfxHINlMHF","Joeboy","spotify:album:5ycopkcsa3kPg1cbw9sDqu","Love & Light","spotify:artist:1XavfPKBpNjkOfxHINlMHF","Joeboy","2019-11-08","https://i.scdn.co/image/ab67616d0000b2735e1ddc344574b94843a6ff5f","1","2","158052","https://p.scdn.co/mp3-preview/740e74896239d0e35c6e2609673cff901f5bc892?cid=9950ac751e34487dbbe027c4fd7f8e99","false","44","QMGR32026369","","2023-04-19T05:45:57Z"
"spotify:track:39mBggiTIKDRf67oAAoSUx","Cast (Gen Z Anthem)","spotify:artist:3ZpEKRjHaHANcpk10u6Ntq","Ayra Starr","spotify:album:0AjdvP8p42lwSzmN0PpwJv","19 & Dangerous","spotify:artist:3ZpEKRjHaHANcpk10u6Ntq","Ayra Starr","2021-08-06","https://i.scdn.co/image/ab67616d0000b273e48bafa795ea44916cf134ca","1","1","165196","https://p.scdn.co/mp3-preview/56edf42e1cc49d2d222d31c6730c6ca6bab21b83?cid=9950ac751e34487dbbe027c4fd7f8e99","true","47","NGA3B2016006","","2023-04-19T05:43:13Z"
"spotify:track:7bXovJlMj36i8fnAI8JCKF","Mama","spotify:artist:3DNCUaKdMZcMVJIS7yTskd","Mayorkun","spotify:album:6fXKI6h2ijegJoC1GTKnja","The Mayor of Lagos","spotify:artist:3DNCUaKdMZcMVJIS7yTskd","Mayorkun","2018-11-16","https://i.scdn.co/image/ab67616d0000b27374a5a8db3d63c56b91f97f73","1","14","198504","https://p.scdn.co/mp3-preview/731711091d53f0564ee0dd535421413989a46507?cid=9950ac751e34487dbbe027c4fd7f8e99","true","46","UK43Q1806568","","2023-04-19T05:37:33Z"
"spotify:track:6nnZHjSHt0ZNtx4bIUky9P","Boys Are Bad","spotify:artist:1X6cBGnXpEpN7CmflLKmLV","Kizz Daniel","spotify:album:17HtAdJO3qQzLJDf9GAePl","King Of Love","spotify:artist:1X6cBGnXpEpN7CmflLKmLV","Kizz Daniel","2020-06-25","https://i.scdn.co/image/ab67616d0000b273b8df18614205552b43aa30ef","1","3","137000","https://p.scdn.co/mp3-preview/e06d740f9aa51b6c4ab728fc1b945ff634584c76?cid=9950ac751e34487dbbe027c4fd7f8e99","false","61","USUYG1317392","","2023-04-19T05:32:12Z"
"spotify:track:1IARNA3zsu39Kul2ov9n3J","King","spotify:artist:75VKfyoBlkmrJFDqo1o2VY","Fireboy DML","spotify:album:4dZjYBEciWomanesAv3fie","Laughter, Tears & Goosebumps","spotify:artist:75VKfyoBlkmrJFDqo1o2VY","Fireboy DML","2019-11-28","https://i.scdn.co/image/ab67616d0000b273b747618b16bff54d5cd70325","1","8","165040","https://p.scdn.co/mp3-preview/7849e3098bb8616a5fd3aea1026e34e628f9eca2?cid=9950ac751e34487dbbe027c4fd7f8e99","false","61","USUYG1266555","","2023-04-19T05:30:03Z"
"spotify:track:0GXGxkfMYquJOWGfG5bC8N","Your Body (Cocaine)","spotify:artist:2G0yYOdnPrffB2Mre1XCMv","Dai Verse","spotify:album:6eMYMGVxrjNxQ6n8FEmn4G","Your Body (Cocaine)","spotify:artist:2G0yYOdnPrffB2Mre1XCMv","Dai Verse","2021-01-24","https://i.scdn.co/image/ab67616d0000b27302e6846efc78b9d9c9e1fa99","1","1","146521","https://p.scdn.co/mp3-preview/4c2b4040acab8f2c5ecbd5f24a87d423b98972c5?cid=9950ac751e34487dbbe027c4fd7f8e99","true","47","UK43Q2012307","","2023-04-19T05:04:02Z"
"spotify:track:69vmMU3DyducrazXbFmOqH","Madu","spotify:artist:1X6cBGnXpEpN7CmflLKmLV","Kizz Daniel","spotify:album:0DpLAtDsBunoPN3V8ir3QS","No Bad Songz","spotify:artist:1X6cBGnXpEpN7CmflLKmLV","Kizz Daniel","2018-11-30","https://i.scdn.co/image/ab67616d0000b2733dc9a05501cd53af6f99da4a","1","14","161400","https://p.scdn.co/mp3-preview/f78c4d6daac53dd3db9d5b2db6c3cc87605faf5e?cid=9950ac751e34487dbbe027c4fd7f8e99","false","53","GBZB51800118","","2023-04-19T04:59:55Z"
"spotify:track:7scINjDU13FTbCakH7bf2E","Outside","spotify:artist:3zaDigUwjHvjOkSn0NDf9x","BNXN fka Buju","spotify:album:3s9e6NFuPRzU2WUdSvLGi6","Outside","spotify:artist:3zaDigUwjHvjOkSn0NDf9x","BNXN fka Buju","2021-05-19","https://i.scdn.co/image/ab67616d0000b2738a28f73f3836b59e9f3f7e0e","1","1","191976","https://p.scdn.co/mp3-preview/bf2e93a76ec033b457c731b76519470d8721e887?cid=9950ac751e34487dbbe027c4fd7f8e99","true","56","USUYG1368478","","2023-04-19T04:55:30Z"
"spotify:track:4ahI2IdM0Z1e7dLopcNJQi","Door","spotify:artist:1XavfPKBpNjkOfxHINlMHF, spotify:artist:52iM1kP5BpnLypZ0VtrpyY","Joeboy, Kwesi Arthur","spotify:album:3NEfHN5barIoNRNa4vPXh1","Door","spotify:artist:1XavfPKBpNjkOfxHINlMHF, spotify:artist:52iM1kP5BpnLypZ0VtrpyY","Joeboy, Kwesi Arthur","2021-04-22","https://i.scdn.co/image/ab67616d0000b273d6d4243aeb475126c0a4055f","1","1","152042","https://p.scdn.co/mp3-preview/f9c51f076f3fb90a23ce13e1d0428988364f244c?cid=9950ac751e34487dbbe027c4fd7f8e99","false","54","QZQAY2139179","","2023-04-19T04:52:52Z"
"spotify:track:2hQG5UZ0DZD0lCpq3rwoWx","Nobody","spotify:artist:3L4ZO0ZaSe1qeucpQK8tBR, spotify:artist:1XavfPKBpNjkOfxHINlMHF, spotify:artist:4TAoP0f9OuWZUesao43xUW","DJ Neptune, Joeboy, Mr Eazi","spotify:album:1EHqy12UQ5mRrVOOQlzxtY","Nobody: The Extended Playlist (Worldwide Remixes)","spotify:artist:3L4ZO0ZaSe1qeucpQK8tBR","DJ Neptune","2020-11-06","https://i.scdn.co/image/ab67616d0000b2734d3a3c0a1789cdb85febf608","1","13","146666","https://p.scdn.co/mp3-preview/2e55940a544f1f299364b8040cd6128b004f04ca?cid=9950ac751e34487dbbe027c4fd7f8e99","false","47","QMGR32079997","","2023-04-19T04:51:49Z"
"spotify:track:5u85l53Y04W59OfzQUsQX6","Gum Body (feat. Jorja Smith)","spotify:artist:3wcj11K77LjEY1PkEazffa, spotify:artist:1CoZyIx7UvdxT5c8UkMzHd","Burna Boy, Jorja Smith","spotify:album:277z75G1Gdz0SWN9pegrrs","African Giant","spotify:artist:3wcj11K77LjEY1PkEazffa","Burna Boy","2019-07-25","https://i.scdn.co/image/ab67616d0000b273057077ebe7ce6ecea6ffef82","1","5","195073","https://p.scdn.co/mp3-preview/d195a0b85cb9be29d560fbc7b52f705b964e0b45?cid=9950ac751e34487dbbe027c4fd7f8e99","true","50","USAT21904016","","2021-10-07T08:38:27Z"
"spotify:track:1IqNlIUJivQXXSp6MgCwRl","Your Body (feat. Buju)","spotify:artist:12bnIxBXecZzYmrJKRbaQ4, spotify:artist:3zaDigUwjHvjOkSn0NDf9x","Basketmouth, BNXN fka Buju","spotify:album:1oPMIfZFH7ioBvjHI5sdnK","Your Body (feat. Buju)","spotify:artist:12bnIxBXecZzYmrJKRbaQ4","Basketmouth","2021-09-13","https://i.scdn.co/image/ab67616d0000b273edd593c43cb2367161caccd0","1","1","130918","https://p.scdn.co/mp3-preview/4567c67c600c371e0f5d0aa8ab47a239fdd9ec59?cid=9950ac751e34487dbbe027c4fd7f8e99","true","43","USUYG1389571","","2021-10-06T18:04:39Z"
"spotify:track:3R2Etej4zzbt8LTs3rvJA1","Fashion Killer","spotify:artist:3ZpEKRjHaHANcpk10u6Ntq","Ayra Starr","spotify:album:0AjdvP8p42lwSzmN0PpwJv","19 & Dangerous","spotify:artist:3ZpEKRjHaHANcpk10u6Ntq","Ayra Starr","2021-08-06","https://i.scdn.co/image/ab67616d0000b273e48bafa795ea44916cf134ca","1","2","177000","https://p.scdn.co/mp3-preview/e876c606789ebff784264c7426b6aa52157bf4cc?cid=9950ac751e34487dbbe027c4fd7f8e99","false","62","NGA3B2016007","","2021-10-06T17:50:05Z"
"spotify:track:4C0dBjF3xoqF3wGWO2r9k9","Falling For U","spotify:artist:4on7a4BKixLl1rSlEcaY8Y, spotify:artist:4TAoP0f9OuWZUesao43xUW, spotify:artist:1eCaedusgydlcn69blHOvL","Blaq Jerzee, Mr Eazi, Harmonize","spotify:album:2f67uzaLbH21E43aJUJOuR","Falling For U","spotify:artist:4on7a4BKixLl1rSlEcaY8Y, spotify:artist:4TAoP0f9OuWZUesao43xUW, spotify:artist:1eCaedusgydlcn69blHOvL","Blaq Jerzee, Mr Eazi, Harmonize","2021-03-12","https://i.scdn.co/image/ab67616d0000b2739b29c6dca4c4dc51a5942ba6","1","1","181964","","false","4","GBLFP2042059","","2021-10-05T19:57:19Z"
"spotify:track:70XKM6b0oyRXMSagZABK5v","Eve Bounce - Remix","spotify:artist:5jW1p6bav4DYihIHewKBCq, spotify:artist:3tVQdUvClmAT7URs9V3rsp","Yung L, Wizkid","spotify:album:715RAdaas5D9Fx38E9blPJ","Eve Bounce","spotify:artist:5jW1p6bav4DYihIHewKBCq, spotify:artist:3tVQdUvClmAT7URs9V3rsp","Yung L, Wizkid","2020-05-22","https://i.scdn.co/image/ab67616d0000b273b69bd726fa5be4236e635ae8","1","1","204631","https://p.scdn.co/mp3-preview/7837926ba0593808981d12a57a8ca96efd8af529?cid=9950ac751e34487dbbe027c4fd7f8e99","false","48","ZAA6R1900387","","2021-10-05T19:55:47Z"
"spotify:track:7u0z6FcJDqkZwdpqAqUzmO","Vibration","spotify:artist:75VKfyoBlkmrJFDqo1o2VY","Fireboy DML","spotify:album:4dZjYBEciWomanesAv3fie","Laughter, Tears & Goosebumps","spotify:artist:75VKfyoBlkmrJFDqo1o2VY","Fireboy DML","2019-11-28","https://i.scdn.co/image/ab67616d0000b273b747618b16bff54d5cd70325","1","2","198461","https://p.scdn.co/mp3-preview/bd8599ee2e141538ec5c8ba7d9733bdc8f390f04?cid=9950ac751e34487dbbe027c4fd7f8e99","false","64","USUYG1281971","","2021-10-05T19:54:47Z"
"spotify:track:5jVpi3fFf5OGAZ5bpe4Bhy","Lie","spotify:artist:1X6cBGnXpEpN7CmflLKmLV","Kizz Daniel","spotify:album:5R3HMJSiNPlGeNSfLFsgOH","Lie","spotify:artist:1X6cBGnXpEpN7CmflLKmLV","Kizz Daniel","2021-08-05","https://i.scdn.co/image/ab67616d0000b273a90882b09f3318f9e8b24113","1","1","156600","https://p.scdn.co/mp3-preview/5c79925514b8bb39aa039ed44f2794a8a4697814?cid=9950ac751e34487dbbe027c4fd7f8e99","false","56","USUYG1378999","","2021-10-05T19:52:35Z"
"spotify:track:4ibxmEgdIWYAQjXl0ivFmW","Jowo","spotify:artist:0Y3agQaa6g2r0YmHPOO9rh","Davido","spotify:album:5Af7bJAiAKBCazSQU8BOsD","A Better Time","spotify:artist:0Y3agQaa6g2r0YmHPOO9rh","Davido","2020-11-12","https://i.scdn.co/image/ab67616d0000b2735c3e66789cfd2c63a3535f9c","1","2","176470","https://p.scdn.co/mp3-preview/9a0be6c6f2010e4e6a0a58535b0786881cb0eba4?cid=9950ac751e34487dbbe027c4fd7f8e99","false","58","GBARL2001230","","2021-10-05T19:51:22Z"
"spotify:track:6jdTkoEaer7XNGSblczoSu","Mood (feat. BNXN)","spotify:artist:3tVQdUvClmAT7URs9V3rsp, spotify:artist:3zaDigUwjHvjOkSn0NDf9x","Wizkid, BNXN fka Buju","spotify:album:6bCs4XCCkm9cTwlswlu0VD","Made In Lagos: Deluxe Edition","spotify:artist:3tVQdUvClmAT7URs9V3rsp","Wizkid","2021-08-27","https://i.scdn.co/image/ab67616d0000b27379ab73f6bfebec7c0e85f922","1","16","209760","https://p.scdn.co/mp3-preview/48d738fda0af782cab9ee73a1eb3a7008444cfa9?cid=9950ac751e34487dbbe027c4fd7f8e99","false","68","USRC12102465","","2021-10-05T19:49:55Z"
"spotify:track:7n194jHXt3EXVe2Kd42deD","REQUIRE (with Olamide)","spotify:artist:64oW4P0vsDhlorOxZKQi6a, spotify:artist:4ovtyvs7j1jSmwhkBGHqSr","DJ Tunez, Olamide","spotify:album:1Sdrty8ZkaNRbZqjhrHKYt","REQUIRE (with Olamide)","spotify:artist:64oW4P0vsDhlorOxZKQi6a, spotify:artist:4ovtyvs7j1jSmwhkBGHqSr","DJ Tunez, Olamide","2020-12-04","https://i.scdn.co/image/ab67616d0000b273503bfaa882fd61f34f784d66","1","1","223967","https://p.scdn.co/mp3-preview/2bfda1844a0c0169ee95cb0132145f9628afeb08?cid=9950ac751e34487dbbe027c4fd7f8e99","true","42","NLRD52017040","","2021-10-05T19:48:21Z"
"spotify:track:62N0RkCCs4XQXk7hgnpOXo","Woman","spotify:artist:46pWGuE3dSwY3bMMXGBvVS","Rema","spotify:album:05ytkPc0ZnkQRwp05V1T8v","Woman","spotify:artist:46pWGuE3dSwY3bMMXGBvVS","Rema","2020-07-02","https://i.scdn.co/image/ab67616d0000b273c84ce4c193877589a613a579","1","1","238911","https://p.scdn.co/mp3-preview/5a47f3aca96f0917a6a2ce236049191ee0a8da72?cid=9950ac751e34487dbbe027c4fd7f8e99","false","61","NGA3B2014011","","2021-10-05T19:47:25Z"
"spotify:track:0lk5tzmaJWVAv5GBvpm3xu","Peru","spotify:artist:75VKfyoBlkmrJFDqo1o2VY","Fireboy DML","spotify:album:79O3iaxnmfBDwqueQJiNBe","Peru","spotify:artist:75VKfyoBlkmrJFDqo1o2VY","Fireboy DML","2021-07-21","https://i.scdn.co/image/ab67616d0000b273961e3a95059356395c96d564","1","1","151640","https://p.scdn.co/mp3-preview/f60ce896464d7d2a2c30fdc338699ed1ee50c9e7?cid=9950ac751e34487dbbe027c4fd7f8e99","true","62","USUYG1380499","","2021-10-05T19:45:52Z"
"spotify:track:1OoPhcM78evXIxjmSzCnmf","Bloody Samaritan","spotify:artist:3ZpEKRjHaHANcpk10u6Ntq","Ayra Starr","spotify:album:0AjdvP8p42lwSzmN0PpwJv","19 & Dangerous","spotify:artist:3ZpEKRjHaHANcpk10u6Ntq","Ayra Starr","2021-08-06","https://i.scdn.co/image/ab67616d0000b273e48bafa795ea44916cf134ca","1","9","187000","https://p.scdn.co/mp3-preview/eea285a10e34d08272a3a36907318eef746c2d0c?cid=9950ac751e34487dbbe027c4fd7f8e99","true","67","NGA3B2016014","","2021-10-05T19:45:45Z"
"spotify:track:4vLY6fJQWgBzQYHzguDZme","Forever (Remix)","spotify:artist:1zO1FWFxxNUCqUuGATxZQZ, spotify:artist:5yOvAmpIR7hVxiS6Ls5DPO","Gyakie, Omah Lay","spotify:album:4aVhyknHZk1updZEHkwd0H","Forever (Remix)","spotify:artist:1zO1FWFxxNUCqUuGATxZQZ, spotify:artist:5yOvAmpIR7hVxiS6Ls5DPO","Gyakie, Omah Lay","2021-03-18","https://i.scdn.co/image/ab67616d0000b2734a6211a84d9629f23d72e9cb","1","1","201600","https://p.scdn.co/mp3-preview/b1c5b565cc3ffc269a51d5424d295f0a2d12dfba?cid=9950ac751e34487dbbe027c4fd7f8e99","false","62","UK43Q2112932","","2021-10-05T19:44:41Z"
"spotify:track:558ULLj8yY2vT8XGtgY0q9","Loading (feat. Bad Boy Timz)","spotify:artist:4ovtyvs7j1jSmwhkBGHqSr, spotify:artist:68R39izwNAztATrXMOqkJS","Olamide, Bad Boy Timz","spotify:album:6fG2eFCgUmytQWL6umtsCh","Carpe Diem","spotify:artist:4ovtyvs7j1jSmwhkBGHqSr","Olamide","2020-10-07","https://i.scdn.co/image/ab67616d0000b27387d20b9a27d5e14d74b5cb77","1","10","194000","https://p.scdn.co/mp3-preview/b7138f7734ced856b30b9888903d12f633520163?cid=9950ac751e34487dbbe027c4fd7f8e99","true","58","USUYG1330809","","2021-10-05T19:37:24Z"
