"Track URI","Track Name","Artist URI(s)","Artist Name(s)","Album URI","Album Name","Album Artist URI(s)","Album Artist Name(s)","Album Release Date","Album Image URL","Disc Number","Track Number","Track Duration (ms)","Track Preview URL","Explicit","Popularity","ISRC","Added By","Added At"
"spotify:track:3rb0tMq42WfggucPm0HHkA","Bad Memories (feat. Elley Duhé & FAST BOY)","spotify:artist:0xRXCcSX89eobfrshSVdyu, spotify:artist:5344K3N7rx7kw1HjO8psuq, spotify:artist:67MNhiAICFY6Pwc2YxCO0K, spotify:artist:56Qz2XwGj7FxnNKrfkWjnb","MEDUZA, James Carter, Elley Duhé, FAST BOY","spotify:album:44aG7QLYLGotCTlu5Fc2J7","Bad Memories (feat. Elley Duhé & FAST BOY)","spotify:artist:0xRXCcSX89eobfrshSVdyu, spotify:artist:5344K3N7rx7kw1HjO8psuq, spotify:artist:67MNhiAICFY6Pwc2YxCO0K","MEDUZA, James Carter, Elley Duhé","2022-07-22","https://i.scdn.co/image/ab67616d0000b27320abd13bf81d8ee406827c38","1","1","148629","","false","86","GBUM72203666","spotify:user:ywclxdobq3uybbdwi9kao1qat","2023-04-21T06:31:47Z"
"spotify:track:7rF8qrVzCGu9gVHO1Q9RdJ","Numb","spotify:artist:2nm38smINjms1LtczR0Cei, spotify:artist:5oJvmyeWzyeahRtjup3Oys","Goodboys, AVAION","spotify:album:2reFtZBLjA2S5mO0mgFhv8","Numb","spotify:artist:2nm38smINjms1LtczR0Cei, spotify:artist:5oJvmyeWzyeahRtjup3Oys","Goodboys, AVAION","2023-01-06","https://i.scdn.co/image/ab67616d0000b27398233109cfe0c627bc0be9fd","1","1","179250","https://p.scdn.co/mp3-preview/4020caad45f1934dfcb10f2ad71e6168815eabb3?cid=9950ac751e34487dbbe027c4fd7f8e99","false","69","DES232300000","spotify:user:ywclxdobq3uybbdwi9kao1qat","2023-04-21T06:31:47Z"
"spotify:track:2eIyg8yc98jIX7g3tsbRcI","Oblivion","spotify:artist:5mNpMP01Co4vXZ3U0fWP3C","Camden Cox","spotify:album:1Uzmw6EppTymkjxp4toRza","Oblivion","spotify:artist:5mNpMP01Co4vXZ3U0fWP3C","Camden Cox","2023-01-20","https://i.scdn.co/image/ab67616d0000b2732d1009fe47a7732d270bffd8","1","1","194160","https://p.scdn.co/mp3-preview/f09fb4bcec86e952f1d267341bb17fcd599573ec?cid=9950ac751e34487dbbe027c4fd7f8e99","false","62","DES232300010","spotify:user:ywclxdobq3uybbdwi9kao1qat","2023-04-21T06:31:47Z"
"spotify:track:1VhD0FPDYqFhqRJVguVAJe","Something Stronger","spotify:artist:3CYrfsHEf7AZRlKUvzTnpA, spotify:artist:3bUHVz55uXLTtxggKQyXIO, spotify:artist:3JOvRLynmP4mA6dvlWARoA","Rules, SHYA, Coldabank","spotify:album:6jjwM9Sheset9qyHMMA4PB","Something Stronger","spotify:artist:3CYrfsHEf7AZRlKUvzTnpA, spotify:artist:3JOvRLynmP4mA6dvlWARoA, spotify:artist:3bUHVz55uXLTtxggKQyXIO","Rules, Coldabank, SHYA","2023-03-17","https://i.scdn.co/image/ab67616d0000b273d3b5560d29eb23227a56f072","1","1","127530","https://p.scdn.co/mp3-preview/429777136794e3e4463e4a6dbad45c172c5c0a6c?cid=9950ac751e34487dbbe027c4fd7f8e99","false","66","DES232300090","spotify:user:ywclxdobq3uybbdwi9kao1qat","2023-04-21T06:31:47Z"
"spotify:track:1UPHCP5YeVfele4DMbdGyi","REACT","spotify:artist:4dEayBlrVBjaQOktGkmWki, spotify:artist:7nDsS0l5ZAzMedVRKPP8F1, spotify:artist:2YVF0Ou5zIc4mpgtLIlGN0","Switch Disco, Ella Henderson, Robert Miles","spotify:album:3opvHAj80TIQMZAg9a2FNv","REACT","spotify:artist:4dEayBlrVBjaQOktGkmWki, spotify:artist:7nDsS0l5ZAzMedVRKPP8F1, spotify:artist:2YVF0Ou5zIc4mpgtLIlGN0","Switch Disco, Ella Henderson, Robert Miles","2023-01-13","https://i.scdn.co/image/ab67616d0000b27321acc4c231327248498a35da","1","1","201145","https://p.scdn.co/mp3-preview/1ccd633352ed7ab512effe531f7ca17c1e13d24c?cid=9950ac751e34487dbbe027c4fd7f8e99","false","78","GBARL2202525","spotify:user:ywclxdobq3uybbdwi9kao1qat","2023-04-21T06:31:47Z"
"spotify:track:7wT3G4HhNf7VxoWjVFgiCJ","Burning","spotify:artist:2R7k2SovVWGhTcvPx1JbQv, spotify:artist:7gvpJzKMMMQsdLqWF4SKs7","T. Matthias, Yola Recoba","spotify:album:3Ju5Q2sARG2S7fTFrmMSpe","Burning","spotify:artist:2R7k2SovVWGhTcvPx1JbQv, spotify:artist:7gvpJzKMMMQsdLqWF4SKs7","T. Matthias, Yola Recoba","2023-03-24","https://i.scdn.co/image/ab67616d0000b273b5db6723c21dcc0cfe9e1c3b","1","1","174056","https://p.scdn.co/mp3-preview/c93b7c0e6d1804082b4d3ed338ac1eb97942c521?cid=9950ac751e34487dbbe027c4fd7f8e99","false","59","DES232300110","spotify:user:ywclxdobq3uybbdwi9kao1qat","2023-04-21T06:31:47Z"
"spotify:track:7k0kq03bs3micRAVvYgzg8","You & I","spotify:artist:7fQllKIlkVSl9JD1aJ8XYg, spotify:artist:1ZwuShKjJItDJez0aDCsxN","HotLap, SHELLS","spotify:album:1tiC5qMa7iI5dES19tVAYH","You & I","spotify:artist:7fQllKIlkVSl9JD1aJ8XYg, spotify:artist:1ZwuShKjJItDJez0aDCsxN","HotLap, SHELLS","2023-02-03","https://i.scdn.co/image/ab67616d0000b273a04098e694f5c9cacf986252","1","1","175200","https://p.scdn.co/mp3-preview/f1967fd3036f457b24fbb01463e53ed109d305c8?cid=9950ac751e34487dbbe027c4fd7f8e99","false","63","DES232300030","spotify:user:ywclxdobq3uybbdwi9kao1qat","2023-04-21T06:31:47Z"
"spotify:track:4atLPkcljMp14JBaigYFKC","We Are The People - southstar Remix","spotify:artist:67hb7towEyKvt5Z8Bx306c, spotify:artist:1GVuCyb4PlArufUZDUnRQi","Empire of the Sun, southstar","spotify:album:6NB6yrLJKj7nlP1vUWcVPA","We Are The People (southstar Remix)","spotify:artist:67hb7towEyKvt5Z8Bx306c, spotify:artist:1GVuCyb4PlArufUZDUnRQi","Empire of the Sun, southstar","2023-02-17","https://i.scdn.co/image/ab67616d0000b273df5785c70aaf7da9e776c7a1","1","1","236157","https://p.scdn.co/mp3-preview/157f47ba80080b9a6a0a8b8056feea570d734f74?cid=9950ac751e34487dbbe027c4fd7f8e99","false","78","AU2DY2300031","spotify:user:ywclxdobq3uybbdwi9kao1qat","2023-04-21T06:31:47Z"
"spotify:track:0qP4QTGEmlslzEWIqF5oNs","Home","spotify:artist:1SeU8Y2rEUpEoeWmUCdQIR, spotify:artist:6fT9phXpEYVm2zB0QzGqDJ","Mahalo, Swedish Red Elephant","spotify:album:78TnopwNnqynxZV3A7UJeB","Home","spotify:artist:1SeU8Y2rEUpEoeWmUCdQIR, spotify:artist:6fT9phXpEYVm2zB0QzGqDJ","Mahalo, Swedish Red Elephant","2022-12-16","https://i.scdn.co/image/ab67616d0000b2731356e8ac61f7e0369beb6d9c","1","1","145181","https://p.scdn.co/mp3-preview/46a9ddf1c8c9ca85678766c0f6b15afc1e10834d?cid=9950ac751e34487dbbe027c4fd7f8e99","false","65","DES232200540","spotify:user:ywclxdobq3uybbdwi9kao1qat","2023-04-21T06:31:47Z"
"spotify:track:5wH0qTIhsK8aSKWs6IAY61","In & Out","spotify:artist:2mNOoqXYY177q7TtuqJL9q","Nathan C","spotify:album:3jweZXKj7nWUqfrax4szds","In & Out","spotify:artist:2mNOoqXYY177q7TtuqJL9q","Nathan C","2023-04-14","https://i.scdn.co/image/ab67616d0000b27335ede2ac3f45231ee81bcabe","1","1","183933","https://p.scdn.co/mp3-preview/c13a1b342b04147dfd6f806cd5556ce48d016c54?cid=9950ac751e34487dbbe027c4fd7f8e99","false","61","DES232300140","spotify:user:ywclxdobq3uybbdwi9kao1qat","2023-04-21T06:31:47Z"
"spotify:track:5eTaQYBE1yrActixMAeLcZ","Miracle (with Ellie Goulding)","spotify:artist:7CajNmpbOovFoOoasH2HaY, spotify:artist:0X2BH1fck6amBIoJhDVmmJ","Calvin Harris, Ellie Goulding","spotify:album:22UyygZceCIfoE0RhENgKx","Miracle (with Ellie Goulding)","spotify:artist:7CajNmpbOovFoOoasH2HaY, spotify:artist:0X2BH1fck6amBIoJhDVmmJ","Calvin Harris, Ellie Goulding","2023-03-10","https://i.scdn.co/image/ab67616d0000b273c58e22815048f8dfb1aa8bd0","1","1","186496","https://p.scdn.co/mp3-preview/48a88093bc85e735791115290125fc354f8ed068?cid=9950ac751e34487dbbe027c4fd7f8e99","false","91","GBARL2300300","spotify:user:ywclxdobq3uybbdwi9kao1qat","2023-04-21T06:31:47Z"
"spotify:track:01hCzxgttMvy4v9760kXke","Body Language","spotify:artist:5344K3N7rx7kw1HjO8psuq, spotify:artist:1ocnIbhFWM9bSPrd7Hu4zF, spotify:artist:0N8FWEeRuJWy44GpQREmdL","James Carter, Punctual, RBZ","spotify:album:15UAaGEBSQVyujtrEmjfQr","Body Language","spotify:artist:5344K3N7rx7kw1HjO8psuq, spotify:artist:1ocnIbhFWM9bSPrd7Hu4zF, spotify:artist:0N8FWEeRuJWy44GpQREmdL","James Carter, Punctual, RBZ","2022-10-14","https://i.scdn.co/image/ab67616d0000b2737493762a05975173926d0c3f","1","1","144115","https://p.scdn.co/mp3-preview/a8fc372b44802ab0667225dfaec3077bbd7f4000?cid=9950ac751e34487dbbe027c4fd7f8e99","false","67","DES232200450","spotify:user:ywclxdobq3uybbdwi9kao1qat","2023-04-21T06:31:47Z"
"spotify:track:3U8zXNz1x6QRo8N6KYv9ZR","If You Wanna","spotify:artist:4NhRml5ZOfNaYJAHUE0XwT, spotify:artist:40DuSzxFswBymk0cjFnuqL","Nu Aspect, Coach Harrison","spotify:album:6xdH62cWsnkSNb1KrstnEA","If You Wanna","spotify:artist:4NhRml5ZOfNaYJAHUE0XwT, spotify:artist:40DuSzxFswBymk0cjFnuqL","Nu Aspect, Coach Harrison","2023-03-17","https://i.scdn.co/image/ab67616d0000b2734db3856d0f4ec396f562e09a","1","1","159586","https://p.scdn.co/mp3-preview/dfff1117d8848ff01ee9c0eb7573bc1c4b041bec?cid=9950ac751e34487dbbe027c4fd7f8e99","false","63","DES232300100","spotify:user:ywclxdobq3uybbdwi9kao1qat","2023-04-21T06:31:47Z"
"spotify:track:2ekvSQupVG7X88fjjdYScf","Times Are Changing","spotify:artist:6KGv020mJkIjQH5YPDSBcZ, spotify:artist:7b48KVEzrlVcLLLBAGHBuj","Astrality, Thandi","spotify:album:4YGTju8vgSfd7unczk8PsE","Times Are Changing","spotify:artist:6KGv020mJkIjQH5YPDSBcZ, spotify:artist:7b48KVEzrlVcLLLBAGHBuj","Astrality, Thandi","2022-06-17","https://i.scdn.co/image/ab67616d0000b273309cdb3f797f58db6e0465b2","1","1","158819","https://p.scdn.co/mp3-preview/d0840cd41bfee60c94510afbe0fb922e8ca456e1?cid=9950ac751e34487dbbe027c4fd7f8e99","false","66","DES232200290","spotify:user:ywclxdobq3uybbdwi9kao1qat","2023-04-21T06:31:47Z"
"spotify:track:5ZduaRci3iNUiDfJbBfAaf","Give It To Me - Full Vocal Mix","spotify:artist:21dVknSLCsK37cWozWDZZS","Matt Sassari","spotify:album:1jbRY71konakrKvDUiW7Rp","Give It To Me (Full Vocal Mix)","spotify:artist:21dVknSLCsK37cWozWDZZS","Matt Sassari","2021-10-22","https://i.scdn.co/image/ab67616d0000b2736a1e9d7201b74142e2d47b69","1","1","102860","https://p.scdn.co/mp3-preview/50081928cfabde0d63a4d78f893542711259652d?cid=9950ac751e34487dbbe027c4fd7f8e99","false","85","GBHAD2102631","spotify:user:ywclxdobq3uybbdwi9kao1qat","2023-04-21T06:31:47Z"
"spotify:track:4EKzntRiyE131lB2swX5TU","The Maker","spotify:artist:58O8UPrTdl4u2buM0skj94, spotify:artist:2QH237xSFhmfZJHrRulT7U","Harrison, Notelle","spotify:album:3iXFPnNVizKfo1pUerR7Md","The Maker","spotify:artist:58O8UPrTdl4u2buM0skj94, spotify:artist:2QH237xSFhmfZJHrRulT7U","Harrison, Notelle","2023-03-10","https://i.scdn.co/image/ab67616d0000b273d98190345bbb2fcc641b3cc2","1","1","156795","https://p.scdn.co/mp3-preview/0389059cf80407f6ccb899eff367b9f1612e3020?cid=9950ac751e34487dbbe027c4fd7f8e99","false","59","DES232300080","spotify:user:ywclxdobq3uybbdwi9kao1qat","2023-04-21T06:31:47Z"
"spotify:track:5xan7XL4YNpsAOL7LhXUPb","The Darkside","spotify:artist:6OFZSmtxDquMkX2XZJSN6y, spotify:artist:4QKGlPUIuL7IzE4vsVwIu6","PALASTIC, Ekko","spotify:album:3cBZZRepesMW2Umf7NrZGJ","The Darkside","spotify:artist:6OFZSmtxDquMkX2XZJSN6y, spotify:artist:4QKGlPUIuL7IzE4vsVwIu6","PALASTIC, Ekko","2023-02-17","https://i.scdn.co/image/ab67616d0000b27348f68198a6a994dd0bace3f6","1","1","164213","https://p.scdn.co/mp3-preview/bfb79ad733b2edb658d57a50d258dfb3ceac80ed?cid=9950ac751e34487dbbe027c4fd7f8e99","false","62","DES232300050","spotify:user:ywclxdobq3uybbdwi9kao1qat","2023-04-21T06:31:47Z"
"spotify:track:6nYJWAPKIJfXIKtiYc4P4O","Big Jet Plane","spotify:artist:7mx6iGwPF157vXwYcl1DQ3","Restricted","spotify:album:23tdjMIkPQkeNJX9dS0bLW","Big Jet Plane","spotify:artist:7mx6iGwPF157vXwYcl1DQ3","Restricted","2022-12-09","https://i.scdn.co/image/ab67616d0000b27305da2b226cda948badddbf2e","1","1","150000","","true","78","DEUM72208091","spotify:user:ywclxdobq3uybbdwi9kao1qat","2023-04-21T06:31:47Z"
"spotify:track:4m3ljlctmzWajEZPgxXOBb","Go","spotify:artist:1mFGfrveXbpolppPgO29Io, spotify:artist:5gMP6mQ9eKRREGd2ofMvfU","TCTS, Maroox","spotify:album:3QrNqDVKugpNxGszGV4kHt","Go","spotify:artist:1mFGfrveXbpolppPgO29Io, spotify:artist:5gMP6mQ9eKRREGd2ofMvfU","TCTS, Maroox","2022-07-29","https://i.scdn.co/image/ab67616d0000b273de09a2af06ac8763ed7dbdcd","1","1","142349","https://p.scdn.co/mp3-preview/b7c536677649edce9a7ee442b4444b87eb34cc42?cid=9950ac751e34487dbbe027c4fd7f8e99","false","67","DES232200360","spotify:user:ywclxdobq3uybbdwi9kao1qat","2023-04-21T06:31:47Z"
"spotify:track:72mNfLGgX3Z2ojJgdQFZQg","Signals","spotify:artist:6pcxIOhQCNb7DX2iuEXgxL, spotify:artist:5xQaB2JfKU3pi6IqRsHy4G, spotify:artist:3rxaya7knZ0iL2myO6CX6G","Tobtok, farfetch'd, STO CULTR","spotify:album:7blWe2Pdsir3NnxUIHhLtJ","Signals","spotify:artist:6pcxIOhQCNb7DX2iuEXgxL, spotify:artist:5xQaB2JfKU3pi6IqRsHy4G, spotify:artist:3rxaya7knZ0iL2myO6CX6G","Tobtok, farfetch'd, STO CULTR","2023-01-27","https://i.scdn.co/image/ab67616d0000b2733cebd260b2ac3541785ed16a","1","1","172411","https://p.scdn.co/mp3-preview/ac889e98f2f7e30b6273c29b049d0a13ca42084f?cid=9950ac751e34487dbbe027c4fd7f8e99","false","60","DES232300020","spotify:user:ywclxdobq3uybbdwi9kao1qat","2023-04-21T06:31:47Z"
"spotify:track:59QDyqLww2pxyg9ijOPO7f","Rhyme Dust","spotify:artist:1yqxFtPHKcGcv6SXZNdyT9, spotify:artist:205i7E8fNVfojowcQSfK9m","MK, Dom Dolla","spotify:album:1vSO4N7cwo4pBywCSGF5BR","Rhyme Dust","spotify:artist:1yqxFtPHKcGcv6SXZNdyT9, spotify:artist:205i7E8fNVfojowcQSfK9m","MK, Dom Dolla","2023-02-24","https://i.scdn.co/image/ab67616d0000b273fb94641e49b1c73297e9e717","1","1","181364","https://p.scdn.co/mp3-preview/81e1063337ea616b86a2b74f559af056f0c36fd5?cid=9950ac751e34487dbbe027c4fd7f8e99","false","78","GBARL2300220","spotify:user:ywclxdobq3uybbdwi9kao1qat","2023-04-21T06:31:47Z"
"spotify:track:7bqg7RANz4RaboN0Ga1Miq","All Nighter","spotify:artist:2o5jDhtHVPhrJdv3cEQ99Z","Tiësto","spotify:album:1cQUgdn5goiU3fbKc3aykV","All Nighter","spotify:artist:2o5jDhtHVPhrJdv3cEQ99Z","Tiësto","2023-03-09","https://i.scdn.co/image/ab67616d0000b2737d1c5ab158ea3e9a893cf96a","1","1","134880","https://p.scdn.co/mp3-preview/2ed76999181ad64abf02d0c9743101be42dda47c?cid=9950ac751e34487dbbe027c4fd7f8e99","false","78","CYA112200001","spotify:user:ywclxdobq3uybbdwi9kao1qat","2023-04-21T06:31:47Z"
"spotify:track:3DS6zUDAm3X8F6kiGaFfWL","Fade to Black","spotify:artist:4Ws2otunReOa6BbwxxpCt6, spotify:artist:6KGv020mJkIjQH5YPDSBcZ","Benny Benassi, Astrality","spotify:album:2Yu80Mqn0x1Y5F6X1rTqwv","Fade to Black","spotify:artist:4Ws2otunReOa6BbwxxpCt6, spotify:artist:6KGv020mJkIjQH5YPDSBcZ","Benny Benassi, Astrality","2022-12-30","https://i.scdn.co/image/ab67616d0000b2734d3b5e1c5793e58039de3db7","1","1","176129","https://p.scdn.co/mp3-preview/d5005a424c7d470937a01274a015226d0b02c157?cid=9950ac751e34487dbbe027c4fd7f8e99","false","67","DES232200570","spotify:user:ywclxdobq3uybbdwi9kao1qat","2023-04-21T06:31:47Z"
"spotify:track:0RD27NcbftTkhb1NlxQMGR","Sweet Dreams","spotify:artist:6JzWgxi0nFzcHq7cqpGbiz","Marcus Layton","spotify:album:3w6gpFZnwljc37HpVlr3WB","Sweet Dreams","spotify:artist:6JzWgxi0nFzcHq7cqpGbiz","Marcus Layton","2020-07-03","https://i.scdn.co/image/ab67616d0000b273ccdb4e551bd6fdedfc4c0511","1","1","151989","https://p.scdn.co/mp3-preview/5f8636c64c8a8eab2ce587a8affb25a510a87a5c?cid=9950ac751e34487dbbe027c4fd7f8e99","false","68","DES232000210","spotify:user:ywclxdobq3uybbdwi9kao1qat","2023-04-21T06:31:47Z"
"spotify:track:3JT8wu4fht9m6m5H9VsAFz","Supermodel","spotify:artist:7bI21Y9xsFRFVtt3cWf73n, spotify:artist:3r26IN2ktuEyJs4hUoOlzC","Hugo Cantarra, Marcus Cito","spotify:album:0wMDrSOXPQeh6Lm2jy5LO6","Supermodel","spotify:artist:7bI21Y9xsFRFVtt3cWf73n, spotify:artist:3r26IN2ktuEyJs4hUoOlzC","Hugo Cantarra, Marcus Cito","2023-03-03","https://i.scdn.co/image/ab67616d0000b273d32a92c88e62d4dd42f78329","1","1","172083","https://p.scdn.co/mp3-preview/39571be3e766c0ec27da50432ef2e3b27ab18975?cid=9950ac751e34487dbbe027c4fd7f8e99","false","57","DES232300060","spotify:user:ywclxdobq3uybbdwi9kao1qat","2023-04-21T06:31:47Z"
"spotify:track:75HBVc7kJLjC2LlPc4ScfH","Sleepless","spotify:artist:5oJvmyeWzyeahRtjup3Oys, spotify:artist:1uaDw0T6O916Kv8TxJsQzb, spotify:artist:4NhRml5ZOfNaYJAHUE0XwT, spotify:artist:5ynMbTlnZvBUxrxUrd6gs0","AVAION, PaulWetz, Nu Aspect, yuma.","spotify:album:2d5mKkSWO8rz96HFrdLPZ9","Sleepless","spotify:artist:5oJvmyeWzyeahRtjup3Oys, spotify:artist:1uaDw0T6O916Kv8TxJsQzb, spotify:artist:4NhRml5ZOfNaYJAHUE0XwT","AVAION, PaulWetz, Nu Aspect","2022-05-27","https://i.scdn.co/image/ab67616d0000b273158cb15611f81555ebf97db6","1","1","165263","https://p.scdn.co/mp3-preview/551e120b03b1648e0413e0403508f0c159ebb739?cid=9950ac751e34487dbbe027c4fd7f8e99","false","72","DES232200260","spotify:user:ywclxdobq3uybbdwi9kao1qat","2023-04-21T06:31:47Z"
"spotify:track:3RnZjwrBL25HDLEdh3JroP","Lie","spotify:artist:0q1KWQ2KDqSA6neWGPi2Mm, spotify:artist:6s4D1tHXN2nIoywKMPR8UF","BRETSN, SANDMO","spotify:album:1GvBsRk5yQfKPShCSFH88g","Lie","spotify:artist:0q1KWQ2KDqSA6neWGPi2Mm, spotify:artist:6s4D1tHXN2nIoywKMPR8UF","BRETSN, SANDMO","2023-04-07","https://i.scdn.co/image/ab67616d0000b2738a3320843622e3268e1dee9c","1","1","170778","https://p.scdn.co/mp3-preview/ab9e4afa619cd61913736bd6bbbfd524cf9a008f?cid=9950ac751e34487dbbe027c4fd7f8e99","false","58","DES232300130","spotify:user:ywclxdobq3uybbdwi9kao1qat","2023-04-21T06:31:47Z"
"spotify:track:0UZFTyq4ogQ5RvfOHGPVdZ","Turn On The Lights again.. (feat. Future)","spotify:artist:4oLeXFyACqeem2VImYeBFe, spotify:artist:1h6Cn3P4NGzXbaXidqURXs, spotify:artist:1RyvyyTE3xzB2ZywiAwp0i","Fred again.., Swedish House Mafia, Future","spotify:album:4NGzLSTgDOfMFPEQvB5MDc","USB","spotify:artist:4oLeXFyACqeem2VImYeBFe","Fred again..","2022-01-17","https://i.scdn.co/image/ab67616d0000b273444f129bbe6366c18d533650","1","3","267946","https://p.scdn.co/mp3-preview/374a6cba87bd7bdb3689566982baff9b367c9f97?cid=9950ac751e34487dbbe027c4fd7f8e99","false","72","GBAHS2201001","spotify:user:ywclxdobq3uybbdwi9kao1qat","2023-04-21T06:31:47Z"
"spotify:track:121Dj5DvG9EKGWJ0PW9s4a","HighLife","spotify:artist:7fQllKIlkVSl9JD1aJ8XYg, spotify:artist:266PvBAoJzPdxt3dgkEsBW","HotLap, YOU","spotify:album:37hLJXky9rC9KbpzYzzUGg","HighLife","spotify:artist:7fQllKIlkVSl9JD1aJ8XYg, spotify:artist:266PvBAoJzPdxt3dgkEsBW","HotLap, YOU","2022-08-12","https://i.scdn.co/image/ab67616d0000b273b5aa3a95f800c661792c0524","1","1","212903","https://p.scdn.co/mp3-preview/f05ab0fb6e3a916e4cd434dfed84a7a09fff739c?cid=9950ac751e34487dbbe027c4fd7f8e99","false","58","DES232200390","spotify:user:ywclxdobq3uybbdwi9kao1qat","2023-04-21T06:31:47Z"
"spotify:track:2lRvisx71Qh4dI3nhHN7gf","Dive","spotify:artist:4QWmN97HRZya55JvxN3I5a, spotify:artist:26bowrYXXcMtHgx8g7sPKa","Taiki Nulight, Rue More","spotify:album:6HM2HWm4h2WymgqHEtDNgU","Dive","spotify:artist:4QWmN97HRZya55JvxN3I5a, spotify:artist:26bowrYXXcMtHgx8g7sPKa","Taiki Nulight, Rue More","2023-03-31","https://i.scdn.co/image/ab67616d0000b2738c8ac93981c9c9c78a932e15","1","1","197000","https://p.scdn.co/mp3-preview/dc3101996c9d86b47db4785275b7c4049225acc5?cid=9950ac751e34487dbbe027c4fd7f8e99","false","61","DES232300120","spotify:user:ywclxdobq3uybbdwi9kao1qat","2023-04-21T06:31:47Z"
"spotify:track:3lAoqK9lSnZ7JePkZ24TMp","Tainted Love","spotify:artist:58O8UPrTdl4u2buM0skj94","Harrison","spotify:album:1J8bztJZsDvUrTALFuv5X1","Tainted Love","spotify:artist:58O8UPrTdl4u2buM0skj94","Harrison","2021-05-14","https://i.scdn.co/image/ab67616d0000b273fd626a51d3ea412d6601cb6f","1","1","163828","https://p.scdn.co/mp3-preview/738901c721c09a01d5d5e20f5c43e1034a36ff5c?cid=9950ac751e34487dbbe027c4fd7f8e99","false","61","DES232100210","spotify:user:ywclxdobq3uybbdwi9kao1qat","2023-04-21T06:31:47Z"
"spotify:track:0OSgkdebxTRNXLwwzD2b8s","Heart Back","spotify:artist:7bNqXqIrIfwJnipx7oGeU4, spotify:artist:0AkL5tzM3UsDlWak9E0OwH","Sevenn, Jem Cooke","spotify:album:1hPoZ0YpV7J1w1jmvF5vxg","Heart Back","spotify:artist:7bNqXqIrIfwJnipx7oGeU4, spotify:artist:0AkL5tzM3UsDlWak9E0OwH","Sevenn, Jem Cooke","2023-02-24","https://i.scdn.co/image/ab67616d0000b27336dff62f33d32f63decc71a6","1","1","164878","https://p.scdn.co/mp3-preview/da88b9471cfc3e3e40432056638b05493eac94b3?cid=9950ac751e34487dbbe027c4fd7f8e99","false","60","DES232300070","spotify:user:ywclxdobq3uybbdwi9kao1qat","2023-04-21T06:31:47Z"
"spotify:track:3e2ZslkGBmzZoPeAHEwwDJ","Could U Be The One","spotify:artist:39B7ChWwrWDs7zXlsu3MoP, spotify:artist:6z9EDgWh3ZJZKIJI5Q71Cq","Sonny Fodera, Alex Mills","spotify:album:6CzDLt1OtaWHbgYt0isWti","Could U Be The One","spotify:artist:39B7ChWwrWDs7zXlsu3MoP, spotify:artist:6z9EDgWh3ZJZKIJI5Q71Cq","Sonny Fodera, Alex Mills","2022-11-18","https://i.scdn.co/image/ab67616d0000b27363ee61a4915d5cbf409aa0f4","1","1","176153","https://p.scdn.co/mp3-preview/3210379350f26de8d3e9b931203066de63ab1079?cid=9950ac751e34487dbbe027c4fd7f8e99","false","60","DES232200480","spotify:user:ywclxdobq3uybbdwi9kao1qat","2023-04-21T06:31:47Z"
"spotify:track:329PAO2XpurUBEWszXKG5K","Miss You","spotify:artist:4NhRml5ZOfNaYJAHUE0XwT, spotify:artist:2SdcyCKXwjtQJymVLGyBlx, spotify:artist:4STmXOXUF3UieHU46NWLVt","Nu Aspect, Jamis, Poppy Baskcomb","spotify:album:5OeAiEg5TsF2tKhwewL951","Miss You","spotify:artist:4NhRml5ZOfNaYJAHUE0XwT, spotify:artist:2SdcyCKXwjtQJymVLGyBlx, spotify:artist:4STmXOXUF3UieHU46NWLVt","Nu Aspect, Jamis, Poppy Baskcomb","2023-01-13","https://i.scdn.co/image/ab67616d0000b273de879c89e551758ee51a4610","1","1","194107","https://p.scdn.co/mp3-preview/534d9e15ff858c58042de6d7eb9a2ac58537c410?cid=9950ac751e34487dbbe027c4fd7f8e99","false","66","DES232200530","spotify:user:ywclxdobq3uybbdwi9kao1qat","2023-04-21T06:31:47Z"
"spotify:track:7HCH8oqXmXCnYXDleGlJFP","Infected","spotify:artist:5v8ZROs9c26k4yGMxUkebt, spotify:artist:3mSWsKWD1sXEhsv9vb33sX, spotify:artist:2oD2lrsJ6SWbNJI2XiMV0n, spotify:artist:7EHqnGuGifQoAa3UV6qtvp","Jack Wins, Thando1988, Anton Karskiy, Billy Vena","spotify:album:6EfJ5wbalgnQY12ABXCKXF","Infected","spotify:artist:5v8ZROs9c26k4yGMxUkebt, spotify:artist:3mSWsKWD1sXEhsv9vb33sX, spotify:artist:2oD2lrsJ6SWbNJI2XiMV0n","Jack Wins, Thando1988, Anton Karskiy","2023-02-10","https://i.scdn.co/image/ab67616d0000b27355143fc59c2658050c7e7c00","1","1","157969","https://p.scdn.co/mp3-preview/789365dc84c59627b3b14c743cff90be96675449?cid=9950ac751e34487dbbe027c4fd7f8e99","false","58","DES232300040","spotify:user:ywclxdobq3uybbdwi9kao1qat","2023-04-21T06:31:47Z"
"spotify:track:3yLU2Rd0k3AKYdCWECAyeo","Words","spotify:artist:4NhRml5ZOfNaYJAHUE0XwT","Nu Aspect","spotify:album:3UwVKsgADUZsFM5SR8xPRq","Words","spotify:artist:4NhRml5ZOfNaYJAHUE0XwT","Nu Aspect","2022-08-26","https://i.scdn.co/image/ab67616d0000b273a73ec9514ab49011b88177f6","1","1","197783","https://p.scdn.co/mp3-preview/7c852ba15aac0d910c379ccf843e15fb049cbabd?cid=9950ac751e34487dbbe027c4fd7f8e99","false","59","DES232200410","spotify:user:ywclxdobq3uybbdwi9kao1qat","2023-04-21T06:31:47Z"
"spotify:track:3cIjfIqsLjCkuO31ycSBxP","Feel Your Body","spotify:artist:26OrZl5U3VNGHU9qUj8EcM","Shift K3Y","spotify:album:1hxGoj2oEogn1b8ESBaYl8","Feel Your Body","spotify:artist:26OrZl5U3VNGHU9qUj8EcM","Shift K3Y","2022-08-05","https://i.scdn.co/image/ab67616d0000b273f3a1d43e910ae29e0b0a9c43","1","1","176000","https://p.scdn.co/mp3-preview/931465c32234c5bca1846eea4711e3d70cebe4c4?cid=9950ac751e34487dbbe027c4fd7f8e99","false","61","DES232200380","spotify:user:ywclxdobq3uybbdwi9kao1qat","2023-04-21T06:31:47Z"
"spotify:track:3tWQU3TEJ9PLYWVgQfsrMG","Shallow Water - Edit","spotify:artist:5CBNhusqki2s2jp4Lo6i2L, spotify:artist:7Cf1QhdtHmjlckbnmUeC6l","JLV, Kairos Grove","spotify:album:5NOr6STbGLCzJWNXw6MUHl","Shallow Water","spotify:artist:5CBNhusqki2s2jp4Lo6i2L, spotify:artist:7Cf1QhdtHmjlckbnmUeC6l","JLV, Kairos Grove","2022-11-18","https://i.scdn.co/image/ab67616d0000b2732c9796c98356398c090f88d6","1","1","176564","https://p.scdn.co/mp3-preview/33e6b7ecf489b98046bec00f4cc84a904f3ee58f?cid=9950ac751e34487dbbe027c4fd7f8e99","false","61","DES232200500","spotify:user:ywclxdobq3uybbdwi9kao1qat","2023-04-21T06:31:47Z"
"spotify:track:4vL0opblJinx8hFKTjoIFV","Do You Know","spotify:artist:4bazJLWIv8CuqmgxJRiGqo","Just Kiddin","spotify:album:5zrNZCThda0i4L8JX8MHL0","Do You Know","spotify:artist:4bazJLWIv8CuqmgxJRiGqo","Just Kiddin","2022-10-28","https://i.scdn.co/image/ab67616d0000b27334bd1cb7d328bff6248873a0","1","1","211330","https://p.scdn.co/mp3-preview/9ac744dc2db91230b70040a9a3b25a078470e1f8?cid=9950ac751e34487dbbe027c4fd7f8e99","false","60","DES232200460","spotify:user:ywclxdobq3uybbdwi9kao1qat","2023-04-21T06:31:47Z"
"spotify:track:01ve4Yns1iSXwBwpNAhOYP","About U","spotify:artist:1O3qb3qngNizhIxjy9hFxO, spotify:artist:4pQIDKoWXRw04D9e37QzbP","Reel Mood, Tima Dee","spotify:album:2r3VXU9V3fKvRysjsVy766","About U","spotify:artist:1O3qb3qngNizhIxjy9hFxO, spotify:artist:4pQIDKoWXRw04D9e37QzbP","Reel Mood, Tima Dee","2022-06-24","https://i.scdn.co/image/ab67616d0000b273522ae1ce6a64e44b9bb20bb2","1","1","193920","https://p.scdn.co/mp3-preview/a2e4a87ac12fbf7f75a98d7e54f63e6204172c5c?cid=9950ac751e34487dbbe027c4fd7f8e99","false","60","DES232200300","spotify:user:ywclxdobq3uybbdwi9kao1qat","2023-04-21T06:31:47Z"
"spotify:track:2TewnOsUmffMzv4kL3AoO7","Care At All","spotify:artist:3imlibJrwqYv8gqII7u4r0","Zac Samuel","spotify:album:4COfdRQVZja6TCPyrV5xM4","Care At All","spotify:artist:3imlibJrwqYv8gqII7u4r0","Zac Samuel","2022-11-25","https://i.scdn.co/image/ab67616d0000b273a1d2b4f83cbd0e2fc55be94a","1","1","176798","https://p.scdn.co/mp3-preview/d4ff5453b713d54be1860bc386aed654e1ed1cc1?cid=9950ac751e34487dbbe027c4fd7f8e99","false","58","DES232200510","spotify:user:ywclxdobq3uybbdwi9kao1qat","2023-04-21T06:31:47Z"
"spotify:track:4zN21mbAuaD0WqtmaTZZeP","Ferrari","spotify:artist:43BxCL6t4c73BQnIJtry5v, spotify:artist:45ruzGUmIr8WLjLOPJ9mGU","James Hype, Miggy Dela Rosa","spotify:album:6moZ4sNThthUAwCklyuPY8","Ferrari","spotify:artist:43BxCL6t4c73BQnIJtry5v, spotify:artist:45ruzGUmIr8WLjLOPJ9mGU","James Hype, Miggy Dela Rosa","2022-04-01","https://i.scdn.co/image/ab67616d0000b2736cc861b5c9c7cdef61b010b4","1","1","186661","","false","85","GB3CE2200004","spotify:user:ywclxdobq3uybbdwi9kao1qat","2023-04-21T06:31:47Z"
"spotify:track:0BdOhwnets9cNQfbvDtTyj","Dancing in the Rain","spotify:artist:3wkqbqrDYzltNpxWK6sgsH","MUUS","spotify:album:30hzE2neW20UqatJZaLHnx","Dancing in the Rain","spotify:artist:3wkqbqrDYzltNpxWK6sgsH","MUUS","2022-12-02","https://i.scdn.co/image/ab67616d0000b2730c110e691b22d315ccfffaf0","1","1","163292","https://p.scdn.co/mp3-preview/f9a6026e41dabb31e5d41ec3b02a94292f34a0f0?cid=9950ac751e34487dbbe027c4fd7f8e99","false","56","DES232200520","spotify:user:ywclxdobq3uybbdwi9kao1qat","2023-04-21T06:31:47Z"
"spotify:track:4tRhRLBxIZ34Iw0eCuiC03","Miss You","spotify:artist:1GVuCyb4PlArufUZDUnRQi","southstar","spotify:album:4fmtd5CduUYx2bmMOvXwX4","Miss You","spotify:artist:1GVuCyb4PlArufUZDUnRQi","southstar","2022-07-30","https://i.scdn.co/image/ab67616d0000b2731b5f2557a7fe884d0e3d8b2a","1","1","206019","https://p.scdn.co/mp3-preview/1ef7b45a30458108caec6c7b0715f47d744fe42e?cid=9950ac751e34487dbbe027c4fd7f8e99","true","77","DEZC62269331","spotify:user:ywclxdobq3uybbdwi9kao1qat","2023-04-21T06:31:47Z"
"spotify:track:3EtXo9cEurLpblcdWHuBjT","How Do I Sleep Now","spotify:artist:4fxRhGF08oSVvvjHoK6QNO, spotify:artist:4d4czVhvwZ2vTH0fdsoSVF","Dallerium, Olive","spotify:album:3yw8UR0pbYnbEPIOIA4Zz9","How Do I Sleep Now","spotify:artist:4fxRhGF08oSVvvjHoK6QNO","Dallerium","2021-07-23","https://i.scdn.co/image/ab67616d0000b2733b4ba8fe3af9070b6da10af8","1","1","194362","https://p.scdn.co/mp3-preview/d13f22d11fb1f23425416a06ce45c32c23d80d80?cid=9950ac751e34487dbbe027c4fd7f8e99","false","58","DES232100340","spotify:user:ywclxdobq3uybbdwi9kao1qat","2023-04-21T06:31:47Z"
"spotify:track:1PYUkeWwnAckQwOShEOyQy","Howl","spotify:artist:656ibQgcoUQrUPdhQWRcI3, spotify:artist:1ZwuShKjJItDJez0aDCsxN","SOMMA, SHELLS","spotify:album:3N8N2qIQa4UhkjW8SrCcoQ","Howl","spotify:artist:656ibQgcoUQrUPdhQWRcI3, spotify:artist:1ZwuShKjJItDJez0aDCsxN","SOMMA, SHELLS","2022-09-16","https://i.scdn.co/image/ab67616d0000b2737f81bc4a7175768cd2a19a19","1","1","192896","https://p.scdn.co/mp3-preview/7ce6c07623493c94bea8c81b03ed8500f80f4aa6?cid=9950ac751e34487dbbe027c4fd7f8e99","false","61","DES232200440","spotify:user:ywclxdobq3uybbdwi9kao1qat","2023-04-21T06:31:47Z"
"spotify:track:5f9t61TRxZ3ancJadJyrHm","Better Days","spotify:artist:5kU4kGnYmdsBioNmQ0meDr","Oliver Cricket","spotify:album:5aE3PTdZrFwfrDdg01GIjg","Better Days","spotify:artist:5kU4kGnYmdsBioNmQ0meDr","Oliver Cricket","2022-12-23","https://i.scdn.co/image/ab67616d0000b273f8540d0b12e9c55708a42fca","1","1","148801","https://p.scdn.co/mp3-preview/2546ac5f428ad827976d543be445074621881896?cid=9950ac751e34487dbbe027c4fd7f8e99","false","60","DES232200560","spotify:user:ywclxdobq3uybbdwi9kao1qat","2023-04-21T06:31:47Z"
"spotify:track:4GmxAkE4CBTHHxXPHjYkp7","No Lies","spotify:artist:4T8dF8zYAxgtlPPICuFQ5w","Pascal Junior","spotify:album:5LYSa9NedudKMcIrZqJ5LQ","No Lies","spotify:artist:4T8dF8zYAxgtlPPICuFQ5w","Pascal Junior","2019-11-22","https://i.scdn.co/image/ab67616d0000b273795b4776348911921d7b34ca","1","1","159677","https://p.scdn.co/mp3-preview/22152bc72e79f8b137a2313c16c3db5289d9f91c?cid=9950ac751e34487dbbe027c4fd7f8e99","false","56","DES231900240","spotify:user:ywclxdobq3uybbdwi9kao1qat","2023-04-21T06:31:47Z"
"spotify:track:2mkwcQDjwb9ZYdLECzjWYt","What You Say","spotify:artist:1lYdcy4gTW1btf3rYLARN9, spotify:artist:5Nd61ppMOQbbtF1HV13kBO","Frankie Polari, NuBass","spotify:album:7vIsH2fkaKrUaAvc1wZruE","What You Say","spotify:artist:1lYdcy4gTW1btf3rYLARN9, spotify:artist:5Nd61ppMOQbbtF1HV13kBO","Frankie Polari, NuBass","2022-11-04","https://i.scdn.co/image/ab67616d0000b273de91b4f624efcb898a5ca046","1","1","158563","https://p.scdn.co/mp3-preview/6b36b2d8e74974eef1a03e895e377c83b58a0fe0?cid=9950ac751e34487dbbe027c4fd7f8e99","false","58","DES232200470","spotify:user:ywclxdobq3uybbdwi9kao1qat","2023-04-21T06:31:47Z"
"spotify:track:58W6OdSaSsRDcMQYdC2SB5","Home","spotify:artist:4C9H5Lat1NEZasl8MQHvtB, spotify:artist:7arwEayqcKWkzDmGEB7xov, spotify:artist:6YPmhC6xckfcUiw4undxAb","Jewels, Discrete, Tudor","spotify:album:5w3vUnEpFqhgvTUmTwoBbR","Home","spotify:artist:4C9H5Lat1NEZasl8MQHvtB, spotify:artist:7arwEayqcKWkzDmGEB7xov, spotify:artist:6YPmhC6xckfcUiw4undxAb","Jewels, Discrete, Tudor","2022-09-09","https://i.scdn.co/image/ab67616d0000b27374396de480981abe8bade704","1","1","225088","https://p.scdn.co/mp3-preview/5e457ea3c313f81a57eec80b145763f3090489c4?cid=9950ac751e34487dbbe027c4fd7f8e99","false","60","DES232200420","spotify:user:ywclxdobq3uybbdwi9kao1qat","2023-04-21T06:31:47Z"
"spotify:track:718NV3Ob8ZQNOytQfwYKSc","Love Is Just a Game","spotify:artist:7nLgDxwtRUTbagZKa9aaVA, spotify:artist:13qDiWWIa4Gb6toRGszKKP, spotify:artist:54mlM6Oc1sqUvyI2RC5sYa","Tom Ferry, JONA XX, Sarah Lahn","spotify:album:3NSOZLHgbSkld6vtbDRxSE","Love Is Just a Game","spotify:artist:7nLgDxwtRUTbagZKa9aaVA, spotify:artist:13qDiWWIa4Gb6toRGszKKP, spotify:artist:54mlM6Oc1sqUvyI2RC5sYa","Tom Ferry, JONA XX, Sarah Lahn","2022-11-11","https://i.scdn.co/image/ab67616d0000b273b0b7505e6c72b25f1bf7cbfd","1","1","150450","https://p.scdn.co/mp3-preview/1ce13b79816ac9f9ad285cac881c0a6530ccbece?cid=9950ac751e34487dbbe027c4fd7f8e99","false","59","DES232200490","spotify:user:ywclxdobq3uybbdwi9kao1qat","2023-04-21T06:31:47Z"
"spotify:track:09CanZmO6paS3VIPtoVJsh","Closer To You","spotify:artist:4ZUg3IUvAPAl8coXQAxaXd","Lucas Nord","spotify:album:7406FZf3JxgLG19sskEfsG","Closer To You","spotify:artist:4ZUg3IUvAPAl8coXQAxaXd","Lucas Nord","2022-08-19","https://i.scdn.co/image/ab67616d0000b2738170690712466d37da07f3ad","1","1","166456","https://p.scdn.co/mp3-preview/43ef3b5c9cf5de6463e80c4b58625124f1a1931f?cid=9950ac751e34487dbbe027c4fd7f8e99","false","60","DES232200400","spotify:user:ywclxdobq3uybbdwi9kao1qat","2023-04-21T06:31:47Z"
"spotify:track:1OxaAC72au0z2HORS9yt1m","Tell Me","spotify:artist:42KUul1wLmOdQCEYf3MweS, spotify:artist:1BPsbKiNgav1TY1ITIU8C5","Lonely in the Rain, Benji Lewis","spotify:album:2nBHaQWoC341spJHji7dgz","Tell Me","spotify:artist:42KUul1wLmOdQCEYf3MweS, spotify:artist:1BPsbKiNgav1TY1ITIU8C5","Lonely in the Rain, Benji Lewis","2022-10-19","https://i.scdn.co/image/ab67616d0000b273ae0126d8e6d2d714a89e40db","1","1","196015","https://p.scdn.co/mp3-preview/7f2d039aabec3d89fb2e17e5fc45ba60aaa8ffe1?cid=9950ac751e34487dbbe027c4fd7f8e99","false","62","FXQ892200280","spotify:user:ywclxdobq3uybbdwi9kao1qat","2023-04-21T06:31:47Z"
"spotify:track:41JyJ75Wf7NOIP3lk3JaNH","Lost in You","spotify:artist:6KGv020mJkIjQH5YPDSBcZ, spotify:artist:7b48KVEzrlVcLLLBAGHBuj","Astrality, Thandi","spotify:album:13gn0rNGUlOHhZbnG76PAW","Lost in You","spotify:artist:6KGv020mJkIjQH5YPDSBcZ, spotify:artist:7b48KVEzrlVcLLLBAGHBuj","Astrality, Thandi","2022-12-09","https://i.scdn.co/image/ab67616d0000b273d2b1230d587b695d59d5bd92","1","1","181251","https://p.scdn.co/mp3-preview/3fc56f2b274a8d53b39fb46b2e98e437e40c6773?cid=9950ac751e34487dbbe027c4fd7f8e99","false","63","DES232200550","spotify:user:ywclxdobq3uybbdwi9kao1qat","2023-04-21T06:31:47Z"
"spotify:track:4NkHMtDWqqfU9snFt7Ae6j","Get Through This","spotify:artist:2mNOoqXYY177q7TtuqJL9q","Nathan C","spotify:album:6CQZQ3Ln1bkorpBFSAg8dC","Get Through This","spotify:artist:2mNOoqXYY177q7TtuqJL9q","Nathan C","2021-10-22","https://i.scdn.co/image/ab67616d0000b273d1d0ef3d8c06218bfa4b25d9","1","1","172278","https://p.scdn.co/mp3-preview/19126c9e0bc300bbae1aa23d6c5457c87ba74ca7?cid=9950ac751e34487dbbe027c4fd7f8e99","false","54","DES232100540","spotify:user:ywclxdobq3uybbdwi9kao1qat","2023-04-21T06:31:47Z"
"spotify:track:19BoXyNUZB8M9PgAyMHVRg","Tell Me","spotify:artist:5344K3N7rx7kw1HjO8psuq, spotify:artist:2xDZ8qyyE2Ti4wL1Ob1T7V","James Carter, Hanne Mjøen","spotify:album:7qnMJEfvGH0G9X6Y3RgJrP","Tell Me","spotify:artist:5344K3N7rx7kw1HjO8psuq, spotify:artist:2xDZ8qyyE2Ti4wL1Ob1T7V","James Carter, Hanne Mjøen","2022-02-11","https://i.scdn.co/image/ab67616d0000b2733f0b2da552c0989388b1b1a2","1","1","127500","https://p.scdn.co/mp3-preview/4514b69344c39dbe3c52961e668e0352583bdb6d?cid=9950ac751e34487dbbe027c4fd7f8e99","false","65","DES232200050","spotify:user:ywclxdobq3uybbdwi9kao1qat","2023-04-21T06:31:47Z"
"spotify:track:21YSNocrWGa1vdSeXsOypC","Stare Into Your Eyes","spotify:artist:5kDLlXP8v2hQi26n7Ik5xS","exclap","spotify:album:2JLeW8AI1qRmPqOOGUwVli","Stare Into Your Eyes","spotify:artist:5kDLlXP8v2hQi26n7Ik5xS","exclap","2022-06-10","https://i.scdn.co/image/ab67616d0000b273bad4f7934028f0f863541add","1","1","141102","https://p.scdn.co/mp3-preview/32bda2681be9bcaad093714bd47393687eb7985b?cid=9950ac751e34487dbbe027c4fd7f8e99","false","57","DES232200280","spotify:user:ywclxdobq3uybbdwi9kao1qat","2023-04-21T06:31:47Z"
"spotify:track:2VYtAJuuOr6RyOOggzSTIB","Over & Over","spotify:artist:1k7Cc2WGh6LAE1TUh6dsiy, spotify:artist:3zOUpziwcfY2bCh4VyJ4Am","Dark Heart, Njomza","spotify:album:5BmL5jO6sV8k294FijuCZo","Over & Over","spotify:artist:1k7Cc2WGh6LAE1TUh6dsiy, spotify:artist:3zOUpziwcfY2bCh4VyJ4Am","Dark Heart, Njomza","2021-08-27","https://i.scdn.co/image/ab67616d0000b2732b05b73bf9f1b9251802ad02","1","1","147110","https://p.scdn.co/mp3-preview/21c76e8841b23c28a97722a519fe3489646749f4?cid=9950ac751e34487dbbe027c4fd7f8e99","false","62","DES232100400","spotify:user:ywclxdobq3uybbdwi9kao1qat","2023-04-21T06:31:47Z"
"spotify:track:3QuJ4TqND9JE7cqAkIrgYr","Smalltown Boy","spotify:artist:6JzWgxi0nFzcHq7cqpGbiz, spotify:artist:7a5Srm7U661DotL6VWRmYk","Marcus Layton, Indiana","spotify:album:22qBsT4FYEV5ZHeFrvIenK","Smalltown Boy","spotify:artist:6JzWgxi0nFzcHq7cqpGbiz, spotify:artist:7a5Srm7U661DotL6VWRmYk","Marcus Layton, Indiana","2022-03-25","https://i.scdn.co/image/ab67616d0000b27358959eda948f3c86bc9c74eb","1","1","144240","https://p.scdn.co/mp3-preview/be518c446b9dd781c13875aa82c11e0f79b4cec9?cid=9950ac751e34487dbbe027c4fd7f8e99","false","64","DES232200140","spotify:user:ywclxdobq3uybbdwi9kao1qat","2023-04-21T06:31:47Z"
"spotify:track:7hz4FnANJOY7tR8eutPxIP","Bright Lights (feat. AR/CO)","spotify:artist:2avRYQUWQpIkzJOEkf0MdY, spotify:artist:2CIMQHirSU0MQqyYHq0eOx, spotify:artist:6TQj5BFPooTa08A7pk8AQ1, spotify:artist:7mGI9Sd66FqHjIkwzkgbG7","Kx5, deadmau5, Kaskade, AR/CO","spotify:album:7krgzxFJr9YxsmyWlO5Ubg","Kx5","spotify:artist:2avRYQUWQpIkzJOEkf0MdY, spotify:artist:2CIMQHirSU0MQqyYHq0eOx, spotify:artist:6TQj5BFPooTa08A7pk8AQ1","Kx5, deadmau5, Kaskade","2023-03-17","https://i.scdn.co/image/ab67616d0000b273ddd33bce31c72519c861d9db","1","4","203255","https://p.scdn.co/mp3-preview/b499fdd53b72399deda11fe06d5b3fd8c7ab7b7a?cid=9950ac751e34487dbbe027c4fd7f8e99","false","66","GBTDG1302650","spotify:user:ywclxdobq3uybbdwi9kao1qat","2023-04-21T06:31:47Z"
"spotify:track:0zKbDrEXKpnExhGQRe9dxt","Lay Low","spotify:artist:2o5jDhtHVPhrJdv3cEQ99Z","Tiësto","spotify:album:0EYKSXXTsON8ZA95BuCoXn","Lay Low","spotify:artist:2o5jDhtHVPhrJdv3cEQ99Z","Tiësto","2023-01-06","https://i.scdn.co/image/ab67616d0000b273c8fdaf1b33263d88246ba90a","1","1","153442","https://p.scdn.co/mp3-preview/d4e0715dc213858f53a104ee498944a0d759b6cb?cid=9950ac751e34487dbbe027c4fd7f8e99","false","86","NLZ542202348","spotify:user:ywclxdobq3uybbdwi9kao1qat","2023-04-21T06:31:47Z"
"spotify:track:219qa1XAw8kHdVY4sHpoA5","Chemical Days","spotify:artist:5CBNhusqki2s2jp4Lo6i2L","JLV","spotify:album:30OatZYr9ciScwGMfjinT4","Chemical Days","spotify:artist:5CBNhusqki2s2jp4Lo6i2L","JLV","2022-01-21","https://i.scdn.co/image/ab67616d0000b273dced84c93c81c992ee6be82a","1","1","175182","https://p.scdn.co/mp3-preview/a98d03af587b2fa12d6d17aceaae2b581b206acd?cid=9950ac751e34487dbbe027c4fd7f8e99","false","56","DES232200020","spotify:user:ywclxdobq3uybbdwi9kao1qat","2023-04-21T06:31:47Z"
"spotify:track:0rHizmtWMHOzxoFC9thliV","Underwater","spotify:artist:58O8UPrTdl4u2buM0skj94","Harrison","spotify:album:0cf2kPQZbOLf7syCGiULCy","Underwater","spotify:artist:58O8UPrTdl4u2buM0skj94","Harrison","2022-07-29","https://i.scdn.co/image/ab67616d0000b273fe030cb11e0c4619ec22d08f","1","1","172000","https://p.scdn.co/mp3-preview/62b9d4fcd55e4761c1972b76ef43731ded9badea?cid=9950ac751e34487dbbe027c4fd7f8e99","false","56","DES232200370","spotify:user:ywclxdobq3uybbdwi9kao1qat","2023-04-21T06:31:47Z"
"spotify:track:397W12CqjA788iknS81yMB","Touch","spotify:artist:0ZwQMCRqfyh1OGQkBh9Cnj, spotify:artist:1ZwuShKjJItDJez0aDCsxN","Kideko, SHELLS","spotify:album:2nS3OjhmMCgYYeZfWy6Bga","Touch","spotify:artist:0ZwQMCRqfyh1OGQkBh9Cnj, spotify:artist:1ZwuShKjJItDJez0aDCsxN","Kideko, SHELLS","2022-05-13","https://i.scdn.co/image/ab67616d0000b27307e3bafe81fc8728db47c2e4","1","1","167056","https://p.scdn.co/mp3-preview/e75c687940ce111306d36a13a67d5bd7ab102a10?cid=9950ac751e34487dbbe027c4fd7f8e99","false","55","DES232200220","spotify:user:ywclxdobq3uybbdwi9kao1qat","2023-04-21T06:31:47Z"
"spotify:track:0YnHCIk1Ppy7FIzdvjspts","I Don't Wanna Know","spotify:artist:656ibQgcoUQrUPdhQWRcI3, spotify:artist:2RkjEzhUyusJ4KrD5A9yiv","SOMMA, Brenda Mullen","spotify:album:2sI3TF8KNDxcsLzV5xAHHk","I Don't Wanna Know","spotify:artist:656ibQgcoUQrUPdhQWRcI3","SOMMA","2020-07-24","https://i.scdn.co/image/ab67616d0000b2734cfc763b2eba04c4bcbde312","1","1","151048","https://p.scdn.co/mp3-preview/69de8affdea2606652af33a66c1fab20391f4852?cid=9950ac751e34487dbbe027c4fd7f8e99","false","64","DES232000220","spotify:user:ywclxdobq3uybbdwi9kao1qat","2023-04-21T06:31:47Z"
"spotify:track:1OUlisMmTZIjo34IXPILQj","Speeding","spotify:artist:3WXZWtCPBQB4jzfs2qM5Ss, spotify:artist:09apxys93rFK3x28ufjH6w","Kesh, NEVRMIND","spotify:album:55wGBkhQKBHQmqNcDBHbSs","Speeding","spotify:artist:3WXZWtCPBQB4jzfs2qM5Ss, spotify:artist:09apxys93rFK3x28ufjH6w","Kesh, NEVRMIND","2021-06-11","https://i.scdn.co/image/ab67616d0000b273de03049e4472fee57e39e6c8","1","1","141663","https://p.scdn.co/mp3-preview/914ab593bbcf905723eb6b620670879b73fa983c?cid=9950ac751e34487dbbe027c4fd7f8e99","false","55","DES232100250","spotify:user:ywclxdobq3uybbdwi9kao1qat","2023-04-21T06:31:47Z"
"spotify:track:0eiLudweyosA5c7EUJ6y0c","Breathe Me In","spotify:artist:58O8UPrTdl4u2buM0skj94","Harrison","spotify:album:0Ez7Txv5ziazJVEVZq41Rc","Breathe Me In","spotify:artist:58O8UPrTdl4u2buM0skj94","Harrison","2021-11-19","https://i.scdn.co/image/ab67616d0000b273e49d5ebb86b507fb038e758a","1","1","178420","https://p.scdn.co/mp3-preview/6a7f9888fb54d705749bb221dfc2bbda9b83d60a?cid=9950ac751e34487dbbe027c4fd7f8e99","false","61","DES232100580","spotify:user:ywclxdobq3uybbdwi9kao1qat","2023-04-21T06:31:47Z"
"spotify:track:1pa7rBVipooMGzVN0Nausx","Sleepwalking","spotify:artist:21dVknSLCsK37cWozWDZZS, spotify:artist:2nm38smINjms1LtczR0Cei","Matt Sassari, Goodboys","spotify:album:58I1R2JazZYiVUek5rtvFY","Sleepwalking","spotify:artist:21dVknSLCsK37cWozWDZZS, spotify:artist:2nm38smINjms1LtczR0Cei","Matt Sassari, Goodboys","2023-02-03","https://i.scdn.co/image/ab67616d0000b273bdca54ef6aae1d863296d92e","1","1","151428","https://p.scdn.co/mp3-preview/2f62a882c8f18f726104c4d5aeee17d969b1cc38?cid=9950ac751e34487dbbe027c4fd7f8e99","false","59","GBHAD2200111","spotify:user:ywclxdobq3uybbdwi9kao1qat","2023-04-21T06:31:47Z"
"spotify:track:1z583dMOXZQ9mkOBgUzZVP","Say Something (Club Mix)","spotify:artist:1ZUpQr4VSnnP86WbaRRMpd, spotify:artist:5t7FfMHr6IwUH5k2sLZ4n1","Jay Pryor, Chaya","spotify:album:4aj3XEOdvm16yrAAWpnDNu","Say Something (Club Mix)","spotify:artist:1ZUpQr4VSnnP86WbaRRMpd, spotify:artist:5t7FfMHr6IwUH5k2sLZ4n1","Jay Pryor, Chaya","2021-02-05","https://i.scdn.co/image/ab67616d0000b2737999c818e4efc4ac66132af4","1","1","218780","https://p.scdn.co/mp3-preview/1c345863da2d8ef5522992bbcef7e72b21b87694?cid=9950ac751e34487dbbe027c4fd7f8e99","false","56","DES232100050","spotify:user:ywclxdobq3uybbdwi9kao1qat","2023-04-21T06:31:47Z"
"spotify:track:5gvEyl4OLhD6kJ3aZ43sd3","Heaven","spotify:artist:5344K3N7rx7kw1HjO8psuq","James Carter","spotify:album:20hpXtqd02hIOkQ8Xoj4dM","Heaven","spotify:artist:5344K3N7rx7kw1HjO8psuq","James Carter","2021-10-15","https://i.scdn.co/image/ab67616d0000b2735359c671b1df53a9ce39beb4","1","1","124655","https://p.scdn.co/mp3-preview/2469a85b43493508c18b72671212bf131f3a7c60?cid=9950ac751e34487dbbe027c4fd7f8e99","false","63","DES232100520","spotify:user:ywclxdobq3uybbdwi9kao1qat","2023-04-21T06:31:47Z"
"spotify:track:2TLICM4QNi7BRg7Wa0kzdN","Tell Me","spotify:artist:6O5LAkus9iGG1vvMGu5mDo, spotify:artist:1zg4OV4mAjexgjWEtBAd72","Falden, Fare","spotify:album:1fvT2czFpSKSeEYl99ImF9","Tell Me","spotify:artist:6O5LAkus9iGG1vvMGu5mDo, spotify:artist:1zg4OV4mAjexgjWEtBAd72","Falden, Fare","2022-04-29","https://i.scdn.co/image/ab67616d0000b2731e545b18deb2829a0abb6c5e","1","1","216720","https://p.scdn.co/mp3-preview/59f7f4e2fcfeaa9263d3ba515dba57ce23afb270?cid=9950ac751e34487dbbe027c4fd7f8e99","false","59","DES232200200","spotify:user:ywclxdobq3uybbdwi9kao1qat","2023-04-21T06:31:47Z"
"spotify:track:1ZNaOGKAZKaZh7V87zDs1i","Colourblind","spotify:artist:5xEJ7FQOtIUMLdnKyZrvPB, spotify:artist:1WcwbtAnG5HWNbPPK84ued","Jess Bays, Hayley May","spotify:album:11GNGqeQLQTGUTn8AewzDy","Colourblind","spotify:artist:5xEJ7FQOtIUMLdnKyZrvPB, spotify:artist:1WcwbtAnG5HWNbPPK84ued","Jess Bays, Hayley May","2023-03-03","https://i.scdn.co/image/ab67616d0000b273fc18d8a25af9fe79c181a3c4","1","1","185120","https://p.scdn.co/mp3-preview/5d075f740785872b2b735dfcc35d4eb5d67d7bc3?cid=9950ac751e34487dbbe027c4fd7f8e99","false","63","UKRPL1900442","spotify:user:ywclxdobq3uybbdwi9kao1qat","2023-04-21T06:31:47Z"
"spotify:track:4LOZluaGCD0yueMvqDfZn8","Something Real","spotify:artist:4NhRml5ZOfNaYJAHUE0XwT","Nu Aspect","spotify:album:4kcRMJL88rqNqFx0cad34F","Something Real","spotify:artist:4NhRml5ZOfNaYJAHUE0XwT","Nu Aspect","2021-12-31","https://i.scdn.co/image/ab67616d0000b273b601785fc46dfc385414c894","1","1","148893","https://p.scdn.co/mp3-preview/e46539772d353b84af8cacdac63f31e3ed4f56ee?cid=9950ac751e34487dbbe027c4fd7f8e99","false","61","DES232100640","spotify:user:ywclxdobq3uybbdwi9kao1qat","2023-04-21T06:31:47Z"
"spotify:track:0J07ya7WC09FaQADutoBRZ","Love Tonight (Robin Schulz Remix)","spotify:artist:2TcGJdSOiOvITBzhvfX8XB, spotify:artist:3t5xRXzsuZmMDkQzgOX35S","Shouse, Robin Schulz","spotify:album:5sg93cUz5Z77nR6n0FMHvS","Love Tonight (Robin Schulz Remix)","spotify:artist:2TcGJdSOiOvITBzhvfX8XB, spotify:artist:3t5xRXzsuZmMDkQzgOX35S","Shouse, Robin Schulz","2021-09-03","https://i.scdn.co/image/ab67616d0000b2739612bc49541808bf30fe7772","1","1","184783","https://p.scdn.co/mp3-preview/54aae29fe00349c3e17a42e3d053192a3fa412db?cid=9950ac751e34487dbbe027c4fd7f8e99","false","69","USA2P2132833","spotify:user:ywclxdobq3uybbdwi9kao1qat","2023-04-21T06:31:47Z"
"spotify:track:3JsH3qnwhYGs20PBMsCgNx","Voodoo","spotify:artist:4VNQWV2y1E97Eqo2D5UTjx","Gorgon City","spotify:album:32JzuMXyPDs6ihDnRGh8vy","Voodoo","spotify:artist:4VNQWV2y1E97Eqo2D5UTjx","Gorgon City","2023-03-10","https://i.scdn.co/image/ab67616d0000b2735df241098fd31292e6510a1d","1","1","213800","","false","70","GBUM72300911","spotify:user:ywclxdobq3uybbdwi9kao1qat","2023-04-21T06:31:47Z"
"spotify:track:2Pg9RFW28ILUGYrjryma02","I Need It","spotify:artist:2eyWjEeUEayi6HINa4ebJW, spotify:artist:7x4jBpJWSLC2Y6P8MR89Ik, spotify:artist:1ZwuShKjJItDJez0aDCsxN","ØGM, GARGAN, SHELLS","spotify:album:0eLT9Ri1BYbEghpCu516nP","I Need It","spotify:artist:2eyWjEeUEayi6HINa4ebJW, spotify:artist:7x4jBpJWSLC2Y6P8MR89Ik","ØGM, GARGAN","2022-04-08","https://i.scdn.co/image/ab67616d0000b273155a45c9efd869696b63fd32","1","1","197103","https://p.scdn.co/mp3-preview/fbf06fb71a882b9e4dd2c9396f708e9d448dfe4f?cid=9950ac751e34487dbbe027c4fd7f8e99","false","56","DES232200060","spotify:user:ywclxdobq3uybbdwi9kao1qat","2023-04-21T06:31:47Z"
"spotify:track:15O2kELD1X3eW3VXCFszTL","Burn Me Like a Fire","spotify:artist:3pCzVQR5s1t2OsNjxmqTQ1, spotify:artist:0sNtfmZzruNmwZMBx87Epy","Bullet, YellowLight","spotify:album:5XuaXBMrozZqZdNY9ym3BY","Burn Me Like a Fire","spotify:artist:3pCzVQR5s1t2OsNjxmqTQ1, spotify:artist:0sNtfmZzruNmwZMBx87Epy","Bullet, YellowLight","2022-03-18","https://i.scdn.co/image/ab67616d0000b2732d146a121cb0a462763ac30e","1","1","189031","https://p.scdn.co/mp3-preview/77fee7d63bcc9a7c11de76d938329a95cf339b98?cid=9950ac751e34487dbbe027c4fd7f8e99","false","53","DES232200130","spotify:user:ywclxdobq3uybbdwi9kao1qat","2023-04-21T06:31:47Z"
"spotify:track:0SHYsj8W1MNVgSDOG4DGKF","Silence","spotify:artist:1k7Cc2WGh6LAE1TUh6dsiy, spotify:artist:5fzcdyinr7x5DY1Q2QMtdS","Dark Heart, NEUBAUER","spotify:album:2BzLcTkiSvRMNzqk1IDEuJ","Silence","spotify:artist:1k7Cc2WGh6LAE1TUh6dsiy, spotify:artist:5fzcdyinr7x5DY1Q2QMtdS","Dark Heart, NEUBAUER","2022-04-15","https://i.scdn.co/image/ab67616d0000b273a967793d7eeda3c090ad18f1","1","1","177817","https://p.scdn.co/mp3-preview/051c87f0095f3ef04d2285c860c13c8d630c4910?cid=9950ac751e34487dbbe027c4fd7f8e99","false","54","DES232200170","spotify:user:ywclxdobq3uybbdwi9kao1qat","2023-04-21T06:31:47Z"
"spotify:track:4qDpLaFGf5ampf2DXD2TMA","Where You Are","spotify:artist:7kNqXtgeIwFtelmRjWv205, spotify:artist:4yX6mpMyBGf9UfvBB8JJrc","John Summit, Hayla","spotify:album:4bIEy1wDeaEklS1BanbsmR","Where You Are","spotify:artist:7kNqXtgeIwFtelmRjWv205, spotify:artist:4yX6mpMyBGf9UfvBB8JJrc","John Summit, Hayla","2023-03-03","https://i.scdn.co/image/ab67616d0000b2731744223e31fd75e05a0f5f02","1","1","236000","","false","78","USUG12301338","spotify:user:ywclxdobq3uybbdwi9kao1qat","2023-04-21T06:31:47Z"
"spotify:track:1ld3ibWlGwo4oBFPb6pmKk","Heal Me - Biscits Remix","spotify:artist:0eHwH1Ze2lRt6KOGw1T3rq, spotify:artist:052B9SONfhoScw7dgYWw5o","FARR, Biscits","spotify:album:4PFH5f3PxwuweuCE8gofIF","Heal Me","spotify:artist:0eHwH1Ze2lRt6KOGw1T3rq, spotify:artist:052B9SONfhoScw7dgYWw5o","FARR, Biscits","2020-10-09","https://i.scdn.co/image/ab67616d0000b273f1253227ffa296260fa17bff","1","1","177142","https://p.scdn.co/mp3-preview/fad5ac606ffdf75ce44e01cae267a99d6a4e9974?cid=9950ac751e34487dbbe027c4fd7f8e99","false","65","ZZOPM2003271","spotify:user:ywclxdobq3uybbdwi9kao1qat","2023-04-21T06:31:47Z"
"spotify:track:39JofJHEtg8I4fSyo7Imft","B.O.T.A. (Baddest Of Them All) - Edit","spotify:artist:4XC335ouK6pXyq4QiIb8bP, spotify:artist:6uJ51uV5rYzu1MJkC4CceI","Eliza Rose, Interplanetary Criminal","spotify:album:2lQgd3Svp1ZWAzZPLobAPK","B.O.T.A. (Baddest Of Them All)","spotify:artist:4XC335ouK6pXyq4QiIb8bP, spotify:artist:6uJ51uV5rYzu1MJkC4CceI","Eliza Rose, Interplanetary Criminal","2022-08-12","https://i.scdn.co/image/ab67616d0000b273eb15b994e15a3a6634d1694e","1","1","226626","https://p.scdn.co/mp3-preview/475c0c2a67c6db3c8f66264e04eb3fa9d3a7a0ba?cid=9950ac751e34487dbbe027c4fd7f8e99","false","82","QZAKB2166405","spotify:user:ywclxdobq3uybbdwi9kao1qat","2023-04-21T06:31:47Z"
"spotify:track:1e0V7CMEcXaPAMtL4b5VtV","Out of My Head","spotify:artist:5v8ZROs9c26k4yGMxUkebt, spotify:artist:7oZdp9UWjuC68LeJSYeKZL","Jack Wins, ManyFew","spotify:album:6yj3YyNMLt3fEKRcsVr31Z","Out of My Head","spotify:artist:5v8ZROs9c26k4yGMxUkebt, spotify:artist:7oZdp9UWjuC68LeJSYeKZL","Jack Wins, ManyFew","2021-08-06","https://i.scdn.co/image/ab67616d0000b27334f4f86217e5a7d795d4e488","1","1","162382","https://p.scdn.co/mp3-preview/e49d52309e8550efc5775a6597331e8b9249dab1?cid=9950ac751e34487dbbe027c4fd7f8e99","false","57","DES232100350","spotify:user:ywclxdobq3uybbdwi9kao1qat","2023-04-21T06:31:47Z"
"spotify:track:39K1B9yIdTCgwm25z4GYId","Remember","spotify:artist:2kSdRzYPQR1kjM9jkWsS5M","DRAY","spotify:album:1kVLVbJzfk3FeQhZsC13YJ","Remember","spotify:artist:2kSdRzYPQR1kjM9jkWsS5M","DRAY","2021-11-26","https://i.scdn.co/image/ab67616d0000b273eab287d1dd60101ff3e6c6a0","1","1","188951","https://p.scdn.co/mp3-preview/c2e3d89858bddf3345d4b5b407f8922f316388d7?cid=9950ac751e34487dbbe027c4fd7f8e99","false","58","DES232100590","spotify:user:ywclxdobq3uybbdwi9kao1qat","2023-04-21T06:31:47Z"
"spotify:track:0JLiYHwL8CXEysiurWmdow","Light","spotify:artist:4NhRml5ZOfNaYJAHUE0XwT","Nu Aspect","spotify:album:3PMGDt3tunv9rZE1EVkZ8T","Light","spotify:artist:4NhRml5ZOfNaYJAHUE0XwT","Nu Aspect","2020-05-15","https://i.scdn.co/image/ab67616d0000b2736a217e7f9741e0b2b17c1d5f","1","1","186131","https://p.scdn.co/mp3-preview/a9f34109cbf2c213964ea677e303af9a50cd175d?cid=9950ac751e34487dbbe027c4fd7f8e99","false","62","DES232000080","spotify:user:ywclxdobq3uybbdwi9kao1qat","2023-04-21T06:31:47Z"
"spotify:track:0ndg56b510prqHlImqJoxG","Ghost Town (Lucas Estrada Remix)","spotify:artist:4mrBetqy378Jf1y6NLszlx, spotify:artist:3TVjdmhfFoYJLgBEkkZTBm, spotify:artist:2tndYCXQneCV4jtoWRwVpz","VINAI, John De Sohn, Lucas Estrada","spotify:album:6gSjNm6RsoLBSSFfEmqASG","Ghost Town (Lucas Estrada Remix)","spotify:artist:4mrBetqy378Jf1y6NLszlx, spotify:artist:3TVjdmhfFoYJLgBEkkZTBm, spotify:artist:2tndYCXQneCV4jtoWRwVpz","VINAI, John De Sohn, Lucas Estrada","2023-01-05","https://i.scdn.co/image/ab67616d0000b273411d9123d8ac6e5865c1c9e8","1","1","137957","https://p.scdn.co/mp3-preview/3fd634c578f0bef0d6f9435e0452a1704ce92639?cid=9950ac751e34487dbbe027c4fd7f8e99","false","70","GX8LE2274644","spotify:user:ywclxdobq3uybbdwi9kao1qat","2023-04-21T06:31:47Z"
"spotify:track:65tzGxRAwbrZd2yhHcGgLf","My Carousel","spotify:artist:6pcxIOhQCNb7DX2iuEXgxL, spotify:artist:0AkL5tzM3UsDlWak9E0OwH","Tobtok, Jem Cooke","spotify:album:1v3AdrKIXMOF8gS88K8Fuq","My Carousel","spotify:artist:6pcxIOhQCNb7DX2iuEXgxL, spotify:artist:0AkL5tzM3UsDlWak9E0OwH","Tobtok, Jem Cooke","2021-07-09","https://i.scdn.co/image/ab67616d0000b273ab79e4712fe8244ccc9e2485","1","1","166639","https://p.scdn.co/mp3-preview/62f78f26ef169ed065fd699591ed916f07a0158d?cid=9950ac751e34487dbbe027c4fd7f8e99","false","56","DES232100300","spotify:user:ywclxdobq3uybbdwi9kao1qat","2023-04-21T06:31:47Z"
"spotify:track:1zjpRtPJ5RErMk7nrM2ArP","Deep Sea","spotify:artist:3QD8Op2asIft2YDqX154NB, spotify:artist:6fT9phXpEYVm2zB0QzGqDJ","Effemar, Swedish Red Elephant","spotify:album:0kNGv7gmEPHWQOf4eaWWGp","Deep Sea","spotify:artist:3QD8Op2asIft2YDqX154NB, spotify:artist:6fT9phXpEYVm2zB0QzGqDJ","Effemar, Swedish Red Elephant","2020-11-27","https://i.scdn.co/image/ab67616d0000b273a8f84e3f2d7cf15d50e76947","1","1","177596","https://p.scdn.co/mp3-preview/fc345d3acdec53ce4057017d27b78443b0a15011?cid=9950ac751e34487dbbe027c4fd7f8e99","false","55","DES232000400","spotify:user:ywclxdobq3uybbdwi9kao1qat","2023-04-21T06:31:47Z"
"spotify:track:4TG1uWUFPQ78PujGi9qorM","Problems","spotify:artist:04sHHRws8Q7apGxRnUnjQs, spotify:artist:4nJ7nW0IQpvHymuih4y6OC","Kilian K, Mannymore","spotify:album:1EQYMHWhlZdbt3xqABPvPi","Problems","spotify:artist:04sHHRws8Q7apGxRnUnjQs, spotify:artist:4nJ7nW0IQpvHymuih4y6OC","Kilian K, Mannymore","2022-12-16","https://i.scdn.co/image/ab67616d0000b27363888100e4b3e7a8288ad4e6","1","1","127873","https://p.scdn.co/mp3-preview/a51f5fad471ecc95b5c3a794de81ad8629cc68d4?cid=9950ac751e34487dbbe027c4fd7f8e99","false","54","DEPI82220144","spotify:user:ywclxdobq3uybbdwi9kao1qat","2023-04-21T06:31:47Z"
"spotify:track:4P4653vortdXtcHf4iXWW7","Shadow (feat. MORGAN)","spotify:artist:39B7ChWwrWDs7zXlsu3MoP, spotify:artist:26OmQHradZrF0CS7DrgWDH, spotify:artist:7ltW5jYRnGOE4O1vcgW2DI","Sonny Fodera, Lewis Thompson, MORGAN","spotify:album:1Ypjjp8ACgey0utUoUBBM1","Shadow (feat. MORGAN)","spotify:artist:39B7ChWwrWDs7zXlsu3MoP, spotify:artist:26OmQHradZrF0CS7DrgWDH, spotify:artist:7ltW5jYRnGOE4O1vcgW2DI","Sonny Fodera, Lewis Thompson, MORGAN","2023-03-03","https://i.scdn.co/image/ab67616d0000b273d6219f588351db616b0ec140","1","1","180998","https://p.scdn.co/mp3-preview/7755be42a2f6d76e4eaa744ebe0d0b86c7a25120?cid=9950ac751e34487dbbe027c4fd7f8e99","false","60","US39N2204782","spotify:user:ywclxdobq3uybbdwi9kao1qat","2023-04-21T06:31:47Z"
"spotify:track:58xJefWZNO53mXinrVO5n4","Dusk Till Dawn","spotify:artist:0K3HwnyYaxoQO9hZCBLtOH, spotify:artist:13qjHQyFpjR48hBIbPrwMx, spotify:artist:0dS5IlInNc5Qq0wIrFTKob","LANNÉ, DJSM, Jay Mason","spotify:album:3v5t3GRfiRGg76LpSiPkNS","Dusk Till Dawn","spotify:artist:0K3HwnyYaxoQO9hZCBLtOH, spotify:artist:13qjHQyFpjR48hBIbPrwMx, spotify:artist:0dS5IlInNc5Qq0wIrFTKob","LANNÉ, DJSM, Jay Mason","2022-11-18","https://i.scdn.co/image/ab67616d0000b273ecdf7de178b5ed739d41d46d","1","1","177253","https://p.scdn.co/mp3-preview/d0eb752e221c19914c0f4d9d31da8e84b4784d3c?cid=9950ac751e34487dbbe027c4fd7f8e99","false","57","DEPI82218381","spotify:user:ywclxdobq3uybbdwi9kao1qat","2023-04-21T06:31:47Z"
"spotify:track:3yMuP1l8BqhaylxWkuCLBm","Dance So Well","spotify:artist:0cg1dZt1fxg4ei0nXsrxNg","Wadi","spotify:album:0z36oNeANPiDN8PHxZIvad","Dance So Well","spotify:artist:0cg1dZt1fxg4ei0nXsrxNg","Wadi","2023-02-10","https://i.scdn.co/image/ab67616d0000b27381990c0dadce5c1e8f2d8726","1","1","204000","https://p.scdn.co/mp3-preview/0dc07b01405cb9100321a38adf69947579bc2b58?cid=9950ac751e34487dbbe027c4fd7f8e99","false","37","DK4YA2303101","spotify:user:ywclxdobq3uybbdwi9kao1qat","2023-04-21T06:31:47Z"
"spotify:track:5JnbTI6E3pVRwy0Ue3FBm4","Backwards","spotify:artist:1qXQAJC0HsasWQhGI8P1QC, spotify:artist:2m0xNVRx1tAHY3pfNXt7Ro, spotify:artist:2M2QzPADSybcVig2CBTcFJ","Jack Kelly, Bertie Scott, Lauren L'aimant","spotify:album:5hg7M1AnERKskxR7dFxQRa","Backwards","spotify:artist:1qXQAJC0HsasWQhGI8P1QC, spotify:artist:2m0xNVRx1tAHY3pfNXt7Ro, spotify:artist:2M2QzPADSybcVig2CBTcFJ","Jack Kelly, Bertie Scott, Lauren L'aimant","2023-03-10","https://i.scdn.co/image/ab67616d0000b2732089622edc6eeb1ca183b0ca","1","1","208000","https://p.scdn.co/mp3-preview/aaac7b2af25b03c32c938f30eef8aa9fe45138ae?cid=9950ac751e34487dbbe027c4fd7f8e99","false","56","UK4ZF2300074","spotify:user:ywclxdobq3uybbdwi9kao1qat","2023-04-21T06:31:47Z"
"spotify:track:7dTkiXLxCLpAquNt3MulYB","Over You","spotify:artist:7ypPN35cJ9wfF2Zs7aYS33","Dillistone","spotify:album:1a8j1xt8u7J9ozOgZVm9AI","Over You","spotify:artist:7ypPN35cJ9wfF2Zs7aYS33","Dillistone","2022-12-16","https://i.scdn.co/image/ab67616d0000b2739157da204a154825aa3fb97c","1","1","171048","https://p.scdn.co/mp3-preview/6f2c3322ecc38733755b0a40a49039879dc08966?cid=9950ac751e34487dbbe027c4fd7f8e99","false","59","DK4YA2295501","spotify:user:ywclxdobq3uybbdwi9kao1qat","2023-04-21T06:31:47Z"
"spotify:track:287dOpeWtu9E9qhfCK1m1V","No More","spotify:artist:08wErbIdNVMxi6hs7ZDg2J","Alexxi","spotify:album:7fhAVDr9loOnrbPSrr5hdW","No More","spotify:artist:08wErbIdNVMxi6hs7ZDg2J","Alexxi","2021-07-02","https://i.scdn.co/image/ab67616d0000b2739b39a3846a139f2df6d6707b","1","1","162237","https://p.scdn.co/mp3-preview/19fcafb4da71e8c5f62d81c35f48621f5afe756c?cid=9950ac751e34487dbbe027c4fd7f8e99","false","55","DES232100290","spotify:user:ywclxdobq3uybbdwi9kao1qat","2023-04-21T06:31:47Z"
"spotify:track:5PU3Pd7ml1GfvJt7IqksG6","Us - Selected Mix","spotify:artist:5kPhAZL6iV8iDywUmIPC3g","Chace","spotify:album:1FtgISKKm0jFKfZxKvZ8QC","Us","spotify:artist:5kPhAZL6iV8iDywUmIPC3g","Chace","2020-06-19","https://i.scdn.co/image/ab67616d0000b2730bc724dc13c26d280c0a68bf","1","1","163178","https://p.scdn.co/mp3-preview/2c29499246948bfb10368286afde93973493841a?cid=9950ac751e34487dbbe027c4fd7f8e99","false","58","DES232000160","spotify:user:ywclxdobq3uybbdwi9kao1qat","2023-04-21T06:31:47Z"
