"Track URI","Track Name","Artist URI(s)","Artist Name(s)","Album URI","Album Name","Album Artist URI(s)","Album Artist Name(s)","Album Release Date","Album Image URL","Disc Number","Track Number","Track Duration (ms)","Track Preview URL","Explicit","Popularity","ISRC","Added By","Added At"
"spotify:track:3vFrE6zyDCtGjk3FQdJIDi","The Cross Part 1 (God's Justice)","spotify:artist:16Pou1SJrcOD9AUz8EHXay","Willie Will","spotify:album:2v3yR4fSJK3FUexiEwPiY9","The Gift","spotify:artist:16Pou1SJrcOD9AUz8EHXay","Willie Will","2016-03-25","https://i.scdn.co/image/ab67616d0000b273a66e615ab329944a085de247","1","21","263370","https://p.scdn.co/mp3-preview/bf10f00d6cc17915cb64b57e90a8b452afb79107?cid=9950ac751e34487dbbe027c4fd7f8e99","false","6","USACX1600265","spotify:user:ibdqzuvhscey81nwyfhajz3v7","2022-02-14T11:46:47Z"
"spotify:track:3R3HdVbcHa8QUXrg1q5dXn","The Fall","spotify:artist:3yBfMJRvM0LrPzR8hypjNq","The Ambassador","spotify:album:5dvOuL5UWyRH1DrFrx2g3t","The Thesis","spotify:artist:3yBfMJRvM0LrPzR8hypjNq","The Ambassador","2005-05-17","https://i.scdn.co/image/ab67616d0000b27334d4aec2a923bf2233dae147","1","17","272440","https://p.scdn.co/mp3-preview/500011aba228203d6db59a873ca006e119e1b76e?cid=9950ac751e34487dbbe027c4fd7f8e99","false","8","US4N80500974","spotify:user:ibdqzuvhscey81nwyfhajz3v7","2022-02-14T11:46:50Z"
"spotify:track:0hWNne5XZiAdekSPqYPgq1","C to the R (Remix)","spotify:artist:6PnUytjwfexMb295xYEDbi, spotify:artist:1t9qqgLI6eIeruCcwQqWpO","The Cross Movement, Phanatik","spotify:album:7zdranKpYLAFezTvtotcq2","Chronicles (Greatest Hits, Vol. 1)","spotify:artist:6PnUytjwfexMb295xYEDbi","The Cross Movement","2006-08-22","https://i.scdn.co/image/ab67616d0000b27312aaeecad3de0d0e39360c44","1","9","279946","https://p.scdn.co/mp3-preview/b418f51ffcadc42127ab436a5a21939205ea135d?cid=9950ac751e34487dbbe027c4fd7f8e99","false","3","US4N80504093","spotify:user:ibdqzuvhscey81nwyfhajz3v7","2022-02-14T11:46:51Z"
"spotify:track:4DooHCa3nXOtx7uNHNTeT3","Worthy Is the Lamb","spotify:artist:1wWqAErHj6qWBueakRoMWz","God's Servant","spotify:album:2KuuCMjKAQdb3iXw5XJHxC","Simple Love","spotify:artist:1wWqAErHj6qWBueakRoMWz","God's Servant","2012-10-16","https://i.scdn.co/image/ab67616d0000b273eedba4d2e0f34b8841d010cb","1","13","240343","https://p.scdn.co/mp3-preview/991401a5f78e863750733cabfb205dbbabe12b73?cid=9950ac751e34487dbbe027c4fd7f8e99","false","15","USLSX1200109","spotify:user:ibdqzuvhscey81nwyfhajz3v7","2022-02-14T11:46:55Z"
"spotify:track:0R2Bw1oSeFXh0NMTvoojAf","City Of God - Redux","spotify:artist:1DfPD1TytBH3yYFLRgEV80, spotify:artist:7qkV0tHv8UTcutWKrpVbEk, spotify:artist:7HKh82YLkcXrxveZKxdSwg","the Apologist, Evangel, Timothy Brindle","spotify:album:2ns0lX9VdCrZCLKuPnLn1Z","The Acolyte Remixes and Some","spotify:artist:1DfPD1TytBH3yYFLRgEV80","the Apologist","2021-12-22","https://i.scdn.co/image/ab67616d0000b273deed29b22636231ebdf2bd59","1","1","270638","","false","0","QZTAU2128483","spotify:user:ibdqzuvhscey81nwyfhajz3v7","2022-02-25T05:43:41Z"
"spotify:track:2wsVibIb0lv2r2iFWES2ha","Get Your Weight Up","spotify:artist:1PXBwNCd6LaX8iJTDwdC30","K-Drama","spotify:album:5gQ85RE1cNXYGdXi9ukUfK","We Fit: The Workout Plan","spotify:artist:1PXBwNCd6LaX8iJTDwdC30","K-Drama","2010-08-10","https://i.scdn.co/image/ab67616d0000b2739236faf2c936c80c1400e3c2","1","3","270602","https://p.scdn.co/mp3-preview/84cf6b2bf83482991db104b76acbaa06a203d0e1?cid=9950ac751e34487dbbe027c4fd7f8e99","false","24","USFVJ1000003","spotify:user:ibdqzuvhscey81nwyfhajz3v7","2022-02-14T11:46:57Z"
"spotify:track:7jB2JlGNpenOZu2P23Clh2","DJ Average Joe in Deep Concentration","spotify:artist:4VeE5LiHady6pvP8lNRiAA","Christcentric","spotify:album:5xZty15SsuXpVCnkxIswsA","Romans, Vol. 1","spotify:artist:4VeE5LiHady6pvP8lNRiAA","Christcentric","2017-09-29","https://i.scdn.co/image/ab67616d0000b2735fccbe469be8ddbfe5ada074","1","8","155759","","false","0","QZHN31923894","spotify:user:ibdqzuvhscey81nwyfhajz3v7","2022-02-14T11:47:09Z"
"spotify:track:2S4kTrbADIDMriBDuHBuUc","No Better News","spotify:artist:16Pou1SJrcOD9AUz8EHXay","Willie Will","spotify:album:2v3yR4fSJK3FUexiEwPiY9","The Gift","spotify:artist:16Pou1SJrcOD9AUz8EHXay","Willie Will","2016-03-25","https://i.scdn.co/image/ab67616d0000b273a66e615ab329944a085de247","1","1","257840","https://p.scdn.co/mp3-preview/bff3c9ea100d7426a8a4c723954e1fcc497bfb8c?cid=9950ac751e34487dbbe027c4fd7f8e99","false","15","USACX1600245","spotify:user:ibdqzuvhscey81nwyfhajz3v7","2022-02-14T11:47:12Z"
"spotify:track:3h3b10j8TA7xNGHmpUQ4Rd","Thug Joint","spotify:artist:3yBfMJRvM0LrPzR8hypjNq","The Ambassador","spotify:album:666ZQiSWS1N5OlEaC8AF5q","Christology","spotify:artist:3yBfMJRvM0LrPzR8hypjNq","The Ambassador","2000-08-15","https://i.scdn.co/image/ab67616d0000b2732fc40b061716b10c2299ba1a","1","6","303760","https://p.scdn.co/mp3-preview/b02d0e42ffa73c717f501bae1150a125337d4e51?cid=9950ac751e34487dbbe027c4fd7f8e99","false","12","US4N80700245","spotify:user:ibdqzuvhscey81nwyfhajz3v7","2022-02-14T11:47:14Z"
"spotify:track:472U5bhxuNoTH8QL0NpZGO","I Am That I Am","spotify:artist:6PnUytjwfexMb295xYEDbi, spotify:artist:79UXiYQkTfl5jF8V1YpRlw","The Cross Movement, John Wells - The Tonic","spotify:album:0jlU1QwSVmH0Wj6bKnOuHS","House of Representatives","spotify:artist:6PnUytjwfexMb295xYEDbi","The Cross Movement","1999-02-18","https://i.scdn.co/image/ab67616d0000b2735645fe8800f09e8b65510b4e","1","8","298400","https://p.scdn.co/mp3-preview/88c75eca62b7d53b121c4a6c0064214f7a9fff50?cid=9950ac751e34487dbbe027c4fd7f8e99","false","25","US4N80502551","spotify:user:ibdqzuvhscey81nwyfhajz3v7","2022-02-14T11:47:16Z"
"spotify:track:4BM1MnGXXuakf058Tisg6Z","Jesus","spotify:artist:4fdGIuW7WneLegSk4FbYpY, spotify:artist:4iyPKpTBSxTH34Z2LDCQnY, spotify:artist:47FsUovLhPvPNfu29dkLLk","Sir-Viva, M. Wade, Result","spotify:album:6yUryiKRKrnHkUQ9kkqzFW","Henn Diesel Records & Walk Right Ministries Present: Heart Condition","spotify:artist:4fdGIuW7WneLegSk4FbYpY","Sir-Viva","2011-08-02","https://i.scdn.co/image/ab67616d0000b273c7d7d24a0ecaec33a3b6e350","1","8","262000","https://p.scdn.co/mp3-preview/851b93231577383356184f1decba504af0465f70?cid=9950ac751e34487dbbe027c4fd7f8e99","false","0","USACX1100082","spotify:user:ibdqzuvhscey81nwyfhajz3v7","2022-02-14T11:47:22Z"
"spotify:track:2fDUkb3WIl7hWBljqk7ZSs","Gethsemane","spotify:artist:4VeE5LiHady6pvP8lNRiAA","Christcentric","spotify:album:6hl6FhvOtWgT5DsWEqkVvs","Didactic Music, Vol. 1","spotify:artist:4VeE5LiHady6pvP8lNRiAA","Christcentric","2009-08-25","https://i.scdn.co/image/ab67616d0000b273c31b0f8302b486fb96ba7c82","1","5","268093","","false","0","QZFZ71976117","spotify:user:ibdqzuvhscey81nwyfhajz3v7","2022-02-14T11:47:25Z"
"spotify:track:2So9SlogGuXTgVdNi5WWlP","Election","spotify:artist:16Pou1SJrcOD9AUz8EHXay, spotify:artist:7HKh82YLkcXrxveZKxdSwg","Willie Will, Timothy Brindle","spotify:album:2v3yR4fSJK3FUexiEwPiY9","The Gift","spotify:artist:16Pou1SJrcOD9AUz8EHXay","Willie Will","2016-03-25","https://i.scdn.co/image/ab67616d0000b273a66e615ab329944a085de247","1","4","275279","https://p.scdn.co/mp3-preview/4f5d91a1a02a295b8f1656e2abb22d1b7e090bae?cid=9950ac751e34487dbbe027c4fd7f8e99","false","13","USACX1600248","spotify:user:ibdqzuvhscey81nwyfhajz3v7","2022-02-14T11:47:31Z"
"spotify:track:1kxyG6twU8mRtkh8BgJNgS","Playa Hater #1","spotify:artist:6PnUytjwfexMb295xYEDbi","The Cross Movement","spotify:album:0jlU1QwSVmH0Wj6bKnOuHS","House of Representatives","spotify:artist:6PnUytjwfexMb295xYEDbi","The Cross Movement","1999-02-18","https://i.scdn.co/image/ab67616d0000b2735645fe8800f09e8b65510b4e","1","5","265013","https://p.scdn.co/mp3-preview/b743d9340e41109a974f162c147eb25bde1ca5f9?cid=9950ac751e34487dbbe027c4fd7f8e99","false","10","US4N80502548","spotify:user:ibdqzuvhscey81nwyfhajz3v7","2022-02-14T11:47:37Z"
"spotify:track:1w888UnJXpwW2XOZv18g0N","Forgiven It All","spotify:artist:1wWqAErHj6qWBueakRoMWz","God's Servant","spotify:album:2KuuCMjKAQdb3iXw5XJHxC","Simple Love","spotify:artist:1wWqAErHj6qWBueakRoMWz","God's Servant","2012-10-16","https://i.scdn.co/image/ab67616d0000b273eedba4d2e0f34b8841d010cb","1","6","238214","https://p.scdn.co/mp3-preview/0cfa4775d245adcecae6c8565705e7fbb3fe7f1e?cid=9950ac751e34487dbbe027c4fd7f8e99","false","9","USLSX1200102","spotify:user:ibdqzuvhscey81nwyfhajz3v7","2022-02-14T11:47:40Z"
"spotify:track:4Mbgd6wbEHaiIBlXhLLoUz","The Legacy Ft. Muzeone","spotify:artist:7z4TYm4hfoTTndoQ4ChmJC","Stephen the Levite","spotify:album:2x0l1c3VZfUHEWlXYUuvUv","To Die Is Gain","spotify:artist:7z4TYm4hfoTTndoQ4ChmJC","Stephen the Levite","2006-08-14","https://i.scdn.co/image/ab67616d0000b2734628f3ea202ece09aaeab741","1","13","233733","https://p.scdn.co/mp3-preview/5ed09b0a7a8a14914283bce43230d29cb2970e80?cid=9950ac751e34487dbbe027c4fd7f8e99","false","6","USTCB0960447","spotify:user:ibdqzuvhscey81nwyfhajz3v7","2022-02-14T11:47:42Z"
"spotify:track:6O16ukTmjQ50WjAEPcwaaJ","Scoreboard","spotify:artist:1PXBwNCd6LaX8iJTDwdC30, spotify:artist:2xIQknUE5yEfzJwWtFsT3e","K-Drama, Scott Simms","spotify:album:7qYe6QgCmLgqD32sDOzBFz","GameNight","spotify:artist:1PXBwNCd6LaX8iJTDwdC30, spotify:artist:2xIQknUE5yEfzJwWtFsT3e","K-Drama, Scott Simms","2017-04-21","https://i.scdn.co/image/ab67616d0000b2732031165874cf3225ab28a2d2","1","3","262385","https://p.scdn.co/mp3-preview/940bbace673fd745abbff96661183103e9dde3af?cid=9950ac751e34487dbbe027c4fd7f8e99","false","21","TCADA1732697","spotify:user:ibdqzuvhscey81nwyfhajz3v7","2022-02-14T11:47:44Z"
"spotify:track:0iEoXiiAtBkvXtpDYCdnBU","The Fiery Furnace","spotify:artist:6rOBcTvBdPvSgoak5A2jYC","Knine","spotify:album:2GTdoWfIe4hZ2ISFfINUzT","Knine Presents It Was Written Vol.1","spotify:artist:6rOBcTvBdPvSgoak5A2jYC","Knine","2010-10-19","https://i.scdn.co/image/ab67616d0000b273b4d047f6cc8579e2b0c99fa6","1","1","232773","https://p.scdn.co/mp3-preview/dc04819d7f0bc2446a021583d96d9361f967727e?cid=9950ac751e34487dbbe027c4fd7f8e99","false","7","TCAAS1025639","spotify:user:ibdqzuvhscey81nwyfhajz3v7","2022-02-14T11:47:47Z"
"spotify:track:46dPOuDkvbhJ7kZZYutIvN","Total Depravity","spotify:artist:16Pou1SJrcOD9AUz8EHXay","Willie Will","spotify:album:2v3yR4fSJK3FUexiEwPiY9","The Gift","spotify:artist:16Pou1SJrcOD9AUz8EHXay","Willie Will","2016-03-25","https://i.scdn.co/image/ab67616d0000b273a66e615ab329944a085de247","1","5","279596","https://p.scdn.co/mp3-preview/3400d044c4dcde94bc478d735c0b5ff3d977754d?cid=9950ac751e34487dbbe027c4fd7f8e99","false","13","USACX1600249","spotify:user:ibdqzuvhscey81nwyfhajz3v7","2022-02-14T11:47:49Z"
"spotify:track:3SEJLNUEqmMwzZKxMpSSHS","One Two","spotify:artist:3yBfMJRvM0LrPzR8hypjNq","The Ambassador","spotify:album:666ZQiSWS1N5OlEaC8AF5q","Christology","spotify:artist:3yBfMJRvM0LrPzR8hypjNq","The Ambassador","2000-08-15","https://i.scdn.co/image/ab67616d0000b2732fc40b061716b10c2299ba1a","1","2","253213","https://p.scdn.co/mp3-preview/0318687e8d2e53cd14d67857257461e3a065a4d2?cid=9950ac751e34487dbbe027c4fd7f8e99","false","17","US4N80700241","spotify:user:ibdqzuvhscey81nwyfhajz3v7","2022-02-14T11:47:57Z"
"spotify:track:2LYZYWCVToqrdhoPDR5h7x","Father Forgive Them","spotify:artist:6PnUytjwfexMb295xYEDbi","The Cross Movement","spotify:album:3rPjAlxIniewEh31Qy4jbA","Heaven's Mentality","spotify:artist:6PnUytjwfexMb295xYEDbi","The Cross Movement","1997-04-28","https://i.scdn.co/image/ab67616d0000b273405b8c2faa212d3a7feb5ffd","1","3","336746","https://p.scdn.co/mp3-preview/4d124f313bec9ffd3a338967757789f7293c5819?cid=9950ac751e34487dbbe027c4fd7f8e99","false","10","US4N80600241","spotify:user:ibdqzuvhscey81nwyfhajz3v7","2022-02-14T11:47:59Z"
"spotify:track:2EAyu9a8ZDPAERSXZobikO","The World Needs Jesus","spotify:artist:55zyarq9KM8uY4PDVaH9L8","Everyday Process","spotify:album:1lN1VbhwOKc5X63shkVQQy","Everyday Process: The Process Of Illumination & Elimination","spotify:artist:55zyarq9KM8uY4PDVaH9L8","Everyday Process","2007-03-20","https://i.scdn.co/image/ab67616d0000b273af03827d1d195a8ca1e30c86","1","16","296293","https://p.scdn.co/mp3-preview/15afcdf071eb9fa14c5d7a2f1629a40cdd8db9a6?cid=9950ac751e34487dbbe027c4fd7f8e99","false","3","US4N80700236","spotify:user:ibdqzuvhscey81nwyfhajz3v7","2022-02-14T11:48:01Z"
"spotify:track:6pUUNFs0PfZ0ec4tTWzfsQ","Trust Him (feat. Social Club, Dre Murray & Spzrk)","spotify:artist:7EWlStyJsdfPvz0xeGBgTy, spotify:artist:0wnsM0ziqToBwQeEbH0akL, spotify:artist:5Q45hW4q5wKLjtnJlSgeq0, spotify:artist:2tZ8pDuVgSNGWNvCaDyHDL","Fedel, Social Club Misfits, Dre Murray, Spzrk","spotify:album:1gD7Gk2jttStEeUklp3OKm","V.I.P","spotify:artist:7EWlStyJsdfPvz0xeGBgTy","Fedel","2013-05-21","https://i.scdn.co/image/ab67616d0000b273b7203988ab51b030eb15d433","1","9","324123","https://p.scdn.co/mp3-preview/8f819d422bd12b3203d3da2b01357241eb739bec?cid=9950ac751e34487dbbe027c4fd7f8e99","false","5","TCABN1379149","spotify:user:ibdqzuvhscey81nwyfhajz3v7","2022-02-14T11:48:05Z"
"spotify:track:5hJk1EbsakVVn0lnUCqf4r","Before Redemption","spotify:artist:0XioBTfH5k3aCyS9AsbDbE","Gospel Gangstaz","spotify:album:59W3mlsQwY3r2n5CVGf7tK","Gang Affiliated","spotify:artist:0XioBTfH5k3aCyS9AsbDbE","Gospel Gangstaz","1994-01-01","https://i.scdn.co/image/ab67616d0000b2733ff6234c29083cc65240392a","1","2","326666","https://p.scdn.co/mp3-preview/23ad7bd69b993e0717d2e17d4c5aa9c22435145b?cid=9950ac751e34487dbbe027c4fd7f8e99","false","13","USACX0702764","spotify:user:ibdqzuvhscey81nwyfhajz3v7","2022-02-14T11:48:08Z"
"spotify:track:5gx6YC2K5HhUXXtr90dvTm","David and Goliath","spotify:artist:6rOBcTvBdPvSgoak5A2jYC","Knine","spotify:album:2GTdoWfIe4hZ2ISFfINUzT","Knine Presents It Was Written Vol.1","spotify:artist:6rOBcTvBdPvSgoak5A2jYC","Knine","2010-10-19","https://i.scdn.co/image/ab67616d0000b273b4d047f6cc8579e2b0c99fa6","1","3","382520","https://p.scdn.co/mp3-preview/28ebe79407ef9ef7b30e063a7e149166c58bce1f?cid=9950ac751e34487dbbe027c4fd7f8e99","false","9","TCAAS1025642","spotify:user:ibdqzuvhscey81nwyfhajz3v7","2022-02-14T11:48:10Z"
"spotify:track:3EZccB3gHzbdaGJHHfVY70","The Dilemma","spotify:artist:16Pou1SJrcOD9AUz8EHXay","Willie Will","spotify:album:2v3yR4fSJK3FUexiEwPiY9","The Gift","spotify:artist:16Pou1SJrcOD9AUz8EHXay","Willie Will","2016-03-25","https://i.scdn.co/image/ab67616d0000b273a66e615ab329944a085de247","1","10","260899","https://p.scdn.co/mp3-preview/fad09d4f5fb0d12164fee0adf4f52fa43712363b?cid=9950ac751e34487dbbe027c4fd7f8e99","false","7","USACX1600254","spotify:user:ibdqzuvhscey81nwyfhajz3v7","2022-02-14T11:48:12Z"
"spotify:track:5YBL2e54aB80DxvRvIOhyx","Girl Named World","spotify:artist:3yBfMJRvM0LrPzR8hypjNq","The Ambassador","spotify:album:666ZQiSWS1N5OlEaC8AF5q","Christology","spotify:artist:3yBfMJRvM0LrPzR8hypjNq","The Ambassador","2000-08-15","https://i.scdn.co/image/ab67616d0000b2732fc40b061716b10c2299ba1a","1","14","253253","https://p.scdn.co/mp3-preview/5bc4f707b707f96292e10e3477c8aa04f720e87f?cid=9950ac751e34487dbbe027c4fd7f8e99","false","16","US4N80700253","spotify:user:ibdqzuvhscey81nwyfhajz3v7","2022-02-14T11:48:13Z"
"spotify:track:6ltLu3cVBQbKRUVd5e0jAs","Introducin'","spotify:artist:6PnUytjwfexMb295xYEDbi","The Cross Movement","spotify:album:0jlU1QwSVmH0Wj6bKnOuHS","House of Representatives","spotify:artist:6PnUytjwfexMb295xYEDbi","The Cross Movement","1999-02-18","https://i.scdn.co/image/ab67616d0000b2735645fe8800f09e8b65510b4e","1","3","239320","https://p.scdn.co/mp3-preview/344076b8fe7b6dafe2e3c88745b6a896888b845b?cid=9950ac751e34487dbbe027c4fd7f8e99","false","10","US4N80502546","spotify:user:ibdqzuvhscey81nwyfhajz3v7","2022-02-14T11:48:17Z"
"spotify:track:4E73MOiAja8Q8A6izLw03N","the Darkness","spotify:artist:7z4TYm4hfoTTndoQ4ChmJC","Stephen the Levite","spotify:album:2x0l1c3VZfUHEWlXYUuvUv","To Die Is Gain","spotify:artist:7z4TYm4hfoTTndoQ4ChmJC","Stephen the Levite","2006-08-14","https://i.scdn.co/image/ab67616d0000b2734628f3ea202ece09aaeab741","1","5","268586","https://p.scdn.co/mp3-preview/041c1797025f90019b568f9182866caa95ff8a44?cid=9950ac751e34487dbbe027c4fd7f8e99","false","10","USTCB0960435","spotify:user:ibdqzuvhscey81nwyfhajz3v7","2022-02-14T11:48:23Z"
"spotify:track:3zi0lT3u0mCASMnHGMs3GP","Give'em The Gospel","spotify:artist:55zyarq9KM8uY4PDVaH9L8","Everyday Process","spotify:album:1lN1VbhwOKc5X63shkVQQy","Everyday Process: The Process Of Illumination & Elimination","spotify:artist:55zyarq9KM8uY4PDVaH9L8","Everyday Process","2007-03-20","https://i.scdn.co/image/ab67616d0000b273af03827d1d195a8ca1e30c86","1","4","254506","https://p.scdn.co/mp3-preview/1f64c4456377cbecb295246ff975919c0232fe35?cid=9950ac751e34487dbbe027c4fd7f8e99","false","5","US4N80700224","spotify:user:ibdqzuvhscey81nwyfhajz3v7","2022-02-14T11:48:25Z"
"spotify:track:5es5hCQxdpV5p6h7ISXFfQ","2Nite","spotify:artist:0XioBTfH5k3aCyS9AsbDbE, spotify:artist:2pYO2c16sGAVt3Qtgn58zJ","Gospel Gangstaz, Dawkins & Dawkins","spotify:album:0ELG2qavRSsgrrpJk9nWp8","Defenders of the Faith","spotify:artist:0XioBTfH5k3aCyS9AsbDbE","Gospel Gangstaz","2013-11-05","https://i.scdn.co/image/ab67616d0000b273730122f116875746be754e36","1","5","229854","https://p.scdn.co/mp3-preview/8eb2388cd7a2ff41c429aa87ad8f66a150f944a8?cid=9950ac751e34487dbbe027c4fd7f8e99","false","16","UST2Y1300165","spotify:user:ibdqzuvhscey81nwyfhajz3v7","2022-02-14T11:48:27Z"
"spotify:track:5obmgtQ0hYo6jJ0GA0twts","Word Started To Spread","spotify:artist:6rOBcTvBdPvSgoak5A2jYC","Knine","spotify:album:2GTdoWfIe4hZ2ISFfINUzT","Knine Presents It Was Written Vol.1","spotify:artist:6rOBcTvBdPvSgoak5A2jYC","Knine","2010-10-19","https://i.scdn.co/image/ab67616d0000b273b4d047f6cc8579e2b0c99fa6","1","5","286826","https://p.scdn.co/mp3-preview/ada844c6662808b750cf652ddb2eac7175fe5ab7?cid=9950ac751e34487dbbe027c4fd7f8e99","false","7","TCAAS1025644","spotify:user:ibdqzuvhscey81nwyfhajz3v7","2022-02-14T11:48:29Z"
"spotify:track:2sioor4RYlRZSY57e3VU9a","The Gospel","spotify:artist:16Pou1SJrcOD9AUz8EHXay","Willie Will","spotify:album:2v3yR4fSJK3FUexiEwPiY9","The Gift","spotify:artist:16Pou1SJrcOD9AUz8EHXay","Willie Will","2016-03-25","https://i.scdn.co/image/ab67616d0000b273a66e615ab329944a085de247","1","43","211466","https://p.scdn.co/mp3-preview/170a042e47466d4493896596f9c02aa1b6dcef34?cid=9950ac751e34487dbbe027c4fd7f8e99","false","3","USACX1600287","spotify:user:ibdqzuvhscey81nwyfhajz3v7","2022-02-14T11:48:33Z"
"spotify:track:19GMwVdBf4JPNFMuONzU3X","Honor And Glory","spotify:artist:3yBfMJRvM0LrPzR8hypjNq, spotify:artist:79UXiYQkTfl5jF8V1YpRlw","The Ambassador, John Wells - The Tonic","spotify:album:666ZQiSWS1N5OlEaC8AF5q","Christology","spotify:artist:3yBfMJRvM0LrPzR8hypjNq","The Ambassador","2000-08-15","https://i.scdn.co/image/ab67616d0000b2732fc40b061716b10c2299ba1a","1","19","235066","https://p.scdn.co/mp3-preview/18f54f97c0c931ca0cf713751cafc6275de33ea1?cid=9950ac751e34487dbbe027c4fd7f8e99","false","9","US4N80700258","spotify:user:ibdqzuvhscey81nwyfhajz3v7","2022-02-14T11:48:36Z"
"spotify:track:2B3myCaYRd5Yg9Htm40e2e","House of Representatives","spotify:artist:6PnUytjwfexMb295xYEDbi","The Cross Movement","spotify:album:0jlU1QwSVmH0Wj6bKnOuHS","House of Representatives","spotify:artist:6PnUytjwfexMb295xYEDbi","The Cross Movement","1999-02-18","https://i.scdn.co/image/ab67616d0000b2735645fe8800f09e8b65510b4e","1","2","280973","https://p.scdn.co/mp3-preview/74e68b45224eaaa1ef545d51758b3568378ab2e9?cid=9950ac751e34487dbbe027c4fd7f8e99","false","22","US4N80502545","spotify:user:ibdqzuvhscey81nwyfhajz3v7","2022-02-14T11:48:38Z"
"spotify:track:4m9juo8KHEzejwrfdJlogd","Qna","spotify:artist:7z4TYm4hfoTTndoQ4ChmJC","Stephen the Levite","spotify:album:2x0l1c3VZfUHEWlXYUuvUv","To Die Is Gain","spotify:artist:7z4TYm4hfoTTndoQ4ChmJC","Stephen the Levite","2006-08-14","https://i.scdn.co/image/ab67616d0000b2734628f3ea202ece09aaeab741","1","9","130199","https://p.scdn.co/mp3-preview/cc6e14260547aede7b4356e823d0c8efc915795f?cid=9950ac751e34487dbbe027c4fd7f8e99","false","6","USTCB0960442","spotify:user:ibdqzuvhscey81nwyfhajz3v7","2022-02-14T11:48:40Z"
"spotify:track:7mo624ZfkQ1VfPVQtjABJP","Dedication","spotify:artist:5IOZCSuYRrid1baINgoKIQ","Shai Linne","spotify:album:0HXH1mFiNB0KaHkld6Ov1d","Grassroots Vol. 2","spotify:artist:0LyfQWJT6nXafLPZqxe9Of","Various Artists","2009-12-15","https://i.scdn.co/image/ab67616d0000b273301d10a638050ad1c124013b","1","10","138707","https://p.scdn.co/mp3-preview/7f4e839f1da96b80dfb8442731b369ef71388c98?cid=9950ac751e34487dbbe027c4fd7f8e99","false","3","USTCB0951668","spotify:user:ibdqzuvhscey81nwyfhajz3v7","2022-02-14T11:48:42Z"
"spotify:track:714AYwib4Tp0Qp8NCKo5aU","Bounce With Us","spotify:artist:0XioBTfH5k3aCyS9AsbDbE","Gospel Gangstaz","spotify:album:7fZZdzjINBrz8EAjKKxvND","The Exodus","spotify:artist:0XioBTfH5k3aCyS9AsbDbE","Gospel Gangstaz","2002-10-15","https://i.scdn.co/image/ab67616d0000b27379bc71d0b12926c48f66f11f","1","11","208200","https://p.scdn.co/mp3-preview/6d54ccd00b7f35a9e81df53ac51a468d24306f52?cid=9950ac751e34487dbbe027c4fd7f8e99","false","10","USFTF1000066","spotify:user:ibdqzuvhscey81nwyfhajz3v7","2022-02-14T11:48:45Z"
"spotify:track:39Ifk0XGl7DGxdwe6daZMt","Grace","spotify:artist:55zyarq9KM8uY4PDVaH9L8","Everyday Process","spotify:album:1lN1VbhwOKc5X63shkVQQy","Everyday Process: The Process Of Illumination & Elimination","spotify:artist:55zyarq9KM8uY4PDVaH9L8","Everyday Process","2007-03-20","https://i.scdn.co/image/ab67616d0000b273af03827d1d195a8ca1e30c86","1","5","272680","https://p.scdn.co/mp3-preview/3e7f2835378be2a0d093502712afd6391b6f2b00?cid=9950ac751e34487dbbe027c4fd7f8e99","false","9","US4N80700225","spotify:user:ibdqzuvhscey81nwyfhajz3v7","2022-02-14T11:48:48Z"
"spotify:track:2lbweSptCZ9e4AyexbgFzq","Resurrection","spotify:artist:16Pou1SJrcOD9AUz8EHXay, spotify:artist:0W5C4TcnW1UNVc2pfInS5f","Willie Will, Jazz Digga","spotify:album:2v3yR4fSJK3FUexiEwPiY9","The Gift","spotify:artist:16Pou1SJrcOD9AUz8EHXay","Willie Will","2016-03-25","https://i.scdn.co/image/ab67616d0000b273a66e615ab329944a085de247","1","27","254438","https://p.scdn.co/mp3-preview/68ccc67eddea7579c61a11a348d7417adf517817?cid=9950ac751e34487dbbe027c4fd7f8e99","false","4","USACX1600271","spotify:user:ibdqzuvhscey81nwyfhajz3v7","2022-02-14T11:48:50Z"
"spotify:track:2n93KD3SUhNrGiqql97cwW","Apologetics","spotify:artist:3yBfMJRvM0LrPzR8hypjNq","The Ambassador","spotify:album:666ZQiSWS1N5OlEaC8AF5q","Christology","spotify:artist:3yBfMJRvM0LrPzR8hypjNq","The Ambassador","2000-08-15","https://i.scdn.co/image/ab67616d0000b2732fc40b061716b10c2299ba1a","1","10","221493","https://p.scdn.co/mp3-preview/e29cc573efbb3dca1e4952b9217ed3745050c813?cid=9950ac751e34487dbbe027c4fd7f8e99","false","11","US4N80700249","spotify:user:ibdqzuvhscey81nwyfhajz3v7","2022-02-14T11:48:51Z"
"spotify:track:6Uhziy4JziR0UwniGnul5o","Blood Spilla'","spotify:artist:6PnUytjwfexMb295xYEDbi, spotify:artist:7CsXxTT7EPJbBT0FaIDVWJ","The Cross Movement, The Ambassador ","spotify:album:3rPjAlxIniewEh31Qy4jbA","Heaven's Mentality","spotify:artist:6PnUytjwfexMb295xYEDbi","The Cross Movement","1997-04-28","https://i.scdn.co/image/ab67616d0000b273405b8c2faa212d3a7feb5ffd","1","1","303000","https://p.scdn.co/mp3-preview/d4af8a0703b2b4059c487af3bfcdb7cd1aa9c508?cid=9950ac751e34487dbbe027c4fd7f8e99","false","19","US4N80600239","spotify:user:ibdqzuvhscey81nwyfhajz3v7","2022-02-14T11:48:53Z"
"spotify:track:2BCCTG25I0vK9QjbmfsFdO","Fold Under Pressure","spotify:artist:5nzstLIZDM5ky0D61AJEGd, spotify:artist:4qzL3VV5PPIAYaj4ea1elc","T Haddy, Ace Boogie","spotify:album:35kYFuWeeDRnOOpki1y6IM","Motivation 2.0","spotify:artist:5nzstLIZDM5ky0D61AJEGd","T Haddy","2014-06-13","https://i.scdn.co/image/ab67616d0000b2735d90b4423711c3bb461d2005","1","1","239647","https://p.scdn.co/mp3-preview/c9797be4bd49526d86787937d69f6febe7f1d3b7?cid=9950ac751e34487dbbe027c4fd7f8e99","false","12","QZES91891464","spotify:user:ibdqzuvhscey81nwyfhajz3v7","2022-02-14T11:48:57Z"
"spotify:track:3nJzYshq45K3opN9B1MW5w","Cain and Abel","spotify:artist:6rOBcTvBdPvSgoak5A2jYC","Knine","spotify:album:2GTdoWfIe4hZ2ISFfINUzT","Knine Presents It Was Written Vol.1","spotify:artist:6rOBcTvBdPvSgoak5A2jYC","Knine","2010-10-19","https://i.scdn.co/image/ab67616d0000b273b4d047f6cc8579e2b0c99fa6","1","2","411640","https://p.scdn.co/mp3-preview/bde9f5a6a568892bffa72ff8ab3262e0c58d19bf?cid=9950ac751e34487dbbe027c4fd7f8e99","false","7","TCAAS1025640","spotify:user:ibdqzuvhscey81nwyfhajz3v7","2022-02-14T11:48:59Z"
"spotify:track:3861AcBS1mbQw5WlPNJqHc","Lion's Anthem","spotify:artist:3dpswct31rsudWf8ZASWZe","Sho Baraka","spotify:album:4B7PDu1JK0rIOYsylICHyX","Lions and Liars","spotify:artist:3dpswct31rsudWf8ZASWZe","Sho Baraka","2010-03-30","https://i.scdn.co/image/ab67616d0000b273daf711289e51b84797d8c246","1","2","231226","https://p.scdn.co/mp3-preview/aee772bef2ce353439684c1af2973fcde38e7331?cid=9950ac751e34487dbbe027c4fd7f8e99","false","7","USTCC1086163","spotify:user:ibdqzuvhscey81nwyfhajz3v7","2022-02-14T11:49:02Z"
"spotify:track:5xp7KQFpUCio214Pg6XHJ7","Burnt","spotify:artist:1t9qqgLI6eIeruCcwQqWpO","Phanatik","spotify:album:1RW9Y7Y6nxDW4vOPSAzP8D","Crime & Consequences","spotify:artist:1t9qqgLI6eIeruCcwQqWpO","Phanatik","2007-11-06","https://i.scdn.co/image/ab67616d0000b273817412c508adc6c8c46dffa7","1","10","268146","https://p.scdn.co/mp3-preview/35648fbbf1fe629212b910ffa759774f98de5f71?cid=9950ac751e34487dbbe027c4fd7f8e99","false","2","USFVJ0700060","spotify:user:ibdqzuvhscey81nwyfhajz3v7","2022-02-14T11:49:04Z"
"spotify:track:2fm5A21aQ3Epfzo7sZ4fGK","Repentance","spotify:artist:16Pou1SJrcOD9AUz8EHXay, spotify:artist:3vhWmD6hZZHYs7GSj727zD, spotify:artist:3yBfMJRvM0LrPzR8hypjNq","Willie Will, Hazakim, The Ambassador","spotify:album:2v3yR4fSJK3FUexiEwPiY9","The Gift","spotify:artist:16Pou1SJrcOD9AUz8EHXay","Willie Will","2016-03-25","https://i.scdn.co/image/ab67616d0000b273a66e615ab329944a085de247","1","29","330509","https://p.scdn.co/mp3-preview/b774de8158548dfed8d4b4a2769181e573ec6e0c?cid=9950ac751e34487dbbe027c4fd7f8e99","false","16","USACX1600273","spotify:user:ibdqzuvhscey81nwyfhajz3v7","2022-02-14T11:49:06Z"
