"Track URI","Track Name","Artist URI(s)","Artist Name(s)","Album URI","Album Name","Album Artist URI(s)","Album Artist Name(s)","Album Release Date","Album Image URL","Disc Number","Track Number","Track Duration (ms)","Track Preview URL","Explicit","Popularity","ISRC","Added By","Added At"
"spotify:track:6pjM0hogsudgkZxmzLm37u","Jesus Muzik","spotify:artist:1CFCsEqKrCyvAFKOATQHiW, spotify:artist:12H1Dmi64fAmmARrsyVFzy","Lecrae, Trip Lee","spotify:album:2KumPjVhmXrvNWiD1R7PEx","After the Music Stops","spotify:artist:1CFCsEqKrCyvAFKOATQHiW","Lecrae","2006-10-23","https://i.scdn.co/image/ab67616d0000b273d8fb22a8c39639f87e29149b","1","2","286771","https://p.scdn.co/mp3-preview/56a8d43c581bde7fa0bf90108ea7ddf7d95eb14b?cid=9950ac751e34487dbbe027c4fd7f8e99","false","35","USTC70806160","spotify:user:ibdqzuvhscey81nwyfhajz3v7","2023-02-28T11:44:34Z"
"spotify:track:4hwexKchBoJJgo3VBIwHjP","Cash or Christ / Fanatics","spotify:artist:7tTsvTUJ7lXBezazP5jU72, spotify:artist:1CFCsEqKrCyvAFKOATQHiW, spotify:artist:12H1Dmi64fAmmARrsyVFzy","116, Lecrae, Trip Lee","spotify:album:026sl7ZEqMioldmNJau1Br","Amped","spotify:artist:7tTsvTUJ7lXBezazP5jU72","116","2007-08-28","https://i.scdn.co/image/ab67616d0000b273c927d6985c3a2d0ef68c197c","1","4","270040","https://p.scdn.co/mp3-preview/9aa5746d54ee2bf4050976783aadf0015f670340?cid=9950ac751e34487dbbe027c4fd7f8e99","false","23","USTC20792219","spotify:user:ibdqzuvhscey81nwyfhajz3v7","2023-02-28T11:47:50Z"
"spotify:track:7jg51yaT6u7GFvh1SSaQFx","Superstar (Eyes off Me)","spotify:artist:12H1Dmi64fAmmARrsyVFzy","Trip Lee","spotify:album:30zs5DscRa5Nu7QM15Uc7Y","20/20","spotify:artist:12H1Dmi64fAmmARrsyVFzy","Trip Lee","2008-05-20","https://i.scdn.co/image/ab67616d0000b27376b4290efb7d4a5f9c822b84","1","2","225320","https://p.scdn.co/mp3-preview/37fb761fc12bd4272123ed12995e6c604b11ab29?cid=9950ac751e34487dbbe027c4fd7f8e99","false","26","USTC50807173","spotify:user:ibdqzuvhscey81nwyfhajz3v7","2023-02-28T11:44:40Z"
"spotify:track:5k6CT6yNJ5FFkytBWvluyp","Brag on My Lord","spotify:artist:12H1Dmi64fAmmARrsyVFzy","Trip Lee","spotify:album:1UtqZCIAsHMrdVVOPksohh","Brag on My Lord (Deluxe Single)","spotify:artist:12H1Dmi64fAmmARrsyVFzy","Trip Lee","2011","https://i.scdn.co/image/ab67616d0000b27355e4907be14a03bf05971cb5","1","1","156231","https://p.scdn.co/mp3-preview/d7fd95f278860280c613b5648e5d79213b540ace?cid=9950ac751e34487dbbe027c4fd7f8e99","false","22","TCAAX1106100","spotify:user:ibdqzuvhscey81nwyfhajz3v7","2023-02-28T11:44:51Z"
"spotify:track:6jqrGjqGSunBsWL1ORDX69","Checkin’ For My God Remix","spotify:artist:3yBfMJRvM0LrPzR8hypjNq, spotify:artist:12H1Dmi64fAmmARrsyVFzy, spotify:artist:1CFCsEqKrCyvAFKOATQHiW","The Ambassador, Trip Lee, Lecrae","spotify:album:0O2WpjaUpdgIClOYH35UOy","The Chop Chop: From Milk To Meat","spotify:artist:3yBfMJRvM0LrPzR8hypjNq","The Ambassador","2008-10-07","https://i.scdn.co/image/ab67616d0000b2733930ddd95a360b31530cc137","1","3","283720","https://p.scdn.co/mp3-preview/c35cb8c0ad6a28021ec6c070a39e17bc8d95b152?cid=9950ac751e34487dbbe027c4fd7f8e99","false","16","USFVJ0800052","spotify:user:ibdqzuvhscey81nwyfhajz3v7","2023-02-28T11:44:21Z"
"spotify:track:7pJ7U3bpMDiMiZc1ngXjZj","Live It Up","spotify:artist:3yBfMJRvM0LrPzR8hypjNq, spotify:artist:12H1Dmi64fAmmARrsyVFzy","The Ambassador, Trip Lee","spotify:album:5dLzSTIYOznbytmXCrvmZ9","Xist Music Presents: Move Vol. 1","spotify:artist:0LyfQWJT6nXafLPZqxe9Of","Various Artists","2012-08-28","https://i.scdn.co/image/ab67616d0000b2732519876df6f89311fddbb2e0","1","8","231529","https://p.scdn.co/mp3-preview/68f38db0f048657117c4c2ef21f92bd38adbea2a?cid=9950ac751e34487dbbe027c4fd7f8e99","false","5","USACX1202044","spotify:user:ibdqzuvhscey81nwyfhajz3v7","2023-02-28T11:44:24Z"
"spotify:track:11jyj2276ZVZ4yqrXjWl9r","Twisted","spotify:artist:12H1Dmi64fAmmARrsyVFzy, spotify:artist:1CFCsEqKrCyvAFKOATQHiW, spotify:artist:1Q45nhioxaxZTDjR0iaMWp, spotify:artist:3fn8lZLy7Q61AXCWWPYC4B","Trip Lee, Lecrae, Thi'sl, Derek Minor","spotify:album:3urzi9VOPiTcOcF2zFbahs","Between Two Worlds","spotify:artist:12H1Dmi64fAmmARrsyVFzy","Trip Lee","2010-06-22","https://i.scdn.co/image/ab67616d0000b273308eeddb06ea7bb4886c7780","1","12","291773","https://p.scdn.co/mp3-preview/2eeb142f26afd74a021ecaff80c4d390fbac7cf4?cid=9950ac751e34487dbbe027c4fd7f8e99","false","22","USTCF1017396","spotify:user:ibdqzuvhscey81nwyfhajz3v7","2023-04-06T05:19:50Z"
"spotify:track:0kNwy4npNaJpYeJUPmD8au","Bear with You","spotify:artist:12H1Dmi64fAmmARrsyVFzy, spotify:artist:4c6lhwoOrmgNWvl0GxHlW1","Trip Lee, Tedashii","spotify:album:3urzi9VOPiTcOcF2zFbahs","Between Two Worlds","spotify:artist:12H1Dmi64fAmmARrsyVFzy","Trip Lee","2010-06-22","https://i.scdn.co/image/ab67616d0000b273308eeddb06ea7bb4886c7780","1","13","276760","https://p.scdn.co/mp3-preview/0686e1e88081faa5539294e2d1e6fc3866555f3c?cid=9950ac751e34487dbbe027c4fd7f8e99","false","24","USTCF1017397","spotify:user:ibdqzuvhscey81nwyfhajz3v7","2023-02-28T11:45:25Z"
"spotify:track:1Sp0f7YWMQVNd2bnUzfNn1","The Invasion (Hero) [feat. Jai]","spotify:artist:12H1Dmi64fAmmARrsyVFzy, spotify:artist:3uHnfXxUrnPq1XYw8t8Sz2","Trip Lee, Jai","spotify:album:7B0wLtxes35U0MQlNE07E6","Between Two Worlds","spotify:artist:12H1Dmi64fAmmARrsyVFzy","Trip Lee","2010-06-22","https://i.scdn.co/image/ab67616d0000b27397ad5b89a601d1f9850ce422","1","15","336920","","false","0","USTCF1017400","spotify:user:ibdqzuvhscey81nwyfhajz3v7","2023-02-28T11:45:28Z"
"spotify:track:2ZinOsrANpZhKkAjiA6PmN","Rise","spotify:artist:12H1Dmi64fAmmARrsyVFzy","Trip Lee","spotify:album:2QPKh4LqUxtwXGwbriYzqZ","Rise","spotify:artist:12H1Dmi64fAmmARrsyVFzy","Trip Lee","2014-10-27","https://i.scdn.co/image/ab67616d0000b27320a89d211a934f3b24942099","1","1","199159","https://p.scdn.co/mp3-preview/563e59deefa6240498d9da9fc5cdaedfd256e262?cid=9950ac751e34487dbbe027c4fd7f8e99","false","32","QMTND1100469","spotify:user:ibdqzuvhscey81nwyfhajz3v7","2023-02-28T11:45:44Z"
"spotify:track:6zFXwvnzsz8OToE79MORwl","Shweet","spotify:artist:12H1Dmi64fAmmARrsyVFzy","Trip Lee","spotify:album:2QPKh4LqUxtwXGwbriYzqZ","Rise","spotify:artist:12H1Dmi64fAmmARrsyVFzy","Trip Lee","2014-10-27","https://i.scdn.co/image/ab67616d0000b27320a89d211a934f3b24942099","1","3","229115","https://p.scdn.co/mp3-preview/e2688a3d1e878f3212bf80da5b4e4c681ca4293f?cid=9950ac751e34487dbbe027c4fd7f8e99","false","31","QMTND1100471","spotify:user:ibdqzuvhscey81nwyfhajz3v7","2023-02-28T11:45:52Z"
"spotify:track:0iCKKpHuwjcCnvQ7oBP8FI","Too Cold","spotify:artist:12H1Dmi64fAmmARrsyVFzy","Trip Lee","spotify:album:1LcvdArFKzZW4SwnIUOVWf","The Waiting Room","spotify:artist:12H1Dmi64fAmmARrsyVFzy","Trip Lee","2016-12-09","https://i.scdn.co/image/ab67616d0000b2736cf4ac37bd3323b39eba74be","1","2","199988","https://p.scdn.co/mp3-preview/0c6f6426b2389ddcb68ac48e02fb82df97cff7b0?cid=9950ac751e34487dbbe027c4fd7f8e99","false","33","QMTND1101198","spotify:user:ibdqzuvhscey81nwyfhajz3v7","2023-02-28T11:45:59Z"
"spotify:track:5HAPGeUzENIzlsIIo6VdiC","Manolo","spotify:artist:12H1Dmi64fAmmARrsyVFzy, spotify:artist:1CFCsEqKrCyvAFKOATQHiW","Trip Lee, Lecrae","spotify:album:2QPKh4LqUxtwXGwbriYzqZ","Rise","spotify:artist:12H1Dmi64fAmmARrsyVFzy","Trip Lee","2014-10-27","https://i.scdn.co/image/ab67616d0000b27320a89d211a934f3b24942099","1","4","248217","https://p.scdn.co/mp3-preview/3079f5652af7656b67ea27da44da23c957ca6445?cid=9950ac751e34487dbbe027c4fd7f8e99","false","47","QMTND1100472","spotify:user:ibdqzuvhscey81nwyfhajz3v7","2023-02-28T11:45:49Z"
"spotify:track:6wtkm6wz7GGD23SW5PM84P","Nothing I Can't Do","spotify:artist:4c6lhwoOrmgNWvl0GxHlW1, spotify:artist:1CFCsEqKrCyvAFKOATQHiW, spotify:artist:12H1Dmi64fAmmARrsyVFzy","Tedashii, Lecrae, Trip Lee","spotify:album:19eAKxrvIcc4zMgW2GE4W3","Below Paradise","spotify:artist:4c6lhwoOrmgNWvl0GxHlW1","Tedashii","2014-05-27","https://i.scdn.co/image/ab67616d0000b273e42d49f6b213055b3ae30f89","1","4","206466","https://p.scdn.co/mp3-preview/cc4bed49e08ebf7502be3a01e57dde0379679a33?cid=9950ac751e34487dbbe027c4fd7f8e99","false","41","QMTND1100182","spotify:user:ibdqzuvhscey81nwyfhajz3v7","2023-02-28T11:45:41Z"
"spotify:track:0YD8n8i2csyzspZbA7AdAc","Still Unashamed","spotify:artist:12H1Dmi64fAmmARrsyVFzy, spotify:artist:4c6lhwoOrmgNWvl0GxHlW1","Trip Lee, Tedashii","spotify:album:1LcvdArFKzZW4SwnIUOVWf","The Waiting Room","spotify:artist:12H1Dmi64fAmmARrsyVFzy","Trip Lee","2016-12-09","https://i.scdn.co/image/ab67616d0000b2736cf4ac37bd3323b39eba74be","1","6","274719","https://p.scdn.co/mp3-preview/3bb5c2fa35809c0b79316fb6ddc6e75c088898b2?cid=9950ac751e34487dbbe027c4fd7f8e99","false","32","QMTND1101203","spotify:user:ibdqzuvhscey81nwyfhajz3v7","2023-02-28T11:46:02Z"
"spotify:track:3NaXFWoAcNEBCzSEbc9BCW","Longer","spotify:artist:12H1Dmi64fAmmARrsyVFzy, spotify:artist:7g0SC4F149FUX5rKFuSpqL","Trip Lee, India Shawn","spotify:album:1LcvdArFKzZW4SwnIUOVWf","The Waiting Room","spotify:artist:12H1Dmi64fAmmARrsyVFzy","Trip Lee","2016-12-09","https://i.scdn.co/image/ab67616d0000b2736cf4ac37bd3323b39eba74be","1","9","273005","https://p.scdn.co/mp3-preview/6a8c4ea0017fd141b91ca5310a38426f995773ee?cid=9950ac751e34487dbbe027c4fd7f8e99","false","21","QMTND1101206","spotify:user:ibdqzuvhscey81nwyfhajz3v7","2023-02-28T11:46:06Z"
"spotify:track:3RpcCr8ZlIiYEctUYBAGQm","Sweet Victory","spotify:artist:12H1Dmi64fAmmARrsyVFzy, spotify:artist:0z5SAvLBgXdLs33L3tLbfo, spotify:artist:29b38fzTLn3i4vvRNCED2E","Trip Lee, Dimitri McDowell, Leah Smith","spotify:album:2QPKh4LqUxtwXGwbriYzqZ","Rise","spotify:artist:12H1Dmi64fAmmARrsyVFzy","Trip Lee","2014-10-27","https://i.scdn.co/image/ab67616d0000b27320a89d211a934f3b24942099","1","14","308274","https://p.scdn.co/mp3-preview/28df7124ea7d17fce19a2d47f60bb26cdb079466?cid=9950ac751e34487dbbe027c4fd7f8e99","false","46","QMTND1100482","spotify:user:ibdqzuvhscey81nwyfhajz3v7","2023-02-28T11:45:56Z"
"spotify:track:2Q364zyLVj1jkNJIeGX6gQ","Beautiful Life","spotify:artist:12H1Dmi64fAmmARrsyVFzy, spotify:artist:2OHB0NOUxQ4MgM1BwEJSom","Trip Lee, V. Rose","spotify:album:4isPEpuar7DBekswZNoawh","The Good Life","spotify:artist:12H1Dmi64fAmmARrsyVFzy","Trip Lee","2012-04-10","https://i.scdn.co/image/ab67616d0000b273b67e07a805e5e64a4814673e","1","11","264413","https://p.scdn.co/mp3-preview/08adf3a3bed0a72d5c059fe31daaa45383d62704?cid=9950ac751e34487dbbe027c4fd7f8e99","false","24","QMTND1100044","spotify:user:ibdqzuvhscey81nwyfhajz3v7","2023-02-28T11:45:33Z"
"spotify:track:6jou6rjDYGbQxyAFx7DyKO","For My Good","spotify:artist:12H1Dmi64fAmmARrsyVFzy, spotify:artist:3uHnfXxUrnPq1XYw8t8Sz2","Trip Lee, Jai","spotify:album:4isPEpuar7DBekswZNoawh","The Good Life","spotify:artist:12H1Dmi64fAmmARrsyVFzy","Trip Lee","2012-04-10","https://i.scdn.co/image/ab67616d0000b273b67e07a805e5e64a4814673e","1","14","271773","https://p.scdn.co/mp3-preview/86aa58a64934022dcc01cac6731375aedbf00ddf?cid=9950ac751e34487dbbe027c4fd7f8e99","false","20","QMTND1100047","spotify:user:ibdqzuvhscey81nwyfhajz3v7","2023-02-28T11:45:35Z"
"spotify:track:3QyeKVdtt8EC75VL5djtgq","Call It Life","spotify:artist:12H1Dmi64fAmmARrsyVFzy","Trip Lee","spotify:album:04pUvZNdQT3sT8jJ7Iulwr","The End.","spotify:artist:12H1Dmi64fAmmARrsyVFzy","Trip Lee","2022-03-04","https://i.scdn.co/image/ab67616d0000b27306e9a48c622c6f3b6a47f744","1","11","246454","https://p.scdn.co/mp3-preview/7e526f8e75924ae7e3cf4459cf3761ae7b13960b?cid=9950ac751e34487dbbe027c4fd7f8e99","false","27","QMTND2200009","spotify:user:ibdqzuvhscey81nwyfhajz3v7","2023-02-28T11:46:19Z"
"spotify:track:6Ar166fJNtzTk9eJTApJF5","Gave It Up","spotify:artist:12H1Dmi64fAmmARrsyVFzy, spotify:artist:5uy8gLsNLU5E9dgB464PaZ","Trip Lee, Desi Raines","spotify:album:04pUvZNdQT3sT8jJ7Iulwr","The End.","spotify:artist:12H1Dmi64fAmmARrsyVFzy","Trip Lee","2022-03-04","https://i.scdn.co/image/ab67616d0000b27306e9a48c622c6f3b6a47f744","1","15","290039","https://p.scdn.co/mp3-preview/1c5e879b086feb1e6d479c7e151e0e3193b591ea?cid=9950ac751e34487dbbe027c4fd7f8e99","false","28","QMTND2200012","spotify:user:ibdqzuvhscey81nwyfhajz3v7","2023-02-28T11:46:23Z"
"spotify:track:6oyF4HUkKAlbsZTYxO9YTV","Billion Years","spotify:artist:12H1Dmi64fAmmARrsyVFzy, spotify:artist:5enXh7VYtH8x63M7coq9tJ","Trip Lee, Taylor Hill","spotify:album:1LcvdArFKzZW4SwnIUOVWf","The Waiting Room","spotify:artist:12H1Dmi64fAmmARrsyVFzy","Trip Lee","2016-12-09","https://i.scdn.co/image/ab67616d0000b2736cf4ac37bd3323b39eba74be","1","10","286662","https://p.scdn.co/mp3-preview/3b12d8d15257cef1bcfdc56165f50f6dcad72ccb?cid=9950ac751e34487dbbe027c4fd7f8e99","false","31","QMTND1101207","spotify:user:ibdqzuvhscey81nwyfhajz3v7","2023-02-28T11:46:08Z"
