"Track URI","Track Name","Artist URI(s)","Artist Name(s)","Album URI","Album Name","Album Artist URI(s)","Album Artist Name(s)","Album Release Date","Album Image URL","Disc Number","Track Number","Track Duration (ms)","Track Preview URL","Explicit","Popularity","ISRC","Added By","Added At"
"spotify:track:2ZinOsrANpZhKkAjiA6PmN","Rise","spotify:artist:12H1Dmi64fAmmARrsyVFzy","Trip Lee","spotify:album:2QPKh4LqUxtwXGwbriYzqZ","Rise","spotify:artist:12H1Dmi64fAmmARrsyVFzy","Trip Lee","2014-10-27","https://i.scdn.co/image/ab67616d0000b27320a89d211a934f3b24942099","1","1","199159","https://p.scdn.co/mp3-preview/563e59deefa6240498d9da9fc5cdaedfd256e262?cid=9950ac751e34487dbbe027c4fd7f8e99","false","32","QMTND1100469","spotify:user:ibdqzuvhscey81nwyfhajz3v7","2023-03-26T20:04:42Z"
"spotify:track:5mtBYQoYqG0U98jHVgtSTS","Who He Is","spotify:artist:12H1Dmi64fAmmARrsyVFzy, spotify:artist:1CFCsEqKrCyvAFKOATQHiW, spotify:artist:4xEkvltdpOj6nRgOKKLwSJ","Trip Lee, Lecrae, Cam","spotify:album:30zs5DscRa5Nu7QM15Uc7Y","20/20","spotify:artist:12H1Dmi64fAmmARrsyVFzy","Trip Lee","2008-05-20","https://i.scdn.co/image/ab67616d0000b27376b4290efb7d4a5f9c822b84","1","12","250013","https://p.scdn.co/mp3-preview/363319bc451e75f1357ccd3f5f19ef3d462ece62?cid=9950ac751e34487dbbe027c4fd7f8e99","false","27","USTC50807226","spotify:user:ibdqzuvhscey81nwyfhajz3v7","2023-03-26T19:59:23Z"
"spotify:track:1Dqh9zfjOQ3cpVIIqiIWCO","He Lives","spotify:artist:4c6lhwoOrmgNWvl0GxHlW1, spotify:artist:2s6kyMmJZFgPCHXU0QxJLp, spotify:artist:3uHnfXxUrnPq1XYw8t8Sz2","Tedashii, FLAME, Jai","spotify:album:1vpWTofvoOJDwfnD1zcsGB","Blacklight","spotify:artist:4c6lhwoOrmgNWvl0GxHlW1","Tedashii","2011-05-31","https://i.scdn.co/image/ab67616d0000b273f01b8d85c3acf165103269b0","1","8","284213","https://p.scdn.co/mp3-preview/6d547466f2ae9fc02d7112caf31324d47750e128?cid=9950ac751e34487dbbe027c4fd7f8e99","false","28","TCAAX1197224","spotify:user:ibdqzuvhscey81nwyfhajz3v7","2023-03-24T12:01:06Z"
"spotify:track:1Nemi3FUmCzlGI9RdHEwGW","Beautiful Feet","spotify:artist:1CFCsEqKrCyvAFKOATQHiW, spotify:artist:6bxsjo3XExhzTN3N26OaLj","Lecrae, Dawntoya","spotify:album:0cgAkYTTvTXSeexZt8Cf4H","Rebel","spotify:artist:1CFCsEqKrCyvAFKOATQHiW","Lecrae","2008-09-30","https://i.scdn.co/image/ab67616d0000b2731215ffb3c214c91ac6b93113","1","15","278573","https://p.scdn.co/mp3-preview/262efbe56ce0e4a93628a078830b31726394f417?cid=9950ac751e34487dbbe027c4fd7f8e99","false","26","USTC60847471","spotify:user:ibdqzuvhscey81nwyfhajz3v7","2023-03-26T19:53:15Z"
"spotify:track:5Nh9XGxTjoHopixqiqkakR","The Invasion (Hero)","spotify:artist:12H1Dmi64fAmmARrsyVFzy, spotify:artist:3uHnfXxUrnPq1XYw8t8Sz2","Trip Lee, Jai","spotify:album:3urzi9VOPiTcOcF2zFbahs","Between Two Worlds","spotify:artist:12H1Dmi64fAmmARrsyVFzy","Trip Lee","2010-06-22","https://i.scdn.co/image/ab67616d0000b273308eeddb06ea7bb4886c7780","1","15","336920","https://p.scdn.co/mp3-preview/697098c7914b796a14c02674af340f028fa058d5?cid=9950ac751e34487dbbe027c4fd7f8e99","false","26","USTCF1017400","spotify:user:ibdqzuvhscey81nwyfhajz3v7","2023-03-24T12:01:02Z"
"spotify:track:0cIEDizxw8P5sH7I8tYbxJ","Open Letter (Battlefield)","spotify:artist:77IKXFvO7SpWrq8hflrUXc, spotify:artist:12H1Dmi64fAmmARrsyVFzy, spotify:artist:78ZdtwvDD5zTElro6EGkcU, spotify:artist:3uHnfXxUrnPq1XYw8t8Sz2","KB, Trip Lee, Swoope, Jai","spotify:album:4gR8HZVG97FFpWrzfvVM8v","Weight & Glory","spotify:artist:77IKXFvO7SpWrq8hflrUXc","KB","2012-07-17","https://i.scdn.co/image/ab67616d0000b2734337cfc8d13c586eaee451e0","1","7","329363","https://p.scdn.co/mp3-preview/1eab8c0414dbb2dbe067d67657ef41222ba7e162?cid=9950ac751e34487dbbe027c4fd7f8e99","false","30","QMTND1100065","spotify:user:ibdqzuvhscey81nwyfhajz3v7","2023-03-24T11:58:03Z"
"spotify:track:0Q9quybG6cH763IjoRWn52","Hello","spotify:artist:77IKXFvO7SpWrq8hflrUXc, spotify:artist:5f4TpQdpCTgE1nmUpy2Sqx","KB, Suzy Rock","spotify:album:4gR8HZVG97FFpWrzfvVM8v","Weight & Glory","spotify:artist:77IKXFvO7SpWrq8hflrUXc","KB","2012-07-17","https://i.scdn.co/image/ab67616d0000b2734337cfc8d13c586eaee451e0","1","12","186452","https://p.scdn.co/mp3-preview/5e9fa0a4715a4b103c9426fa85dad7fef039f9cf?cid=9950ac751e34487dbbe027c4fd7f8e99","false","27","QMTND1100001","spotify:user:ibdqzuvhscey81nwyfhajz3v7","2023-03-24T11:58:10Z"
"spotify:track:3tXLoLI1aSYIV5G29m5KqC","Read Em & Weep (feat. V. Rose)","spotify:artist:2s6kyMmJZFgPCHXU0QxJLp, spotify:artist:2OHB0NOUxQ4MgM1BwEJSom","FLAME, V. Rose","spotify:album:6uKfKL70jI36IjMxPgP0s7","Royal Flush","spotify:artist:2s6kyMmJZFgPCHXU0QxJLp","FLAME","2013-10-01","https://i.scdn.co/image/ab67616d0000b273ab350fba0a1ec50e6ed1fd17","1","9","209483","https://p.scdn.co/mp3-preview/70c57d02f29ac0e58ca3b47b03ed1bb8fecf2c30?cid=9950ac751e34487dbbe027c4fd7f8e99","false","25","TCABQ1334055","spotify:user:ibdqzuvhscey81nwyfhajz3v7","2023-03-24T12:17:57Z"
"spotify:track:1vP4uegG9P9NtzlL0KRcIs","Live Free","spotify:artist:1CFCsEqKrCyvAFKOATQHiW, spotify:artist:3dpswct31rsudWf8ZASWZe, spotify:artist:3uHnfXxUrnPq1XYw8t8Sz2","Lecrae, Sho Baraka, Jai","spotify:album:0cgAkYTTvTXSeexZt8Cf4H","Rebel","spotify:artist:1CFCsEqKrCyvAFKOATQHiW","Lecrae","2008-09-30","https://i.scdn.co/image/ab67616d0000b2731215ffb3c214c91ac6b93113","1","11","266466","https://p.scdn.co/mp3-preview/46699b2679ea873a17dbae19917de29859bf6948?cid=9950ac751e34487dbbe027c4fd7f8e99","false","24","USTC60847438","spotify:user:ibdqzuvhscey81nwyfhajz3v7","2023-03-24T12:01:09Z"
"spotify:track:4u53hfLT61VfrYUjVOKnDS","Battle Song","spotify:artist:1CFCsEqKrCyvAFKOATQHiW, spotify:artist:5f4TpQdpCTgE1nmUpy2Sqx","Lecrae, Suzy Rock","spotify:album:1dwe4UpfDWNWoVtWvnjFrO","Rehab: The Overdose","spotify:artist:1CFCsEqKrCyvAFKOATQHiW","Lecrae","2011-01-11","https://i.scdn.co/image/ab67616d0000b273a11e9a0fbd700fb0016c6adf","1","3","222533","https://p.scdn.co/mp3-preview/3eb2d9b49694b373fa74b48947968f2cdf0ebc5c?cid=9950ac751e34487dbbe027c4fd7f8e99","false","26","TCAAT1099850","spotify:user:ibdqzuvhscey81nwyfhajz3v7","2023-03-24T11:59:06Z"
"spotify:track:5lJxm8RRJLzaUDUgBpLwbR","Free from It All","spotify:artist:1CFCsEqKrCyvAFKOATQHiW, spotify:artist:6mE9Iem2imVWoxLIREwyKs","Lecrae, Mathai","spotify:album:709e0W96FV6lKRoBHcDQ91","Gravity","spotify:artist:1CFCsEqKrCyvAFKOATQHiW","Lecrae","2012-09-04","https://i.scdn.co/image/ab67616d0000b2735844246ac2d44a9f510d8e11","1","4","214297","https://p.scdn.co/mp3-preview/2791da67868bfcec1358d0248f447edcfa5e4e40?cid=9950ac751e34487dbbe027c4fd7f8e99","false","30","QMTND1100083","spotify:user:ibdqzuvhscey81nwyfhajz3v7","2023-03-26T19:51:58Z"
"spotify:track:3ce0CKR7WhoCH1FWFSBkgV","High","spotify:artist:1CFCsEqKrCyvAFKOATQHiW, spotify:artist:5f4TpQdpCTgE1nmUpy2Sqx","Lecrae, Suzy Rock","spotify:album:4oWfhNbIfILhtXwOOOrtNd","Rehab","spotify:artist:1CFCsEqKrCyvAFKOATQHiW","Lecrae","2010-09-28","https://i.scdn.co/image/ab67616d0000b2738fa97c5122f44f0e2ade3551","1","8","226026","https://p.scdn.co/mp3-preview/8958fe60b8c36711e076039c4ea854b5fb7d83ff?cid=9950ac751e34487dbbe027c4fd7f8e99","false","27","TCAAR1052452","spotify:user:ibdqzuvhscey81nwyfhajz3v7","2023-03-24T11:58:17Z"
"spotify:track:76vTUie0m91VvcWvUi7UGw","Killa","spotify:artist:1CFCsEqKrCyvAFKOATQHiW","Lecrae","spotify:album:4oWfhNbIfILhtXwOOOrtNd","Rehab","spotify:artist:1CFCsEqKrCyvAFKOATQHiW","Lecrae","2010-09-28","https://i.scdn.co/image/ab67616d0000b2738fa97c5122f44f0e2ade3551","1","2","208840","https://p.scdn.co/mp3-preview/dabcfc2cf803cd82b09857fe9ff2b4d50f021186?cid=9950ac751e34487dbbe027c4fd7f8e99","false","32","TCAAR1052444","spotify:user:ibdqzuvhscey81nwyfhajz3v7","2023-03-26T19:51:52Z"
"spotify:track:1vuuMEFNSEO3AHN3mTi6AO","Background","spotify:artist:1CFCsEqKrCyvAFKOATQHiW, spotify:artist:1TMrnxBwZfmfRxsGzkNIHw","Lecrae, Andy Mineo","spotify:album:4oWfhNbIfILhtXwOOOrtNd","Rehab","spotify:artist:1CFCsEqKrCyvAFKOATQHiW","Lecrae","2010-09-28","https://i.scdn.co/image/ab67616d0000b2738fa97c5122f44f0e2ade3551","1","14","279186","https://p.scdn.co/mp3-preview/731236dee011707e36c5039185d4e613576c3660?cid=9950ac751e34487dbbe027c4fd7f8e99","false","43","TCAAR1052458","spotify:user:ibdqzuvhscey81nwyfhajz3v7","2023-03-24T11:58:21Z"
"spotify:track:0B99BTBpjFQBfPzLpAPRus","Making Me Over (feat. Ad3 & Tedashii)","spotify:artist:5eAZLsVlw4VKkwtQS9cfrX, spotify:artist:4UfOr0WKTGClsUCMCPICqx, spotify:artist:4c6lhwoOrmgNWvl0GxHlW1","Json, AD3, Tedashii","spotify:album:1fscw3oW7uTtq9zodiHV5M","Growing Pains","spotify:artist:5eAZLsVlw4VKkwtQS9cfrX","Json","2012-02-21","https://i.scdn.co/image/ab67616d0000b273ce7567e944248bf08e86ae29","1","2","266786","https://p.scdn.co/mp3-preview/5786de5d18470c3fea9a2a2a4bdd288643b70c79?cid=9950ac751e34487dbbe027c4fd7f8e99","false","22","USLSX1200032","spotify:user:ibdqzuvhscey81nwyfhajz3v7","2023-03-26T19:52:57Z"
"spotify:track:2ig6cKSFZ7Ez7B1qN3IvLZ","Zone Out","spotify:artist:77IKXFvO7SpWrq8hflrUXc, spotify:artist:4ga6LjpnCIijuLXPlFRxkf","KB, Chris Lee Cobbins","spotify:album:4gR8HZVG97FFpWrzfvVM8v","Weight & Glory","spotify:artist:77IKXFvO7SpWrq8hflrUXc","KB","2012-07-17","https://i.scdn.co/image/ab67616d0000b2734337cfc8d13c586eaee451e0","1","2","193719","https://p.scdn.co/mp3-preview/9ca73a99d17ab819d1deadbd70c6c2b7aa531483?cid=9950ac751e34487dbbe027c4fd7f8e99","false","33","QMTND1100030","spotify:user:ibdqzuvhscey81nwyfhajz3v7","2023-03-26T19:53:26Z"
"spotify:track:2X35aSDmqQZC18tcQicSTL","Shooter","spotify:artist:0P8V2XSw1mIo8739T1qjzr, spotify:artist:2OHB0NOUxQ4MgM1BwEJSom","Bizzle, V. Rose","spotify:album:26Yliop485JFU8iQJjxtgg","Light Work: Deluxe Playlist","spotify:artist:0P8V2XSw1mIo8739T1qjzr","Bizzle","2019-12-25","https://i.scdn.co/image/ab67616d0000b273ecaf44810803a3687f5fa985","1","15","233332","https://p.scdn.co/mp3-preview/06c25427f1ac3e9cd1d33e45f8494745837a7cc0?cid=9950ac751e34487dbbe027c4fd7f8e99","false","7","TCAEC1969414","spotify:user:ibdqzuvhscey81nwyfhajz3v7","2023-03-24T12:18:55Z"
"spotify:track:6Z6gil4GGHRZ3pD5UXRvHY","Cold World","spotify:artist:1CFCsEqKrCyvAFKOATQHiW, spotify:artist:1MYtt2sO0GF30bBYjpxfTC","Lecrae, Tasha Catour","spotify:album:3pUf0MTDcXjmlzDYAAPqX8","Church Clothes","spotify:artist:1CFCsEqKrCyvAFKOATQHiW","Lecrae","2013-02-26","https://i.scdn.co/image/ab67616d0000b273150825d351407a895a6490b8","1","2","230817","https://p.scdn.co/mp3-preview/e9c9570252760d21506be370dff00b497b247c2f?cid=9950ac751e34487dbbe027c4fd7f8e99","false","23","QMTND1100073","spotify:user:ibdqzuvhscey81nwyfhajz3v7","2023-03-26T19:55:29Z"
"spotify:track:4BYMzeiusYBat7qjpjuv26","No Regrets","spotify:artist:1CFCsEqKrCyvAFKOATQHiW, spotify:artist:5f4TpQdpCTgE1nmUpy2Sqx","Lecrae, Suzy Rock","spotify:album:2dCTTPgK1MdIFe5ozsppxU","Gravity (Digital Deluxe)","spotify:artist:1CFCsEqKrCyvAFKOATQHiW","Lecrae","2012-09-04","https://i.scdn.co/image/ab67616d0000b27305560379996ea0e8daefc739","1","16","216711","https://p.scdn.co/mp3-preview/eb2daca799c097257fcf7f17858a412c272b4720?cid=9950ac751e34487dbbe027c4fd7f8e99","false","35","QMTND1100074","spotify:user:ibdqzuvhscey81nwyfhajz3v7","2023-03-24T11:57:51Z"
"spotify:track:2vq0wRKDYqMVZVIPuXC4ZF","Stronger","spotify:artist:0DfKHgbQn1b5W9KoHKCv37, spotify:artist:3uHnfXxUrnPq1XYw8t8Sz2","Pro, Jai","spotify:album:1V9dpdj9FlsilOnVwzvyy8","Dying to Live","spotify:artist:0DfKHgbQn1b5W9KoHKCv37","Pro","2011-08-23","https://i.scdn.co/image/ab67616d0000b2732201cff00d4a5bf89b41ca29","1","7","218456","https://p.scdn.co/mp3-preview/2e930500f0591de9adc3037cfb3c5d6e43cbcf95?cid=9950ac751e34487dbbe027c4fd7f8e99","false","24","TCAAZ1164800","spotify:user:ibdqzuvhscey81nwyfhajz3v7","2023-03-24T11:59:18Z"
"spotify:track:2UXSE3huaHDPaHrpMrRYm5","Drink from His Cup","spotify:artist:0DfKHgbQn1b5W9KoHKCv37, spotify:artist:5f4TpQdpCTgE1nmUpy2Sqx","Pro, Suzy Rock","spotify:album:1V9dpdj9FlsilOnVwzvyy8","Dying to Live","spotify:artist:0DfKHgbQn1b5W9KoHKCv37","Pro","2011-08-23","https://i.scdn.co/image/ab67616d0000b2732201cff00d4a5bf89b41ca29","1","13","211972","https://p.scdn.co/mp3-preview/5cb751300743cde095e3c3c35de043d445535cea?cid=9950ac751e34487dbbe027c4fd7f8e99","false","8","TCAAZ1164810","spotify:user:ibdqzuvhscey81nwyfhajz3v7","2023-03-24T11:59:21Z"
"spotify:track:13lzi0Qx2KDambbS6cPAdz","I.T.W.N.O.I.","spotify:artist:3dpswct31rsudWf8ZASWZe, spotify:artist:4c6lhwoOrmgNWvl0GxHlW1, spotify:artist:37nS8Tj9Txd51aKMurioAB, spotify:artist:5qJjtRftP42zv3LBnIzOEr, spotify:artist:5MximdP80OJjCsC3bfCkZc","Sho Baraka, Tedashii, R. Swift, Benjah, Honey Larochelle","spotify:album:4B7PDu1JK0rIOYsylICHyX","Lions and Liars","spotify:artist:3dpswct31rsudWf8ZASWZe","Sho Baraka","2010-03-30","https://i.scdn.co/image/ab67616d0000b273daf711289e51b84797d8c246","1","15","235266","https://p.scdn.co/mp3-preview/05d74fbdd2e969e9dc6c49827dab0919ed23506a?cid=9950ac751e34487dbbe027c4fd7f8e99","false","10","USTCD1056753","spotify:user:ibdqzuvhscey81nwyfhajz3v7","2023-03-26T20:01:25Z"
"spotify:track:1JSXLrgSs2uhsrChsFDN7q","Famous","spotify:artist:3dpswct31rsudWf8ZASWZe, spotify:artist:10ff7lw2N2p00ErbZTuWrx","Sho Baraka, Erica Cumbo","spotify:album:4B7PDu1JK0rIOYsylICHyX","Lions and Liars","spotify:artist:3dpswct31rsudWf8ZASWZe","Sho Baraka","2010-03-30","https://i.scdn.co/image/ab67616d0000b273daf711289e51b84797d8c246","1","3","183360","https://p.scdn.co/mp3-preview/aeb4c5ad86de555995e3b63d9a5f9c273c1d0076?cid=9950ac751e34487dbbe027c4fd7f8e99","false","10","USTCC1086167","spotify:user:ibdqzuvhscey81nwyfhajz3v7","2023-03-26T19:58:21Z"
"spotify:track:0XO5XdEV4XhQwgKy09yV5p","All I Need (feat. Chris Cobbins)","spotify:artist:2s6kyMmJZFgPCHXU0QxJLp, spotify:artist:6WtrY6QGqSHWgJMRVn6lAk","FLAME, Chris Cobbins","spotify:album:5aaFYgz1FmXwf5sZlwSCGe","Captured","spotify:artist:2s6kyMmJZFgPCHXU0QxJLp","FLAME","2010-12-28","https://i.scdn.co/image/ab67616d0000b2732204f37944f434d9ca97ea28","1","6","301240","https://p.scdn.co/mp3-preview/b179d33119b4da42ab54f0ee3730a1db16c0f740?cid=9950ac751e34487dbbe027c4fd7f8e99","false","23","TCACT1620234","spotify:user:ibdqzuvhscey81nwyfhajz3v7","2023-03-26T20:00:11Z"
"spotify:track:0goTM0uKYzIdAOMdCfAovY","Surrender (feat. V. Rose)","spotify:artist:2s6kyMmJZFgPCHXU0QxJLp, spotify:artist:2OHB0NOUxQ4MgM1BwEJSom","FLAME, V. Rose","spotify:album:5aaFYgz1FmXwf5sZlwSCGe","Captured","spotify:artist:2s6kyMmJZFgPCHXU0QxJLp","FLAME","2010-12-28","https://i.scdn.co/image/ab67616d0000b2732204f37944f434d9ca97ea28","1","2","221840","https://p.scdn.co/mp3-preview/04e33c2c4cfa66f9d0eb895152f36385c16886cc?cid=9950ac751e34487dbbe027c4fd7f8e99","false","36","TCACT1620226","spotify:user:ibdqzuvhscey81nwyfhajz3v7","2023-03-24T12:18:27Z"
"spotify:track:4FNdacvV0XvNBZoyuwCwLA","Captured Me (feat. V. Rose)","spotify:artist:2s6kyMmJZFgPCHXU0QxJLp, spotify:artist:2OHB0NOUxQ4MgM1BwEJSom","FLAME, V. Rose","spotify:album:5aaFYgz1FmXwf5sZlwSCGe","Captured","spotify:artist:2s6kyMmJZFgPCHXU0QxJLp","FLAME","2010-12-28","https://i.scdn.co/image/ab67616d0000b2732204f37944f434d9ca97ea28","1","9","248426","https://p.scdn.co/mp3-preview/cc7db8601053ca38458ff31828257ce22cd27fc1?cid=9950ac751e34487dbbe027c4fd7f8e99","false","17","TCACT1620240","spotify:user:ibdqzuvhscey81nwyfhajz3v7","2023-03-24T12:18:30Z"
"spotify:track:2dRAvbi92nmGJ0hYX7NiQz","The 6th Day (feat. Chris Cobbins)","spotify:artist:2s6kyMmJZFgPCHXU0QxJLp, spotify:artist:6WtrY6QGqSHWgJMRVn6lAk","FLAME, Chris Cobbins","spotify:album:1aCdpJ2b8hPI59sUOMsdjr","The 6th","spotify:artist:2s6kyMmJZFgPCHXU0QxJLp","FLAME","2012-03-06","https://i.scdn.co/image/ab67616d0000b2738e6888de3e451bddb06beffc","1","2","186615","https://p.scdn.co/mp3-preview/d0b6ce6a83b557d423afbc1c2a53144f3cc365f1?cid=9950ac751e34487dbbe027c4fd7f8e99","false","15","TCACS1688635","spotify:user:ibdqzuvhscey81nwyfhajz3v7","2023-03-26T19:51:34Z"
"spotify:track:0STHqSH9oRiBaRBCvUVnpU","Caught in the Lights (feat. V. Rose)","spotify:artist:2s6kyMmJZFgPCHXU0QxJLp, spotify:artist:2OHB0NOUxQ4MgM1BwEJSom","FLAME, V. Rose","spotify:album:1aCdpJ2b8hPI59sUOMsdjr","The 6th","spotify:artist:2s6kyMmJZFgPCHXU0QxJLp","FLAME","2012-03-06","https://i.scdn.co/image/ab67616d0000b2738e6888de3e451bddb06beffc","1","7","274471","https://p.scdn.co/mp3-preview/4014ee3da5b3a0026c1901d229ef075e72d6ae4f?cid=9950ac751e34487dbbe027c4fd7f8e99","false","11","TCACS1688645","spotify:user:ibdqzuvhscey81nwyfhajz3v7","2023-03-26T19:58:01Z"
"spotify:track:0Z0tyvcXqN4SK336eg6jfs","Against the World (feat. V. Rose)","spotify:artist:2s6kyMmJZFgPCHXU0QxJLp, spotify:artist:2OHB0NOUxQ4MgM1BwEJSom","FLAME, V. Rose","spotify:album:1aCdpJ2b8hPI59sUOMsdjr","The 6th","spotify:artist:2s6kyMmJZFgPCHXU0QxJLp","FLAME","2012-03-06","https://i.scdn.co/image/ab67616d0000b2738e6888de3e451bddb06beffc","1","11","265166","https://p.scdn.co/mp3-preview/f2d2e5df5bd1f675617439af4de45ee2d317a070?cid=9950ac751e34487dbbe027c4fd7f8e99","false","18","TCACS1688653","spotify:user:ibdqzuvhscey81nwyfhajz3v7","2023-03-26T19:57:36Z"
"spotify:track:7C6zTpub9GIgggt1BHXeQP","I'm a Believer","spotify:artist:4c6lhwoOrmgNWvl0GxHlW1, spotify:artist:12H1Dmi64fAmmARrsyVFzy, spotify:artist:1Y6wP1RVQapm1mj3h1O8xn","Tedashii, Trip Lee, Soye","spotify:album:1EV7m88lwrr8ueRdAS3xmH","Identity Crisis","spotify:artist:4c6lhwoOrmgNWvl0GxHlW1","Tedashii","2009-05-26","https://i.scdn.co/image/ab67616d0000b273eef57d937680ca71efbccaf9","1","10","226946","https://p.scdn.co/mp3-preview/54b57dce7d7350aca0e0ad39990b258a60864669?cid=9950ac751e34487dbbe027c4fd7f8e99","false","28","USTC90915494","spotify:user:ibdqzuvhscey81nwyfhajz3v7","2023-03-26T20:00:01Z"
"spotify:track:1Pm95ChAQwi4RuIGWLqdqC","All My Love","spotify:artist:12H1Dmi64fAmmARrsyVFzy, spotify:artist:0v4qnnnTMi9mgN3DUxCfHK","Trip Lee, Natalie Lauren","spotify:album:2QPKh4LqUxtwXGwbriYzqZ","Rise","spotify:artist:12H1Dmi64fAmmARrsyVFzy","Trip Lee","2014-10-27","https://i.scdn.co/image/ab67616d0000b27320a89d211a934f3b24942099","1","12","233646","https://p.scdn.co/mp3-preview/5ea9219eb607e16366f0d399da2861eb29dae809?cid=9950ac751e34487dbbe027c4fd7f8e99","false","24","QMTND1100480","spotify:user:ibdqzuvhscey81nwyfhajz3v7","2023-03-26T20:04:59Z"
"spotify:track:24mtgtmwfRdKfqHWuisZ8g","Fallin'","spotify:artist:12H1Dmi64fAmmARrsyVFzy, spotify:artist:7jmP2ZejmiclTo76ZF2D9R","Trip Lee, J. Paul","spotify:album:4isPEpuar7DBekswZNoawh","The Good Life","spotify:artist:12H1Dmi64fAmmARrsyVFzy","Trip Lee","2012-04-10","https://i.scdn.co/image/ab67616d0000b273b67e07a805e5e64a4814673e","1","5","233800","https://p.scdn.co/mp3-preview/9f73c80b48275f7d42bc98f182e51a4f977e210b?cid=9950ac751e34487dbbe027c4fd7f8e99","false","30","QMTND1100035","spotify:user:ibdqzuvhscey81nwyfhajz3v7","2023-03-26T19:51:12Z"
"spotify:track:2SbjSFKhJpfy2X8dM7a30T","War","spotify:artist:12H1Dmi64fAmmARrsyVFzy","Trip Lee","spotify:album:4isPEpuar7DBekswZNoawh","The Good Life","spotify:artist:12H1Dmi64fAmmARrsyVFzy","Trip Lee","2012-04-10","https://i.scdn.co/image/ab67616d0000b273b67e07a805e5e64a4814673e","1","4","265186","https://p.scdn.co/mp3-preview/cc3365d814b8a92624d8629e510f1f2c940e3228?cid=9950ac751e34487dbbe027c4fd7f8e99","false","26","QMTND1100038","spotify:user:ibdqzuvhscey81nwyfhajz3v7","2023-03-26T20:03:03Z"
"spotify:track:72PVOiOfEgYBwm8vxL0Ll2","Fantasy","spotify:artist:12H1Dmi64fAmmARrsyVFzy, spotify:artist:5f4TpQdpCTgE1nmUpy2Sqx","Trip Lee, Suzy Rock","spotify:album:4isPEpuar7DBekswZNoawh","The Good Life","spotify:artist:12H1Dmi64fAmmARrsyVFzy","Trip Lee","2012-04-10","https://i.scdn.co/image/ab67616d0000b273b67e07a805e5e64a4814673e","1","12","280013","https://p.scdn.co/mp3-preview/d9249a8a7eba01ed035c5a9fe7d46dd61f926082?cid=9950ac751e34487dbbe027c4fd7f8e99","false","20","QMTND1100045","spotify:user:ibdqzuvhscey81nwyfhajz3v7","2023-03-24T11:58:37Z"
"spotify:track:2Q364zyLVj1jkNJIeGX6gQ","Beautiful Life","spotify:artist:12H1Dmi64fAmmARrsyVFzy, spotify:artist:2OHB0NOUxQ4MgM1BwEJSom","Trip Lee, V. Rose","spotify:album:4isPEpuar7DBekswZNoawh","The Good Life","spotify:artist:12H1Dmi64fAmmARrsyVFzy","Trip Lee","2012-04-10","https://i.scdn.co/image/ab67616d0000b273b67e07a805e5e64a4814673e","1","11","264413","https://p.scdn.co/mp3-preview/08adf3a3bed0a72d5c059fe31daaa45383d62704?cid=9950ac751e34487dbbe027c4fd7f8e99","false","24","QMTND1100044","spotify:user:ibdqzuvhscey81nwyfhajz3v7","2023-03-24T11:58:39Z"
"spotify:track:6jou6rjDYGbQxyAFx7DyKO","For My Good","spotify:artist:12H1Dmi64fAmmARrsyVFzy, spotify:artist:3uHnfXxUrnPq1XYw8t8Sz2","Trip Lee, Jai","spotify:album:4isPEpuar7DBekswZNoawh","The Good Life","spotify:artist:12H1Dmi64fAmmARrsyVFzy","Trip Lee","2012-04-10","https://i.scdn.co/image/ab67616d0000b273b67e07a805e5e64a4814673e","1","14","271773","https://p.scdn.co/mp3-preview/86aa58a64934022dcc01cac6731375aedbf00ddf?cid=9950ac751e34487dbbe027c4fd7f8e99","false","20","QMTND1100047","spotify:user:ibdqzuvhscey81nwyfhajz3v7","2023-03-24T11:58:35Z"
"spotify:track:2tGqEudWQBYJiyVNSXDxtM","Heart Song","spotify:artist:77IKXFvO7SpWrq8hflrUXc, spotify:artist:52QccykvlOi6FGsvcTYPzG","KB, Jasmine Le'Shea","spotify:album:4gR8HZVG97FFpWrzfvVM8v","Weight & Glory","spotify:artist:77IKXFvO7SpWrq8hflrUXc","KB","2012-07-17","https://i.scdn.co/image/ab67616d0000b2734337cfc8d13c586eaee451e0","1","8","277636","https://p.scdn.co/mp3-preview/b0abfd029f9036c88e86e2d75b878ebd50a283ee?cid=9950ac751e34487dbbe027c4fd7f8e99","false","23","QMTND1100066","spotify:user:ibdqzuvhscey81nwyfhajz3v7","2023-03-26T19:56:20Z"
"spotify:track:3u4JnznIt3Bt29jfzRaZgQ","Ready","spotify:artist:12H1Dmi64fAmmARrsyVFzy, spotify:artist:0z5SAvLBgXdLs33L3tLbfo","Trip Lee, Dimitri McDowell","spotify:album:1LcvdArFKzZW4SwnIUOVWf","The Waiting Room","spotify:artist:12H1Dmi64fAmmARrsyVFzy","Trip Lee","2016-12-09","https://i.scdn.co/image/ab67616d0000b2736cf4ac37bd3323b39eba74be","1","5","216754","https://p.scdn.co/mp3-preview/38e18dbf9560cd0fbdd6389436be059cc84228b8?cid=9950ac751e34487dbbe027c4fd7f8e99","false","26","QMTND1101202","spotify:user:ibdqzuvhscey81nwyfhajz3v7","2023-03-26T20:05:40Z"
"spotify:track:3NaXFWoAcNEBCzSEbc9BCW","Longer","spotify:artist:12H1Dmi64fAmmARrsyVFzy, spotify:artist:7g0SC4F149FUX5rKFuSpqL","Trip Lee, India Shawn","spotify:album:1LcvdArFKzZW4SwnIUOVWf","The Waiting Room","spotify:artist:12H1Dmi64fAmmARrsyVFzy","Trip Lee","2016-12-09","https://i.scdn.co/image/ab67616d0000b2736cf4ac37bd3323b39eba74be","1","9","273005","https://p.scdn.co/mp3-preview/6a8c4ea0017fd141b91ca5310a38426f995773ee?cid=9950ac751e34487dbbe027c4fd7f8e99","false","21","QMTND1101206","spotify:user:ibdqzuvhscey81nwyfhajz3v7","2023-03-26T20:05:29Z"
"spotify:track:3RpcCr8ZlIiYEctUYBAGQm","Sweet Victory","spotify:artist:12H1Dmi64fAmmARrsyVFzy, spotify:artist:0z5SAvLBgXdLs33L3tLbfo, spotify:artist:29b38fzTLn3i4vvRNCED2E","Trip Lee, Dimitri McDowell, Leah Smith","spotify:album:2QPKh4LqUxtwXGwbriYzqZ","Rise","spotify:artist:12H1Dmi64fAmmARrsyVFzy","Trip Lee","2014-10-27","https://i.scdn.co/image/ab67616d0000b27320a89d211a934f3b24942099","1","14","308274","https://p.scdn.co/mp3-preview/28df7124ea7d17fce19a2d47f60bb26cdb079466?cid=9950ac751e34487dbbe027c4fd7f8e99","false","46","QMTND1100482","spotify:user:ibdqzuvhscey81nwyfhajz3v7","2023-03-26T20:04:50Z"
"spotify:track:6hT72Xfao3G1I5BpQ6DI2n","Dreamin","spotify:artist:12H1Dmi64fAmmARrsyVFzy","Trip Lee","spotify:album:04pUvZNdQT3sT8jJ7Iulwr","The End.","spotify:artist:12H1Dmi64fAmmARrsyVFzy","Trip Lee","2022-03-04","https://i.scdn.co/image/ab67616d0000b27306e9a48c622c6f3b6a47f744","1","10","249965","https://p.scdn.co/mp3-preview/4d435e38dd8db3041141608e6271814f9ef75316?cid=9950ac751e34487dbbe027c4fd7f8e99","false","28","QMTND2200008","spotify:user:ibdqzuvhscey81nwyfhajz3v7","2023-04-03T17:05:21Z"
"spotify:track:7FI7GNuJNfWOEksx6quz1e","All Mine","spotify:artist:12H1Dmi64fAmmARrsyVFzy, spotify:artist:5enXh7VYtH8x63M7coq9tJ","Trip Lee, Taylor Hill","spotify:album:04pUvZNdQT3sT8jJ7Iulwr","The End.","spotify:artist:12H1Dmi64fAmmARrsyVFzy","Trip Lee","2022-03-04","https://i.scdn.co/image/ab67616d0000b27306e9a48c622c6f3b6a47f744","1","7","213983","https://p.scdn.co/mp3-preview/da6b6a63b5996d3d5f040dec8cd01297d6b059b6?cid=9950ac751e34487dbbe027c4fd7f8e99","false","29","QMTND2200006","spotify:user:ibdqzuvhscey81nwyfhajz3v7","2023-03-26T20:03:48Z"
"spotify:track:4dTB5aTgXnDqsYgEZPLkrC","Know It","spotify:artist:12H1Dmi64fAmmARrsyVFzy","Trip Lee","spotify:album:04pUvZNdQT3sT8jJ7Iulwr","The End.","spotify:artist:12H1Dmi64fAmmARrsyVFzy","Trip Lee","2022-03-04","https://i.scdn.co/image/ab67616d0000b27306e9a48c622c6f3b6a47f744","1","14","226917","https://p.scdn.co/mp3-preview/1069e03cbe3a71c9d9acf548b7d0ab1e0057e7fb?cid=9950ac751e34487dbbe027c4fd7f8e99","false","26","QMTND2200011","spotify:user:ibdqzuvhscey81nwyfhajz3v7","2023-04-03T17:05:10Z"
"spotify:track:6Ar166fJNtzTk9eJTApJF5","Gave It Up","spotify:artist:12H1Dmi64fAmmARrsyVFzy, spotify:artist:5uy8gLsNLU5E9dgB464PaZ","Trip Lee, Desi Raines","spotify:album:04pUvZNdQT3sT8jJ7Iulwr","The End.","spotify:artist:12H1Dmi64fAmmARrsyVFzy","Trip Lee","2022-03-04","https://i.scdn.co/image/ab67616d0000b27306e9a48c622c6f3b6a47f744","1","15","290039","https://p.scdn.co/mp3-preview/1c5e879b086feb1e6d479c7e151e0e3193b591ea?cid=9950ac751e34487dbbe027c4fd7f8e99","false","28","QMTND2200012","spotify:user:ibdqzuvhscey81nwyfhajz3v7","2023-03-26T20:04:01Z"
"spotify:track:6oyF4HUkKAlbsZTYxO9YTV","Billion Years","spotify:artist:12H1Dmi64fAmmARrsyVFzy, spotify:artist:5enXh7VYtH8x63M7coq9tJ","Trip Lee, Taylor Hill","spotify:album:1LcvdArFKzZW4SwnIUOVWf","The Waiting Room","spotify:artist:12H1Dmi64fAmmARrsyVFzy","Trip Lee","2016-12-09","https://i.scdn.co/image/ab67616d0000b2736cf4ac37bd3323b39eba74be","1","10","286662","https://p.scdn.co/mp3-preview/3b12d8d15257cef1bcfdc56165f50f6dcad72ccb?cid=9950ac751e34487dbbe027c4fd7f8e99","false","31","QMTND1101207","spotify:user:ibdqzuvhscey81nwyfhajz3v7","2023-03-26T20:05:31Z"
