"Track URI","Track Name","Artist URI(s)","Artist Name(s)","Album URI","Album Name","Album Artist URI(s)","Album Artist Name(s)","Album Release Date","Album Image URL","Disc Number","Track Number","Track Duration (ms)","Track Preview URL","Explicit","Popularity","ISRC","Added By","Added At"
"spotify:track:4UWZyyyjF05nsXXpszqUUt","Apb","spotify:artist:1CFCsEqKrCyvAFKOATQHiW, spotify:artist:1Q45nhioxaxZTDjR0iaMWp","Lecrae, Thi'sl","spotify:album:3pUf0MTDcXjmlzDYAAPqX8","Church Clothes","spotify:artist:1CFCsEqKrCyvAFKOATQHiW","Lecrae","2013-02-26","https://i.scdn.co/image/ab67616d0000b273150825d351407a895a6490b8","1","1","220160","https://p.scdn.co/mp3-preview/e2ed6b71ea3d8eedac05df7026e6ad3ad766ddca?cid=9950ac751e34487dbbe027c4fd7f8e99","false","27","QMTND1100072","spotify:user:ibdqzuvhscey81nwyfhajz3v7","2023-03-30T19:08:59Z"
"spotify:track:47Cwrw44wIcOPTmyrmD3Dc","Church Clothes","spotify:artist:1CFCsEqKrCyvAFKOATQHiW","Lecrae","spotify:album:0dr5w9NS2dKm9MgjB6ZtOm","Church Clothes","spotify:artist:1CFCsEqKrCyvAFKOATQHiW","Lecrae","2018-05-10","https://i.scdn.co/image/ab67616d0000b273ca168d6d5b034e657393cf73","1","1","159627","https://p.scdn.co/mp3-preview/e9082f15d789b8c32d9b9b353ccfbffebc5a8254?cid=9950ac751e34487dbbe027c4fd7f8e99","false","25","QMTND2200152","spotify:user:ibdqzuvhscey81nwyfhajz3v7","2023-03-30T19:09:10Z"
"spotify:track:29VadhjOlJBw8D7iIn0CfG","Spazz","spotify:artist:1CFCsEqKrCyvAFKOATQHiW","Lecrae","spotify:album:3pUf0MTDcXjmlzDYAAPqX8","Church Clothes","spotify:artist:1CFCsEqKrCyvAFKOATQHiW","Lecrae","2013-02-26","https://i.scdn.co/image/ab67616d0000b273150825d351407a895a6490b8","1","6","215248","https://p.scdn.co/mp3-preview/2dee281d20dc6d48c11fc58f7c40107fe74cb471?cid=9950ac751e34487dbbe027c4fd7f8e99","false","27","QMTND1100077","spotify:user:ibdqzuvhscey81nwyfhajz3v7","2023-03-30T19:09:13Z"
"spotify:track:3UOamxOgCEB9d3zkzeJQ3N","Rejects","spotify:artist:1CFCsEqKrCyvAFKOATQHiW, spotify:artist:0gOMnWbGP52F3paKcp5Ts2","Lecrae, Christon Gray","spotify:album:3pUf0MTDcXjmlzDYAAPqX8","Church Clothes","spotify:artist:1CFCsEqKrCyvAFKOATQHiW","Lecrae","2013-02-26","https://i.scdn.co/image/ab67616d0000b273150825d351407a895a6490b8","1","7","211121","https://p.scdn.co/mp3-preview/e4f18dc15b193effc495fc0d1ed05b6e2d357d20?cid=9950ac751e34487dbbe027c4fd7f8e99","false","25","QMTND1100078","spotify:user:ibdqzuvhscey81nwyfhajz3v7","2023-03-30T19:09:28Z"
"spotify:track:7aH29xbrHlr34lYQzyGbBT","No Regrets","spotify:artist:1CFCsEqKrCyvAFKOATQHiW, spotify:artist:5f4TpQdpCTgE1nmUpy2Sqx","Lecrae, Suzy Rock","spotify:album:3pUf0MTDcXjmlzDYAAPqX8","Church Clothes","spotify:artist:1CFCsEqKrCyvAFKOATQHiW","Lecrae","2013-02-26","https://i.scdn.co/image/ab67616d0000b273150825d351407a895a6490b8","1","3","216711","https://p.scdn.co/mp3-preview/eb2daca799c097257fcf7f17858a412c272b4720?cid=9950ac751e34487dbbe027c4fd7f8e99","false","23","QMTND1100074","spotify:user:ibdqzuvhscey81nwyfhajz3v7","2023-03-30T19:09:23Z"
"spotify:track:1f05Qj94S17VYQjtYzvI9W","If I Die Tonight","spotify:artist:1CFCsEqKrCyvAFKOATQHiW, spotify:artist:4qWg5jeP68UR6en7nZnZ2i","Lecrae, Novel","spotify:album:2BAl6epLsZnFhbC4eWTx6A","Church Clothes 2","spotify:artist:1CFCsEqKrCyvAFKOATQHiW","Lecrae","2013-11-08","https://i.scdn.co/image/ab67616d0000b273de1448763d40164a73a43ef4","1","16","219307","https://p.scdn.co/mp3-preview/5b9ee7d255f72186d1aed39af5103dc4fdfaa32e?cid=9950ac751e34487dbbe027c4fd7f8e99","false","33","QMTND1100162","spotify:user:ibdqzuvhscey81nwyfhajz3v7","2023-04-03T14:03:21Z"
"spotify:track:3fPXy3uO03waaX4fK81may","Outsiders","spotify:artist:1CFCsEqKrCyvAFKOATQHiW","Lecrae","spotify:album:1FmEXQXOH6QEDbbJN2OCC9","Anomaly","spotify:artist:1CFCsEqKrCyvAFKOATQHiW","Lecrae","2014-09-09","https://i.scdn.co/image/ab67616d0000b273dbeb8232540fce855aab2154","1","1","287353","https://p.scdn.co/mp3-preview/4ffa5dba0ec8c7c0e9fec39b117f3fb703d034c7?cid=9950ac751e34487dbbe027c4fd7f8e99","false","35","QMTND1100197","spotify:user:ibdqzuvhscey81nwyfhajz3v7","2023-04-11T04:35:50Z"
"spotify:track:2XuMkXnhQVo8eU1rqrdiZH","Dirt","spotify:artist:1CFCsEqKrCyvAFKOATQHiW","Lecrae","spotify:album:4GnEecDMWGwbCKsd3KTFny","Church Clothes 4","spotify:artist:1CFCsEqKrCyvAFKOATQHiW","Lecrae","2022-11-04","https://i.scdn.co/image/ab67616d0000b273a558f3fced5e4f2af766cd94","1","3","177752","https://p.scdn.co/mp3-preview/6f0b84301b80b9c28a7a525bfba108a8f795b0ab?cid=9950ac751e34487dbbe027c4fd7f8e99","false","44","QMTND2200193","spotify:user:ibdqzuvhscey81nwyfhajz3v7","2023-03-30T19:06:34Z"
"spotify:track:05BVRn8zyr2xhLz2V4IdZV","EZ","spotify:artist:77IKXFvO7SpWrq8hflrUXc","KB","spotify:album:1sus1FubvrFW0FOg1F2YCZ","EZ","spotify:artist:77IKXFvO7SpWrq8hflrUXc","KB","2023-03-17","https://i.scdn.co/image/ab67616d0000b273b10ab8b0d3135011aa9a5c79","1","1","181163","https://p.scdn.co/mp3-preview/7c1337973f1e9c3e08acaabbd9ae490b55aa6495?cid=9950ac751e34487dbbe027c4fd7f8e99","false","57","USA5W2200907","spotify:user:ibdqzuvhscey81nwyfhajz3v7","2023-03-30T19:03:08Z"
"spotify:track:0RPgPDZ7hoAJRyaS7uTF3y","Any Attack","spotify:artist:1CFCsEqKrCyvAFKOATQHiW, spotify:artist:6CQGrt3AJ2gx5oMSR0mwbl","Lecrae, 1K Phew","spotify:album:4ExHApgVElRUkAatEQYFgg","Any Attack","spotify:artist:1CFCsEqKrCyvAFKOATQHiW, spotify:artist:6CQGrt3AJ2gx5oMSR0mwbl","Lecrae, 1K Phew","2022-07-08","https://i.scdn.co/image/ab67616d0000b2738b1915a4a322ddc64c1cd65f","1","1","113051","https://p.scdn.co/mp3-preview/c9b26a9e9cfa3bb1e3d1d1b37f6936dfdafb0de3?cid=9950ac751e34487dbbe027c4fd7f8e99","false","54","QMTND2200057","spotify:user:ibdqzuvhscey81nwyfhajz3v7","2023-03-30T19:05:37Z"
"spotify:track:7A2dius6RtCZDWbJmNe6gQ","Broke","spotify:artist:1CFCsEqKrCyvAFKOATQHiW","Lecrae","spotify:album:5DPZqC3ySZkJClCvZlIq6K","All Things Work Together","spotify:artist:1CFCsEqKrCyvAFKOATQHiW","Lecrae","2017-09-22","https://i.scdn.co/image/ab67616d0000b273b138ac1dc14bc1ee426e9383","1","3","179880","https://p.scdn.co/mp3-preview/f0f34d31815e5a6a581c2c9f7bb4c6d4153c6b37?cid=9950ac751e34487dbbe027c4fd7f8e99","false","44","USSM11704707","spotify:user:ibdqzuvhscey81nwyfhajz3v7","2023-03-30T18:54:44Z"
"spotify:track:1P3frhEyo1uLvIj7RdFoX4","Come and Get Me","spotify:artist:1CFCsEqKrCyvAFKOATQHiW","Lecrae","spotify:album:5DPZqC3ySZkJClCvZlIq6K","All Things Work Together","spotify:artist:1CFCsEqKrCyvAFKOATQHiW","Lecrae","2017-09-22","https://i.scdn.co/image/ab67616d0000b273b138ac1dc14bc1ee426e9383","1","7","252520","https://p.scdn.co/mp3-preview/d4d31e98e8bed3e1c09a13531ae69be8c2ce9ef5?cid=9950ac751e34487dbbe027c4fd7f8e99","false","37","USSM11706193","spotify:user:ibdqzuvhscey81nwyfhajz3v7","2023-03-30T18:54:48Z"
"spotify:track:3Rmc1J4r9rG60101cOGg5B","Get Back Right","spotify:artist:1CFCsEqKrCyvAFKOATQHiW, spotify:artist:1mceaxtjWdEmwoDVAlkC41","Lecrae, Zaytoven","spotify:album:1oDkUnjCBAHsaQtr0J0s3t","Let the Trap Say Amen","spotify:artist:1CFCsEqKrCyvAFKOATQHiW, spotify:artist:1mceaxtjWdEmwoDVAlkC41","Lecrae, Zaytoven","2018-06-22","https://i.scdn.co/image/ab67616d0000b2739d4ee0a18ce6768c68e90df4","1","1","185946","https://p.scdn.co/mp3-preview/e12147b05ba53890345fccca6945fdb5a7640321?cid=9950ac751e34487dbbe027c4fd7f8e99","false","46","QMTND1101521","spotify:user:ibdqzuvhscey81nwyfhajz3v7","2023-03-30T18:54:51Z"
"spotify:track:5Iu4ApG4V5cQBH7F3uSJHK","Yet","spotify:artist:1CFCsEqKrCyvAFKOATQHiW, spotify:artist:1mceaxtjWdEmwoDVAlkC41","Lecrae, Zaytoven","spotify:album:1oDkUnjCBAHsaQtr0J0s3t","Let the Trap Say Amen","spotify:artist:1CFCsEqKrCyvAFKOATQHiW, spotify:artist:1mceaxtjWdEmwoDVAlkC41","Lecrae, Zaytoven","2018-06-22","https://i.scdn.co/image/ab67616d0000b2739d4ee0a18ce6768c68e90df4","1","8","192487","https://p.scdn.co/mp3-preview/7de2edc34ca4cfb52fe9fb859e7d6afe18688257?cid=9950ac751e34487dbbe027c4fd7f8e99","false","30","QMTND1101528","spotify:user:ibdqzuvhscey81nwyfhajz3v7","2023-03-30T18:54:53Z"
"spotify:track:6shFkak0FGApKuDRp58tQU","Set Me Free","spotify:artist:1CFCsEqKrCyvAFKOATQHiW, spotify:artist:7meyrw7Or5DwteYxDJrkCM","Lecrae, YK Osiris","spotify:album:5Sskfr26AzgFTIeEYrQ4CP","Restoration: The Deluxe Album","spotify:artist:1CFCsEqKrCyvAFKOATQHiW","Lecrae","2020-11-13","https://i.scdn.co/image/ab67616d0000b2730637e220364273ad94d226f1","1","2","177474","https://p.scdn.co/mp3-preview/d8fb3a6fb40a6709ffb0ed4987849c506492b30e?cid=9950ac751e34487dbbe027c4fd7f8e99","false","33","USSM12001441","spotify:user:ibdqzuvhscey81nwyfhajz3v7","2023-03-30T19:02:29Z"
"spotify:track:2cm4OitbVfeCsb08pKuRwB","Deep End","spotify:artist:1CFCsEqKrCyvAFKOATQHiW","Lecrae","spotify:album:5Sskfr26AzgFTIeEYrQ4CP","Restoration: The Deluxe Album","spotify:artist:1CFCsEqKrCyvAFKOATQHiW","Lecrae","2020-11-13","https://i.scdn.co/image/ab67616d0000b2730637e220364273ad94d226f1","1","6","160419","https://p.scdn.co/mp3-preview/542d0dcce1f1b8c06009e06357b6870359a5bd70?cid=9950ac751e34487dbbe027c4fd7f8e99","false","31","QMTND2000108","spotify:user:ibdqzuvhscey81nwyfhajz3v7","2023-03-30T18:55:00Z"
"spotify:track:1eU3EhUwOa4a3qCM45HogQ","Restored","spotify:artist:1CFCsEqKrCyvAFKOATQHiW, spotify:artist:6CQGrt3AJ2gx5oMSR0mwbl, spotify:artist:0GdzQJqgRL5SHp7kXOKba0, spotify:artist:3zSrc5vUlUxyDdS0KrxFJO","Lecrae, 1K Phew, Wande, Hulvey","spotify:album:5Sskfr26AzgFTIeEYrQ4CP","Restoration: The Deluxe Album","spotify:artist:1CFCsEqKrCyvAFKOATQHiW","Lecrae","2020-11-13","https://i.scdn.co/image/ab67616d0000b2730637e220364273ad94d226f1","1","19","276584","https://p.scdn.co/mp3-preview/aa4789b4e56be8ecab1a49b497e0a08cdab2c423?cid=9950ac751e34487dbbe027c4fd7f8e99","false","54","QMTND2000210","spotify:user:ibdqzuvhscey81nwyfhajz3v7","2023-03-30T18:55:04Z"
"spotify:track:3LYvesXcAzUfxysCk6eHf9","WILDIN","spotify:artist:1CFCsEqKrCyvAFKOATQHiW, spotify:artist:6CQGrt3AJ2gx5oMSR0mwbl","Lecrae, 1K Phew","spotify:album:2Xk39wTH3BV3VHoUKLvrJZ","No Church In A While","spotify:artist:1CFCsEqKrCyvAFKOATQHiW, spotify:artist:6CQGrt3AJ2gx5oMSR0mwbl","Lecrae, 1K Phew","2021-12-03","https://i.scdn.co/image/ab67616d0000b2733ddf6074f97c4487a4a3c85d","1","1","183733","https://p.scdn.co/mp3-preview/e6faab31705acd713b496c371c4407a469c21e6f?cid=9950ac751e34487dbbe027c4fd7f8e99","false","48","QMTND2100152","spotify:user:ibdqzuvhscey81nwyfhajz3v7","2023-03-30T18:53:08Z"
"spotify:track:5QgQeBU5kzNL93xWBfAoj6","Hammer Time (feat. 1K Phew)","spotify:artist:1CFCsEqKrCyvAFKOATQHiW, spotify:artist:6CQGrt3AJ2gx5oMSR0mwbl","Lecrae, 1K Phew","spotify:album:5DPZqC3ySZkJClCvZlIq6K","All Things Work Together","spotify:artist:1CFCsEqKrCyvAFKOATQHiW","Lecrae","2017-09-22","https://i.scdn.co/image/ab67616d0000b273b138ac1dc14bc1ee426e9383","1","6","214120","https://p.scdn.co/mp3-preview/da8a0a837e5d9bee35b637edd58ddfe202933709?cid=9950ac751e34487dbbe027c4fd7f8e99","false","44","USSM11704469","spotify:user:ibdqzuvhscey81nwyfhajz3v7","2023-03-30T18:54:46Z"
"spotify:track:3WRgVyCZPM4pp1ovZV0plh","MOVE","spotify:artist:1CFCsEqKrCyvAFKOATQHiW, spotify:artist:6CQGrt3AJ2gx5oMSR0mwbl","Lecrae, 1K Phew","spotify:album:2Xk39wTH3BV3VHoUKLvrJZ","No Church In A While","spotify:artist:1CFCsEqKrCyvAFKOATQHiW, spotify:artist:6CQGrt3AJ2gx5oMSR0mwbl","Lecrae, 1K Phew","2021-12-03","https://i.scdn.co/image/ab67616d0000b2733ddf6074f97c4487a4a3c85d","1","3","136942","https://p.scdn.co/mp3-preview/2e5ef5e4a449520785798c71cf1f4cfe9756eb99?cid=9950ac751e34487dbbe027c4fd7f8e99","false","46","QMTND2100165","spotify:user:ibdqzuvhscey81nwyfhajz3v7","2023-03-30T18:55:09Z"
"spotify:track:72rOmShtkTBhVWVnFgX5Mq","Can’t Tell It All (Remix)","spotify:artist:3zSrc5vUlUxyDdS0KrxFJO, spotify:artist:77IKXFvO7SpWrq8hflrUXc, spotify:artist:1CFCsEqKrCyvAFKOATQHiW","Hulvey, KB, Lecrae","spotify:album:3toOfQlIuOYJKrrbp5o9ix","Can’t Tell It All (Remix)","spotify:artist:3zSrc5vUlUxyDdS0KrxFJO, spotify:artist:77IKXFvO7SpWrq8hflrUXc, spotify:artist:1CFCsEqKrCyvAFKOATQHiW","Hulvey, KB, Lecrae","2021-11-05","https://i.scdn.co/image/ab67616d0000b2733b6d1bb2e6ad2f4558c0e491","1","1","191644","https://p.scdn.co/mp3-preview/adf09f7346540f9cbfabedf3a8c4c1e1ca8c876a?cid=9950ac751e34487dbbe027c4fd7f8e99","false","54","QMTND2100149","spotify:user:ibdqzuvhscey81nwyfhajz3v7","2023-03-30T18:52:43Z"
"spotify:track:2yxMDNWlGtsTes4Jbrddoi","WALK","spotify:artist:3zSrc5vUlUxyDdS0KrxFJO, spotify:artist:1CFCsEqKrCyvAFKOATQHiW","Hulvey, Lecrae","spotify:album:0FTZECay4KNTpSJ8141Eji","WALK","spotify:artist:3zSrc5vUlUxyDdS0KrxFJO, spotify:artist:1CFCsEqKrCyvAFKOATQHiW","Hulvey, Lecrae","2023-01-16","https://i.scdn.co/image/ab67616d0000b27335f50801837199889efde8d5","1","1","165972","https://p.scdn.co/mp3-preview/05f70faffcfbe23bfa0fea471096f63543df1b71?cid=9950ac751e34487dbbe027c4fd7f8e99","false","63","QMTND2300000","spotify:user:ibdqzuvhscey81nwyfhajz3v7","2023-03-30T18:55:18Z"
"spotify:track:22ZWJIDpUo9KUpTsVaHVmj","Holupwait","spotify:artist:1CFCsEqKrCyvAFKOATQHiW","Lecrae","spotify:album:02dqfwTXg1PHiHFvFuLVGC","Holupwait","spotify:artist:1CFCsEqKrCyvAFKOATQHiW","Lecrae","2021-08-13","https://i.scdn.co/image/ab67616d0000b27343e2aa7dc4c398ff024991d8","1","1","174037","https://p.scdn.co/mp3-preview/fce1195f11ec075186fc39160c82432f39483ff8?cid=9950ac751e34487dbbe027c4fd7f8e99","false","50","QMTND2100117","spotify:user:ibdqzuvhscey81nwyfhajz3v7","2023-03-30T18:53:15Z"
"spotify:track:4ihi58h10eos6quCNQzJFl","Spread The Opps","spotify:artist:1CFCsEqKrCyvAFKOATQHiW","Lecrae","spotify:album:4gtlXf58XUz10vRE4oBJbK","Spread The Opps","spotify:artist:1CFCsEqKrCyvAFKOATQHiW","Lecrae","2022-08-05","https://i.scdn.co/image/ab67616d0000b2736c32fd4910e4aacea6143e7a","1","1","181795","https://p.scdn.co/mp3-preview/5e1c76e77d8b72c49e101412394db13cdac84412?cid=9950ac751e34487dbbe027c4fd7f8e99","false","53","QMTND2200079","spotify:user:ibdqzuvhscey81nwyfhajz3v7","2023-03-30T18:53:14Z"
"spotify:track:2otmHb8X6VOEi742vj1I85","Never Give Up","spotify:artist:7tTsvTUJ7lXBezazP5jU72, spotify:artist:4zoRNhOhsGX3w8yBAnFSQ8, spotify:artist:4c6lhwoOrmgNWvl0GxHlW1","116, Paul Russell, Tedashii","spotify:album:3shC0AsV9OlJJOu0kJA7hy","Never Give Up","spotify:artist:7tTsvTUJ7lXBezazP5jU72, spotify:artist:4zoRNhOhsGX3w8yBAnFSQ8, spotify:artist:4c6lhwoOrmgNWvl0GxHlW1","116, Paul Russell, Tedashii","2021-08-13","https://i.scdn.co/image/ab67616d0000b273e4729ed96bcf74da451bf554","1","1","202431","https://p.scdn.co/mp3-preview/930eacaba6bf1b68c8345851985caa25810c9d03?cid=9950ac751e34487dbbe027c4fd7f8e99","false","35","QMTND2100112","spotify:user:ibdqzuvhscey81nwyfhajz3v7","2023-03-30T18:53:48Z"
"spotify:track:5EwTUVp2RKuf9y7RZWN4lb","Moshpit","spotify:artist:7tTsvTUJ7lXBezazP5jU72, spotify:artist:0jyLAdlvH1S5AZOly5c6TL, spotify:artist:052Mwr5vCyfzG81pUr19Kw, spotify:artist:0GdzQJqgRL5SHp7kXOKba0","116, Jaye Newton, Not Klyde, Wande","spotify:album:50fTMJJW8fcg4zshoIw8rA","Moshpit","spotify:artist:7tTsvTUJ7lXBezazP5jU72, spotify:artist:0jyLAdlvH1S5AZOly5c6TL","116, Jaye Newton","2021-08-13","https://i.scdn.co/image/ab67616d0000b2730d531c4602cfcc67f35cf464","1","1","189500","https://p.scdn.co/mp3-preview/7485172e5c825eff94240d8387b099c8659784f7?cid=9950ac751e34487dbbe027c4fd7f8e99","false","36","QMTND2100116","spotify:user:ibdqzuvhscey81nwyfhajz3v7","2023-03-30T18:53:50Z"
"spotify:track:6YRxvJkHC9uouOP7kGCh2c","Hectic","spotify:artist:7tTsvTUJ7lXBezazP5jU72, spotify:artist:1lklT6lHzwo3ZOJpDVoLyH, spotify:artist:3zSrc5vUlUxyDdS0KrxFJO","116, Tj Carroll, Hulvey","spotify:album:0oDdZEjt2gd9OmKFzu9gbB","Hectic","spotify:artist:7tTsvTUJ7lXBezazP5jU72, spotify:artist:1lklT6lHzwo3ZOJpDVoLyH","116, Tj Carroll","2021-08-13","https://i.scdn.co/image/ab67616d0000b2735768ddf0fd22a5ee8d4fe945","1","1","150890","https://p.scdn.co/mp3-preview/9b77149f3831472351762c3746819e6f774c6976?cid=9950ac751e34487dbbe027c4fd7f8e99","false","46","QMTND2100123","spotify:user:ibdqzuvhscey81nwyfhajz3v7","2023-03-30T18:53:52Z"
"spotify:track:7ie5JAvjbMV3YZlQY81TgK","Teslar","spotify:artist:7wrWSJHfACjw7s7gYXOXTt, spotify:artist:3zSrc5vUlUxyDdS0KrxFJO","BigBreeze, Hulvey","spotify:album:6BVZcct6mZRKOUiJEJxSCr","Teslar","spotify:artist:7wrWSJHfACjw7s7gYXOXTt, spotify:artist:3zSrc5vUlUxyDdS0KrxFJO","BigBreeze, Hulvey","2021-08-13","https://i.scdn.co/image/ab67616d0000b27317bd97b26acab8ae58158f72","1","1","192780","https://p.scdn.co/mp3-preview/5670f422f018fbccf4e3b232fb224097be225eed?cid=9950ac751e34487dbbe027c4fd7f8e99","false","41","QMTND2100108","spotify:user:ibdqzuvhscey81nwyfhajz3v7","2023-03-30T18:53:53Z"
"spotify:track:13FOU1pHPax6NNzrmrcvs2","Amen Again","spotify:artist:6CQGrt3AJ2gx5oMSR0mwbl, spotify:artist:1CFCsEqKrCyvAFKOATQHiW, spotify:artist:12H1Dmi64fAmmARrsyVFzy","1K Phew, Lecrae, Trip Lee","spotify:album:1M0VIXPymzW0uscfSIRHUr","As I Am","spotify:artist:6CQGrt3AJ2gx5oMSR0mwbl","1K Phew","2022-10-07","https://i.scdn.co/image/ab67616d0000b273776354df057f3cd583d8a6d3","1","11","180060","https://p.scdn.co/mp3-preview/06ffa72388cf087ab38dc6c5f39aaae9eca6f883?cid=9950ac751e34487dbbe027c4fd7f8e99","false","33","QMTND2200135","spotify:user:ibdqzuvhscey81nwyfhajz3v7","2023-03-30T18:55:16Z"
"spotify:track:5pvD24l2AGbMYiXQuNm7yK","Praying Hands (Remix)","spotify:artist:419NjKezGEJOVPtiymCp2p, spotify:artist:12H1Dmi64fAmmARrsyVFzy","Ty Brasel, Trip Lee","spotify:album:1KLFRyJkuCgQJPp874cNpa","Praying Hands (Remix)","spotify:artist:419NjKezGEJOVPtiymCp2p, spotify:artist:12H1Dmi64fAmmARrsyVFzy","Ty Brasel, Trip Lee","2018-05-11","https://i.scdn.co/image/ab67616d0000b2733f2a916118f8cabaea31e4dd","1","1","217296","https://p.scdn.co/mp3-preview/cc25d1b80a933b8ec48c67bf4f315d5eccb2a5f8?cid=9950ac751e34487dbbe027c4fd7f8e99","false","28","USM1C1800140","spotify:user:ibdqzuvhscey81nwyfhajz3v7","2023-03-30T18:53:57Z"
"spotify:track:4TA72HEJ0RtPvKgrDKC7mT","Am I...","spotify:artist:1TMrnxBwZfmfRxsGzkNIHw","Andy Mineo","spotify:album:3YB6qDZLtFID4wyBXvVSbL","Never Land II","spotify:artist:1TMrnxBwZfmfRxsGzkNIHw","Andy Mineo","2021-10-01","https://i.scdn.co/image/ab67616d0000b2739b053382ae45874afb7fff16","1","1","98026","https://p.scdn.co/mp3-preview/64c42b46f5228fe279cd5aba3ee1bc9d923d5165?cid=9950ac751e34487dbbe027c4fd7f8e99","false","38","QMTND2100095","spotify:user:ibdqzuvhscey81nwyfhajz3v7","2023-03-30T18:56:02Z"
"spotify:track:2ERaJ2D0xPDdOmKPyUPxTT","...Falling?","spotify:artist:1TMrnxBwZfmfRxsGzkNIHw","Andy Mineo","spotify:album:3YB6qDZLtFID4wyBXvVSbL","Never Land II","spotify:artist:1TMrnxBwZfmfRxsGzkNIHw","Andy Mineo","2021-10-01","https://i.scdn.co/image/ab67616d0000b2739b053382ae45874afb7fff16","1","2","125098","https://p.scdn.co/mp3-preview/9dc4d256fffcb56efda8301001d0482e29bdf4c3?cid=9950ac751e34487dbbe027c4fd7f8e99","false","51","QMTND2100096","spotify:user:ibdqzuvhscey81nwyfhajz3v7","2023-03-30T18:56:04Z"
"spotify:track:7BmwARA7tuxdIYq59xSDFf","Been About It","spotify:artist:1TMrnxBwZfmfRxsGzkNIHw, spotify:artist:1CFCsEqKrCyvAFKOATQHiW","Andy Mineo, Lecrae","spotify:album:3YB6qDZLtFID4wyBXvVSbL","Never Land II","spotify:artist:1TMrnxBwZfmfRxsGzkNIHw","Andy Mineo","2021-10-01","https://i.scdn.co/image/ab67616d0000b2739b053382ae45874afb7fff16","1","3","141894","https://p.scdn.co/mp3-preview/8179ac67316cc098b3224b3a0f8e91de7567e598?cid=9950ac751e34487dbbe027c4fd7f8e99","false","57","QMTND2100097","spotify:user:ibdqzuvhscey81nwyfhajz3v7","2023-03-30T18:56:05Z"
"spotify:track:7gdNfIqpKzAiCnclGvk07a","You Know the Drill","spotify:artist:1TMrnxBwZfmfRxsGzkNIHw, spotify:artist:0AKzJfX9rdEu8WOqeBLEaO, spotify:artist:3Sv0RnybkUFxZfPJJlSV2x","Andy Mineo, Wordsplayed, Magic & Bird","spotify:album:3YB6qDZLtFID4wyBXvVSbL","Never Land II","spotify:artist:1TMrnxBwZfmfRxsGzkNIHw","Andy Mineo","2021-10-01","https://i.scdn.co/image/ab67616d0000b2739b053382ae45874afb7fff16","1","4","197519","https://p.scdn.co/mp3-preview/6f942095af33ab5eefbbc79ded85f293f744518e?cid=9950ac751e34487dbbe027c4fd7f8e99","false","51","QMTND2100098","spotify:user:ibdqzuvhscey81nwyfhajz3v7","2023-03-30T18:56:07Z"
"spotify:track:3Qn0mv9MQjPk6Y3mI0jFVl","Coming in Hot","spotify:artist:1TMrnxBwZfmfRxsGzkNIHw, spotify:artist:1CFCsEqKrCyvAFKOATQHiW","Andy Mineo, Lecrae","spotify:album:3YB6qDZLtFID4wyBXvVSbL","Never Land II","spotify:artist:1TMrnxBwZfmfRxsGzkNIHw","Andy Mineo","2021-10-01","https://i.scdn.co/image/ab67616d0000b2739b053382ae45874afb7fff16","1","14","200168","https://p.scdn.co/mp3-preview/23a8fbad98c4f0ac53a9c028b0218ee84931cbea?cid=9950ac751e34487dbbe027c4fd7f8e99","false","57","QMTND1101558","spotify:user:ibdqzuvhscey81nwyfhajz3v7","2023-03-30T18:56:58Z"
"spotify:track:2SvSb2o2Qsm6CWkHrhBxJI","Good Lord","spotify:artist:1CFCsEqKrCyvAFKOATQHiW, spotify:artist:1TMrnxBwZfmfRxsGzkNIHw","Lecrae, Andy Mineo","spotify:album:45xopJH4y7YpIHmogMMLD7","Church Clothes 4: Dry Clean Only","spotify:artist:1CFCsEqKrCyvAFKOATQHiW","Lecrae","2023-02-24","https://i.scdn.co/image/ab67616d0000b2737335fcc94b50cf5b57f2da71","1","6","187258","https://p.scdn.co/mp3-preview/3f44d14d286751e827a21a2fdd418e32d32365ac?cid=9950ac751e34487dbbe027c4fd7f8e99","false","38","QMTND2200196","spotify:user:ibdqzuvhscey81nwyfhajz3v7","2023-03-30T18:55:54Z"
"spotify:track:7Lg6d8ii0EXRqPLsgVjAaa","Can You Hear Me Now?","spotify:artist:1CFCsEqKrCyvAFKOATQHiW, spotify:artist:23rK0hajv5ix2yPM4IIgOo","Lecrae, D Smoke","spotify:album:45xopJH4y7YpIHmogMMLD7","Church Clothes 4: Dry Clean Only","spotify:artist:1CFCsEqKrCyvAFKOATQHiW","Lecrae","2023-02-24","https://i.scdn.co/image/ab67616d0000b2737335fcc94b50cf5b57f2da71","1","16","180221","https://p.scdn.co/mp3-preview/4c62e23aa2e39aed8f02037c1bd66b59ac43e99f?cid=9950ac751e34487dbbe027c4fd7f8e99","false","51","QMTND2300025","spotify:user:ibdqzuvhscey81nwyfhajz3v7","2023-03-30T18:55:26Z"
"spotify:track:643M5oThn8aIkSZ0haooWZ","Let Go","spotify:artist:12H1Dmi64fAmmARrsyVFzy","Trip Lee","spotify:album:04pUvZNdQT3sT8jJ7Iulwr","The End.","spotify:artist:12H1Dmi64fAmmARrsyVFzy","Trip Lee","2022-03-04","https://i.scdn.co/image/ab67616d0000b27306e9a48c622c6f3b6a47f744","1","1","137576","https://p.scdn.co/mp3-preview/aaa997d7e142b0201568b16e00a48fc15b47a220?cid=9950ac751e34487dbbe027c4fd7f8e99","false","33","QMTND2200002","spotify:user:ibdqzuvhscey81nwyfhajz3v7","2023-03-30T18:58:58Z"
"spotify:track:2ZFnkQzc6rWJ9HhRDoeEbq","Right Out The Gate","spotify:artist:12H1Dmi64fAmmARrsyVFzy","Trip Lee","spotify:album:04pUvZNdQT3sT8jJ7Iulwr","The End.","spotify:artist:12H1Dmi64fAmmARrsyVFzy","Trip Lee","2022-03-04","https://i.scdn.co/image/ab67616d0000b27306e9a48c622c6f3b6a47f744","1","2","177613","https://p.scdn.co/mp3-preview/2a6a70ade594b3ca648cb16834319969675c9581?cid=9950ac751e34487dbbe027c4fd7f8e99","false","41","QMTND2200001","spotify:user:ibdqzuvhscey81nwyfhajz3v7","2023-03-30T18:59:00Z"
"spotify:track:148EvxZg9NiPKOI5MoeSWn","Homecoming","spotify:artist:12H1Dmi64fAmmARrsyVFzy","Trip Lee","spotify:album:04pUvZNdQT3sT8jJ7Iulwr","The End.","spotify:artist:12H1Dmi64fAmmARrsyVFzy","Trip Lee","2022-03-04","https://i.scdn.co/image/ab67616d0000b27306e9a48c622c6f3b6a47f744","1","4","159416","https://p.scdn.co/mp3-preview/70642ba49b612ab45ae0320849ee5404e16f7321?cid=9950ac751e34487dbbe027c4fd7f8e99","false","39","QMTND2200003","spotify:user:ibdqzuvhscey81nwyfhajz3v7","2023-03-30T18:59:02Z"
"spotify:track:6SaepreDfLRTaKqHPr7xFw","Witness","spotify:artist:12H1Dmi64fAmmARrsyVFzy, spotify:artist:6YgYm3f9ifsz4OwQt8jql7, spotify:artist:0GdzQJqgRL5SHp7kXOKba0","Trip Lee, WHATUPRG, Wande","spotify:album:04pUvZNdQT3sT8jJ7Iulwr","The End.","spotify:artist:12H1Dmi64fAmmARrsyVFzy","Trip Lee","2022-03-04","https://i.scdn.co/image/ab67616d0000b27306e9a48c622c6f3b6a47f744","1","5","196674","https://p.scdn.co/mp3-preview/105224c5d1959dd34ab0c3d1c1b9fd806e966745?cid=9950ac751e34487dbbe027c4fd7f8e99","false","39","QMTND2200004","spotify:user:ibdqzuvhscey81nwyfhajz3v7","2023-03-30T18:59:05Z"
"spotify:track:5m7jHBWYoNvOlyQZNQAB6V","Put Your Weapon Down","spotify:artist:12H1Dmi64fAmmARrsyVFzy","Trip Lee","spotify:album:04pUvZNdQT3sT8jJ7Iulwr","The End.","spotify:artist:12H1Dmi64fAmmARrsyVFzy","Trip Lee","2022-03-04","https://i.scdn.co/image/ab67616d0000b27306e9a48c622c6f3b6a47f744","1","6","260245","https://p.scdn.co/mp3-preview/dd4446c210e958bd613e8013bac21bf555a3fdaf?cid=9950ac751e34487dbbe027c4fd7f8e99","false","30","QMTND2200005","spotify:user:ibdqzuvhscey81nwyfhajz3v7","2023-03-30T18:59:07Z"
"spotify:track:5XBGxROlpdJYueRfu9C4hO","Wake Up","spotify:artist:12H1Dmi64fAmmARrsyVFzy, spotify:artist:77IKXFvO7SpWrq8hflrUXc","Trip Lee, KB","spotify:album:04pUvZNdQT3sT8jJ7Iulwr","The End.","spotify:artist:12H1Dmi64fAmmARrsyVFzy","Trip Lee","2022-03-04","https://i.scdn.co/image/ab67616d0000b27306e9a48c622c6f3b6a47f744","1","12","216586","https://p.scdn.co/mp3-preview/3fad4d83bdd4a0f82c8313d24b5b298473c94db7?cid=9950ac751e34487dbbe027c4fd7f8e99","false","43","QMTND2200010","spotify:user:ibdqzuvhscey81nwyfhajz3v7","2023-03-30T18:59:16Z"
"spotify:track:4dTB5aTgXnDqsYgEZPLkrC","Know It","spotify:artist:12H1Dmi64fAmmARrsyVFzy","Trip Lee","spotify:album:04pUvZNdQT3sT8jJ7Iulwr","The End.","spotify:artist:12H1Dmi64fAmmARrsyVFzy","Trip Lee","2022-03-04","https://i.scdn.co/image/ab67616d0000b27306e9a48c622c6f3b6a47f744","1","14","226917","https://p.scdn.co/mp3-preview/1069e03cbe3a71c9d9acf548b7d0ab1e0057e7fb?cid=9950ac751e34487dbbe027c4fd7f8e99","false","26","QMTND2200011","spotify:user:ibdqzuvhscey81nwyfhajz3v7","2023-03-30T18:59:19Z"
"spotify:track:7FI7GNuJNfWOEksx6quz1e","All Mine","spotify:artist:12H1Dmi64fAmmARrsyVFzy, spotify:artist:5enXh7VYtH8x63M7coq9tJ","Trip Lee, Taylor Hill","spotify:album:04pUvZNdQT3sT8jJ7Iulwr","The End.","spotify:artist:12H1Dmi64fAmmARrsyVFzy","Trip Lee","2022-03-04","https://i.scdn.co/image/ab67616d0000b27306e9a48c622c6f3b6a47f744","1","7","213983","https://p.scdn.co/mp3-preview/da6b6a63b5996d3d5f040dec8cd01297d6b059b6?cid=9950ac751e34487dbbe027c4fd7f8e99","false","29","QMTND2200006","spotify:user:ibdqzuvhscey81nwyfhajz3v7","2023-03-30T18:52:52Z"
"spotify:track:3QyeKVdtt8EC75VL5djtgq","Call It Life","spotify:artist:12H1Dmi64fAmmARrsyVFzy","Trip Lee","spotify:album:04pUvZNdQT3sT8jJ7Iulwr","The End.","spotify:artist:12H1Dmi64fAmmARrsyVFzy","Trip Lee","2022-03-04","https://i.scdn.co/image/ab67616d0000b27306e9a48c622c6f3b6a47f744","1","11","246454","https://p.scdn.co/mp3-preview/7e526f8e75924ae7e3cf4459cf3761ae7b13960b?cid=9950ac751e34487dbbe027c4fd7f8e99","false","27","QMTND2200009","spotify:user:ibdqzuvhscey81nwyfhajz3v7","2023-03-30T18:59:14Z"
"spotify:track:6Ar166fJNtzTk9eJTApJF5","Gave It Up","spotify:artist:12H1Dmi64fAmmARrsyVFzy, spotify:artist:5uy8gLsNLU5E9dgB464PaZ","Trip Lee, Desi Raines","spotify:album:04pUvZNdQT3sT8jJ7Iulwr","The End.","spotify:artist:12H1Dmi64fAmmARrsyVFzy","Trip Lee","2022-03-04","https://i.scdn.co/image/ab67616d0000b27306e9a48c622c6f3b6a47f744","1","15","290039","https://p.scdn.co/mp3-preview/1c5e879b086feb1e6d479c7e151e0e3193b591ea?cid=9950ac751e34487dbbe027c4fd7f8e99","false","28","QMTND2200012","spotify:user:ibdqzuvhscey81nwyfhajz3v7","2023-03-30T18:52:55Z"
