"Track URI","Track Name","Artist URI(s)","Artist Name(s)","Album URI","Album Name","Album Artist URI(s)","Album Artist Name(s)","Album Release Date","Album Image URL","Disc Number","Track Number","Track Duration (ms)","Track Preview URL","Explicit","Popularity","ISRC","Added By","Added At"
"spotify:track:3Rmc1J4r9rG60101cOGg5B","Get Back Right","spotify:artist:1CFCsEqKrCyvAFKOATQHiW, spotify:artist:1mceaxtjWdEmwoDVAlkC41","Lecrae, Zaytoven","spotify:album:1oDkUnjCBAHsaQtr0J0s3t","Let the Trap Say Amen","spotify:artist:1CFCsEqKrCyvAFKOATQHiW, spotify:artist:1mceaxtjWdEmwoDVAlkC41","Lecrae, Zaytoven","2018-06-22","https://i.scdn.co/image/ab67616d0000b2739d4ee0a18ce6768c68e90df4","1","1","185946","https://p.scdn.co/mp3-preview/e12147b05ba53890345fccca6945fdb5a7640321?cid=9950ac751e34487dbbe027c4fd7f8e99","false","46","QMTND1101521","spotify:user:ibdqzuvhscey81nwyfhajz3v7","2022-11-15T17:23:07Z"
"spotify:track:1oEPa4o4yRCKNPVD0PVUkW","Respect My Team","spotify:artist:4c6lhwoOrmgNWvl0GxHlW1, spotify:artist:12H1Dmi64fAmmARrsyVFzy, spotify:artist:1CFCsEqKrCyvAFKOATQHiW","Tedashii, Trip Lee, Lecrae","spotify:album:1d7o2fV8QVIxvIDYGlRLxe","Respect My Team","spotify:artist:4c6lhwoOrmgNWvl0GxHlW1, spotify:artist:12H1Dmi64fAmmARrsyVFzy, spotify:artist:1CFCsEqKrCyvAFKOATQHiW","Tedashii, Trip Lee, Lecrae","2022-06-24","https://i.scdn.co/image/ab67616d0000b273b26275a0f4a4bfd29b924fec","1","1","227741","https://p.scdn.co/mp3-preview/adc51e503c22691321a643fbcfe1ad54820b82f7?cid=9950ac751e34487dbbe027c4fd7f8e99","false","48","QMTND2200049","spotify:user:ibdqzuvhscey81nwyfhajz3v7","2022-11-15T17:23:00Z"
"spotify:track:7KC13bS7eUYeXcRXvfYhAy","God Flex","spotify:artist:4c6lhwoOrmgNWvl0GxHlW1, spotify:artist:12H1Dmi64fAmmARrsyVFzy","Tedashii, Trip Lee","spotify:album:6lp34X38buB3Rl6u2zh5g1","Never Fold","spotify:artist:4c6lhwoOrmgNWvl0GxHlW1","Tedashii","2019-03-08","https://i.scdn.co/image/ab67616d0000b273cd14359eed7e6b274cb247aa","1","2","209311","https://p.scdn.co/mp3-preview/266b16deb68503a0af37b71f457c5674ba465c20?cid=9950ac751e34487dbbe027c4fd7f8e99","false","43","QMTND1101656","spotify:user:ibdqzuvhscey81nwyfhajz3v7","2022-11-16T07:56:41Z"
"spotify:track:4ds41ycY4UZaxApauzIg40","You Got It","spotify:artist:12H1Dmi64fAmmARrsyVFzy","Trip Lee","spotify:album:4nJWzgMLcYpNdrjVDO5g81","You Got It","spotify:artist:12H1Dmi64fAmmARrsyVFzy","Trip Lee","2021-08-13","https://i.scdn.co/image/ab67616d0000b2739a018cdbe9aa62fe810adb40","1","1","252488","https://p.scdn.co/mp3-preview/be48a97b235dd2a7b7a5accde57d6ecad187a341?cid=9950ac751e34487dbbe027c4fd7f8e99","false","37","QMTND2100122","spotify:user:ibdqzuvhscey81nwyfhajz3v7","2023-01-03T05:59:37Z"
"spotify:track:2ZFnkQzc6rWJ9HhRDoeEbq","Right Out The Gate","spotify:artist:12H1Dmi64fAmmARrsyVFzy","Trip Lee","spotify:album:04pUvZNdQT3sT8jJ7Iulwr","The End.","spotify:artist:12H1Dmi64fAmmARrsyVFzy","Trip Lee","2022-03-04","https://i.scdn.co/image/ab67616d0000b27306e9a48c622c6f3b6a47f744","1","2","177613","https://p.scdn.co/mp3-preview/2a6a70ade594b3ca648cb16834319969675c9581?cid=9950ac751e34487dbbe027c4fd7f8e99","false","41","QMTND2200001","spotify:user:ibdqzuvhscey81nwyfhajz3v7","2022-11-15T17:23:04Z"
"spotify:track:0YD8n8i2csyzspZbA7AdAc","Still Unashamed","spotify:artist:12H1Dmi64fAmmARrsyVFzy, spotify:artist:4c6lhwoOrmgNWvl0GxHlW1","Trip Lee, Tedashii","spotify:album:1LcvdArFKzZW4SwnIUOVWf","The Waiting Room","spotify:artist:12H1Dmi64fAmmARrsyVFzy","Trip Lee","2016-12-09","https://i.scdn.co/image/ab67616d0000b2736cf4ac37bd3323b39eba74be","1","6","274719","https://p.scdn.co/mp3-preview/3bb5c2fa35809c0b79316fb6ddc6e75c088898b2?cid=9950ac751e34487dbbe027c4fd7f8e99","false","32","QMTND1101203","spotify:user:ibdqzuvhscey81nwyfhajz3v7","2023-01-03T04:46:11Z"
"spotify:track:56Q2OtRzToYHKxU9p6XWsn","Supernatural","spotify:artist:12H1Dmi64fAmmARrsyVFzy","Trip Lee","spotify:album:04pUvZNdQT3sT8jJ7Iulwr","The End.","spotify:artist:12H1Dmi64fAmmARrsyVFzy","Trip Lee","2022-03-04","https://i.scdn.co/image/ab67616d0000b27306e9a48c622c6f3b6a47f744","1","8","140554","https://p.scdn.co/mp3-preview/b17567eb36e285851b40a99714137ba3ae10b25b?cid=9950ac751e34487dbbe027c4fd7f8e99","false","50","QMTND2100182","spotify:user:ibdqzuvhscey81nwyfhajz3v7","2022-11-15T17:23:21Z"
"spotify:track:5Ad67PM8s57fx6ojnA4WgL","Stone","spotify:artist:12H1Dmi64fAmmARrsyVFzy","Trip Lee","spotify:album:04pUvZNdQT3sT8jJ7Iulwr","The End.","spotify:artist:12H1Dmi64fAmmARrsyVFzy","Trip Lee","2022-03-04","https://i.scdn.co/image/ab67616d0000b27306e9a48c622c6f3b6a47f744","1","13","247597","https://p.scdn.co/mp3-preview/93983367a9d8ae05817b45bce9a6820f8d388721?cid=9950ac751e34487dbbe027c4fd7f8e99","false","32","QMTND2100203","spotify:user:ibdqzuvhscey81nwyfhajz3v7","2022-11-15T17:23:25Z"
"spotify:track:1CEYsFOS0hAoVxuqtRmaLz","Graves","spotify:artist:77IKXFvO7SpWrq8hflrUXc, spotify:artist:1bdnGJxkbIIys5Jhk1T74v","KB, Brandon Lake","spotify:album:7IyWwzTZC4NAGp9Sg0UAKM","Graves","spotify:artist:77IKXFvO7SpWrq8hflrUXc, spotify:artist:1bdnGJxkbIIys5Jhk1T74v","KB, Brandon Lake","2022-10-28","https://i.scdn.co/image/ab67616d0000b273e6a4a021f84456fd94baceac","1","1","260048","https://p.scdn.co/mp3-preview/d2d12cad5418255aa355d49a6b821523bee8ebb9?cid=9950ac751e34487dbbe027c4fd7f8e99","false","56","USA5W2200596","spotify:user:ibdqzuvhscey81nwyfhajz3v7","2022-11-15T17:23:27Z"
"spotify:track:0M40AxxgVf7Pj8F6A0npHv","King Jesus (feat. Big Breeze, Scootie Wop, 1K Phew, Mike Teezy, Limoblaze, Wande, Cardec Drums, Tommy Royale & S.O.) - Pt. II","spotify:artist:77IKXFvO7SpWrq8hflrUXc, spotify:artist:71pLHraIX4XWsMpPETtntd, spotify:artist:1JAoqu34UmPWUUAjLMXt5I, spotify:artist:6CQGrt3AJ2gx5oMSR0mwbl, spotify:artist:6tO2zQcTIRfR2Xdsm9XnL7, spotify:artist:0liXA3xwx6pncxYQA30ahT, spotify:artist:0GdzQJqgRL5SHp7kXOKba0, spotify:artist:1uVtllLSmvkfPRozmSmxzG, spotify:artist:0gqbW7Uf6BAWiAh5C6jlPs, spotify:artist:6EUIhOt4DwyozjYFnrDlGv","KB, Big Breeze, Scootie Wop, 1K Phew, Mike Teezy, Limoblaze, Wande, Cardec Drums, Tommy Royale, SO","spotify:album:04zs6c3RqHxHZvEB2600LJ","King Jesus (feat. Big Breeze, Scootie Wop, 1K Phew, Mike Teezy, Limoblaze, Wande, Cardec Drums, Tommy Royale & S.O.) [Pt. II]","spotify:artist:77IKXFvO7SpWrq8hflrUXc","KB","2022-04-29","https://i.scdn.co/image/ab67616d0000b273aa97dbb0b9a9ba628e2f0982","1","1","394112","https://p.scdn.co/mp3-preview/2bc8518b639c599d3446ecc53b7b2039099c3a1a?cid=9950ac751e34487dbbe027c4fd7f8e99","false","49","USA5W2200121","spotify:user:ibdqzuvhscey81nwyfhajz3v7","2022-11-15T17:23:29Z"
"spotify:track:6MHQObYccj0fpYH3NnxewV","Worship in the Moshpit","spotify:artist:77IKXFvO7SpWrq8hflrUXc","KB","spotify:album:3ccBgpEeVPly4YAOLBDuPX","Worship in the Moshpit","spotify:artist:77IKXFvO7SpWrq8hflrUXc","KB","2021-09-10","https://i.scdn.co/image/ab67616d0000b2731ac18cba6d2bff6821d54bc0","1","1","190480","https://p.scdn.co/mp3-preview/f6d88047a44de7142c8af647b88f3253a80eea21?cid=9950ac751e34487dbbe027c4fd7f8e99","false","46","USA5W2100273","spotify:user:ibdqzuvhscey81nwyfhajz3v7","2022-11-15T17:23:31Z"
"spotify:track:51ibczFjbaSrxynt6yKKah","Let It Reign (feat. Bizzle)","spotify:artist:77IKXFvO7SpWrq8hflrUXc, spotify:artist:0P8V2XSw1mIo8739T1qjzr","KB, Bizzle","spotify:album:6MnWWXrO1wvrzmGZ7iG1Sj","His Glory Alone","spotify:artist:77IKXFvO7SpWrq8hflrUXc","KB","2020-09-25","https://i.scdn.co/image/ab67616d0000b27358439f39c555b625dc3677ca","1","1","259328","https://p.scdn.co/mp3-preview/b734fa64e54083bc5081b2ecaac5d204487f2941?cid=9950ac751e34487dbbe027c4fd7f8e99","false","52","USA5W2000224","spotify:user:ibdqzuvhscey81nwyfhajz3v7","2022-11-15T17:23:33Z"
"spotify:track:1oKdabnq8pKhjM79yUNN93","Not Today Satan","spotify:artist:77IKXFvO7SpWrq8hflrUXc, spotify:artist:1TMrnxBwZfmfRxsGzkNIHw","KB, Andy Mineo","spotify:album:4F78fdhOqb861NcldgbPTH","Today We Rebel","spotify:artist:77IKXFvO7SpWrq8hflrUXc","KB","2017-10-20","https://i.scdn.co/image/ab67616d0000b2730969a8442a332cbe435b0bea","1","8","246545","https://p.scdn.co/mp3-preview/fa76d7bbbae7e88b3a0aa6120d60ac94d3c5078a?cid=9950ac751e34487dbbe027c4fd7f8e99","false","52","QMTND1101395","spotify:user:ibdqzuvhscey81nwyfhajz3v7","2023-01-23T02:27:06Z"
"spotify:track:4iHrXZX4AKJOW58civjs1t","Church Clap","spotify:artist:77IKXFvO7SpWrq8hflrUXc, spotify:artist:1CFCsEqKrCyvAFKOATQHiW","KB, Lecrae","spotify:album:4gR8HZVG97FFpWrzfvVM8v","Weight & Glory","spotify:artist:77IKXFvO7SpWrq8hflrUXc","KB","2012-07-17","https://i.scdn.co/image/ab67616d0000b2734337cfc8d13c586eaee451e0","1","11","197066","https://p.scdn.co/mp3-preview/b38757d8ad2aaf2b0f19f692cea034afc1afff8f?cid=9950ac751e34487dbbe027c4fd7f8e99","false","61","QMTND1100069","spotify:user:ibdqzuvhscey81nwyfhajz3v7","2022-11-15T17:23:37Z"
"spotify:track:4odWmR05uVl3Adkas6Ap9e","Crowns & Thorns (Oceans)","spotify:artist:77IKXFvO7SpWrq8hflrUXc","KB","spotify:album:5ZjHNjAwBW3atSfIfkCQpR","Tomorrow We Live","spotify:artist:77IKXFvO7SpWrq8hflrUXc","KB","2015-04-21","https://i.scdn.co/image/ab67616d0000b2736d86677d3d1576a97464b098","1","13","291715","https://p.scdn.co/mp3-preview/1c0fbe9e18978aab569c6879ef5529ca9cfbc733?cid=9950ac751e34487dbbe027c4fd7f8e99","false","50","QMTND1100563","spotify:user:ibdqzuvhscey81nwyfhajz3v7","2022-11-15T17:23:38Z"
"spotify:track:7ze7LDIDVksRgTpKIVUDsG","Ima Just Do It","spotify:artist:77IKXFvO7SpWrq8hflrUXc, spotify:artist:7qcDF9VdSlZsI4VB1o8rrx","KB, Bubba Watson","spotify:album:5ZjHNjAwBW3atSfIfkCQpR","Tomorrow We Live","spotify:artist:77IKXFvO7SpWrq8hflrUXc","KB","2015-04-21","https://i.scdn.co/image/ab67616d0000b2736d86677d3d1576a97464b098","1","7","295794","https://p.scdn.co/mp3-preview/e48fa9f966b6e7847381c2bfa31b7dbf8988e2fa?cid=9950ac751e34487dbbe027c4fd7f8e99","false","36","QMTND1100557","spotify:user:ibdqzuvhscey81nwyfhajz3v7","2022-11-15T17:23:40Z"
"spotify:track:6RSQJWAsHqCAqhH9cgStE5","10K","spotify:artist:77IKXFvO7SpWrq8hflrUXc","KB","spotify:album:6MnWWXrO1wvrzmGZ7iG1Sj","His Glory Alone","spotify:artist:77IKXFvO7SpWrq8hflrUXc","KB","2020-09-25","https://i.scdn.co/image/ab67616d0000b27358439f39c555b625dc3677ca","1","3","196132","https://p.scdn.co/mp3-preview/d5d7297bd4a3370494d10980bcfa6deedbe3c3d8?cid=9950ac751e34487dbbe027c4fd7f8e99","false","56","USA5W2000119","spotify:user:ibdqzuvhscey81nwyfhajz3v7","2023-01-03T04:45:10Z"
"spotify:track:4hhZOclY2whhc5MkCXK44B","We Right Here","spotify:artist:77IKXFvO7SpWrq8hflrUXc","KB","spotify:album:6MnWWXrO1wvrzmGZ7iG1Sj","His Glory Alone","spotify:artist:77IKXFvO7SpWrq8hflrUXc","KB","2020-09-25","https://i.scdn.co/image/ab67616d0000b27358439f39c555b625dc3677ca","1","10","178085","https://p.scdn.co/mp3-preview/51d0089bddef9a06097bd22ed8d5afe5637253c5?cid=9950ac751e34487dbbe027c4fd7f8e99","false","44","USA5W2000230","spotify:user:ibdqzuvhscey81nwyfhajz3v7","2022-11-15T17:25:32Z"
"spotify:track:0xn6LxYghEct04MQTcrtrJ","Armies","spotify:artist:77IKXFvO7SpWrq8hflrUXc","KB","spotify:album:6MnWWXrO1wvrzmGZ7iG1Sj","His Glory Alone","spotify:artist:77IKXFvO7SpWrq8hflrUXc","KB","2020-09-25","https://i.scdn.co/image/ab67616d0000b27358439f39c555b625dc3677ca","1","5","210783","https://p.scdn.co/mp3-preview/220dce1fdf5269f3553ed18b12ce4ed931b3eb2a?cid=9950ac751e34487dbbe027c4fd7f8e99","false","53","USA5W2000089","spotify:user:ibdqzuvhscey81nwyfhajz3v7","2022-11-15T17:25:36Z"
"spotify:track:05BVRn8zyr2xhLz2V4IdZV","EZ","spotify:artist:77IKXFvO7SpWrq8hflrUXc","KB","spotify:album:1sus1FubvrFW0FOg1F2YCZ","EZ","spotify:artist:77IKXFvO7SpWrq8hflrUXc","KB","2023-03-17","https://i.scdn.co/image/ab67616d0000b273b10ab8b0d3135011aa9a5c79","1","1","181163","https://p.scdn.co/mp3-preview/7c1337973f1e9c3e08acaabbd9ae490b55aa6495?cid=9950ac751e34487dbbe027c4fd7f8e99","false","57","USA5W2200907","spotify:user:ibdqzuvhscey81nwyfhajz3v7","2023-04-27T04:04:49Z"
"spotify:track:3SCL9gds9Bo6TsyftneMNS","LAY UP (Bonus)","spotify:artist:1TMrnxBwZfmfRxsGzkNIHw, spotify:artist:0AKzJfX9rdEu8WOqeBLEaO","Andy Mineo, Wordsplayed","spotify:album:6yZtJN3mno4YyqXrGeMyVe","Andy Mineo and Wordsplayed Present Magic & Bird","spotify:artist:1TMrnxBwZfmfRxsGzkNIHw, spotify:artist:0AKzJfX9rdEu8WOqeBLEaO","Andy Mineo, Wordsplayed","2017-08-04","https://i.scdn.co/image/ab67616d0000b2734811d37a4234b5b9a8d0a292","1","13","261173","https://p.scdn.co/mp3-preview/bfd85fdbd98be1fa3ac126f84cd015959bc6d86e?cid=9950ac751e34487dbbe027c4fd7f8e99","false","37","QMTND1101335","spotify:user:ibdqzuvhscey81nwyfhajz3v7","2022-12-04T18:22:54Z"
"spotify:track:6OJgPdiryjvefJC3fsDAuA","The Saints","spotify:artist:1TMrnxBwZfmfRxsGzkNIHw, spotify:artist:12H1Dmi64fAmmARrsyVFzy, spotify:artist:77IKXFvO7SpWrq8hflrUXc","Andy Mineo, Trip Lee, KB","spotify:album:4Ok6ziWADtgdRcy4nixjtL","Heroes for Sale","spotify:artist:1TMrnxBwZfmfRxsGzkNIHw","Andy Mineo","2013-04-16","https://i.scdn.co/image/ab67616d0000b27370dfa4e97cc812da2bcf9b32","1","5","238146","https://p.scdn.co/mp3-preview/f689743b6616b3957b9028844224bfebcbeb843a?cid=9950ac751e34487dbbe027c4fd7f8e99","false","52","QMTND1100107","spotify:user:ibdqzuvhscey81nwyfhajz3v7","2022-12-04T18:22:56Z"
"spotify:track:7cSgDrUh6ZAv25JgOPlyOB","Come Alive","spotify:artist:7tTsvTUJ7lXBezazP5jU72, spotify:artist:1CFCsEqKrCyvAFKOATQHiW, spotify:artist:4c6lhwoOrmgNWvl0GxHlW1, spotify:artist:12H1Dmi64fAmmARrsyVFzy, spotify:artist:77IKXFvO7SpWrq8hflrUXc, spotify:artist:3fn8lZLy7Q61AXCWWPYC4B, spotify:artist:1TMrnxBwZfmfRxsGzkNIHw","116, Lecrae, Tedashii, Trip Lee, KB, Derek Minor, Andy Mineo","spotify:album:4nrf0EltbsBbUX5fSJjF2W","Come Alive","spotify:artist:7tTsvTUJ7lXBezazP5jU72","116","2012-10-20","https://i.scdn.co/image/ab67616d0000b2733cb8042193c9a281cc8b6658","1","1","237411","https://p.scdn.co/mp3-preview/8d50aae7efcbe99cb16f1451e3abda73854e31d1?cid=9950ac751e34487dbbe027c4fd7f8e99","false","40","QMTND1100101","spotify:user:ibdqzuvhscey81nwyfhajz3v7","2022-12-04T18:21:20Z"
"spotify:track:6wtkm6wz7GGD23SW5PM84P","Nothing I Can't Do","spotify:artist:4c6lhwoOrmgNWvl0GxHlW1, spotify:artist:1CFCsEqKrCyvAFKOATQHiW, spotify:artist:12H1Dmi64fAmmARrsyVFzy","Tedashii, Lecrae, Trip Lee","spotify:album:19eAKxrvIcc4zMgW2GE4W3","Below Paradise","spotify:artist:4c6lhwoOrmgNWvl0GxHlW1","Tedashii","2014-05-27","https://i.scdn.co/image/ab67616d0000b273e42d49f6b213055b3ae30f89","1","4","206466","https://p.scdn.co/mp3-preview/cc4bed49e08ebf7502be3a01e57dde0379679a33?cid=9950ac751e34487dbbe027c4fd7f8e99","false","41","QMTND1100182","spotify:user:ibdqzuvhscey81nwyfhajz3v7","2022-12-04T18:25:30Z"
"spotify:track:4u53hfLT61VfrYUjVOKnDS","Battle Song","spotify:artist:1CFCsEqKrCyvAFKOATQHiW, spotify:artist:5f4TpQdpCTgE1nmUpy2Sqx","Lecrae, Suzy Rock","spotify:album:1dwe4UpfDWNWoVtWvnjFrO","Rehab: The Overdose","spotify:artist:1CFCsEqKrCyvAFKOATQHiW","Lecrae","2011-01-11","https://i.scdn.co/image/ab67616d0000b273a11e9a0fbd700fb0016c6adf","1","3","222533","https://p.scdn.co/mp3-preview/3eb2d9b49694b373fa74b48947968f2cdf0ebc5c?cid=9950ac751e34487dbbe027c4fd7f8e99","false","26","TCAAT1099850","spotify:user:ibdqzuvhscey81nwyfhajz3v7","2022-12-04T18:31:51Z"
"spotify:track:6m60IwLIkZ2Fmz4J9FsQ1o","I'll Find You (feat. Tori Kelly)","spotify:artist:1CFCsEqKrCyvAFKOATQHiW, spotify:artist:1vSN1fsvrzpbttOYGsliDr","Lecrae, Tori Kelly","spotify:album:5DPZqC3ySZkJClCvZlIq6K","All Things Work Together","spotify:artist:1CFCsEqKrCyvAFKOATQHiW","Lecrae","2017-09-22","https://i.scdn.co/image/ab67616d0000b273b138ac1dc14bc1ee426e9383","1","11","217506","https://p.scdn.co/mp3-preview/8732c4e1d3faa65ed722e15fab85992ec82bf1aa?cid=9950ac751e34487dbbe027c4fd7f8e99","false","61","USSM11704779","spotify:user:ibdqzuvhscey81nwyfhajz3v7","2022-11-15T23:46:04Z"
"spotify:track:4PTgLEsV0JCNjDj33Cwg7b","Just Like You (feat. J. Paul)","spotify:artist:1CFCsEqKrCyvAFKOATQHiW, spotify:artist:0OjaunICmVM1HCt9RSJjkS","Lecrae, J.Paul","spotify:album:2JDd8vFO87iiNuZbMnApng","Rehab","spotify:artist:1CFCsEqKrCyvAFKOATQHiW","Lecrae","2010","https://i.scdn.co/image/ab67616d0000b2734ab90cc2fbb6c52be7a57ea9","1","4","316426","","false","0","TCAAR1052447","spotify:user:ibdqzuvhscey81nwyfhajz3v7","2023-01-03T07:35:15Z"
"spotify:track:7rnVVlsUQeiZcLN6XuxDDA","Background (feat. Andy Mineo)","spotify:artist:1CFCsEqKrCyvAFKOATQHiW, spotify:artist:1TMrnxBwZfmfRxsGzkNIHw","Lecrae, Andy Mineo","spotify:album:2JDd8vFO87iiNuZbMnApng","Rehab","spotify:artist:1CFCsEqKrCyvAFKOATQHiW","Lecrae","2010","https://i.scdn.co/image/ab67616d0000b2734ab90cc2fbb6c52be7a57ea9","1","14","279186","","false","0","TCAAR1052458","spotify:user:ibdqzuvhscey81nwyfhajz3v7","2023-01-03T07:35:41Z"
"spotify:track:0e96keY9tdT6U4lyzhm0NG","Don't Waste Your Life","spotify:artist:1CFCsEqKrCyvAFKOATQHiW, spotify:artist:75sReJhZ3hjZctu6vtoGj6","Lecrae, Dwayne Tryumf","spotify:album:0cgAkYTTvTXSeexZt8Cf4H","Rebel","spotify:artist:1CFCsEqKrCyvAFKOATQHiW","Lecrae","2008-09-30","https://i.scdn.co/image/ab67616d0000b2731215ffb3c214c91ac6b93113","1","2","245893","https://p.scdn.co/mp3-preview/e9135603ae2d6f40a56ebc2cc71d9656108254a1?cid=9950ac751e34487dbbe027c4fd7f8e99","false","42","USTC60847379","spotify:user:ibdqzuvhscey81nwyfhajz3v7","2022-11-15T23:46:33Z"
"spotify:track:3Xgyj1WWHHrE8YBB6sGYP5","Go Hard","spotify:artist:1CFCsEqKrCyvAFKOATQHiW, spotify:artist:4c6lhwoOrmgNWvl0GxHlW1","Lecrae, Tedashii","spotify:album:0cgAkYTTvTXSeexZt8Cf4H","Rebel","spotify:artist:1CFCsEqKrCyvAFKOATQHiW","Lecrae","2008-09-30","https://i.scdn.co/image/ab67616d0000b2731215ffb3c214c91ac6b93113","1","3","297600","https://p.scdn.co/mp3-preview/4a4cdcad28482e951e02c20532ce199639f2ec27?cid=9950ac751e34487dbbe027c4fd7f8e99","false","41","USTC60847387","spotify:user:ibdqzuvhscey81nwyfhajz3v7","2022-11-15T23:46:36Z"
"spotify:track:6az0f0cONCHKzgisbU9afv","Breathin' to Death","spotify:artist:1CFCsEqKrCyvAFKOATQHiW","Lecrae","spotify:album:0cgAkYTTvTXSeexZt8Cf4H","Rebel","spotify:artist:1CFCsEqKrCyvAFKOATQHiW","Lecrae","2008-09-30","https://i.scdn.co/image/ab67616d0000b2731215ffb3c214c91ac6b93113","1","6","247893","https://p.scdn.co/mp3-preview/a810ecd668e56504b8828d200f413032c2c30efe?cid=9950ac751e34487dbbe027c4fd7f8e99","false","26","USTC60847399","spotify:user:ibdqzuvhscey81nwyfhajz3v7","2022-11-15T23:46:40Z"
"spotify:track:6u4PDv1cMAMsiYwaJD8l1U","Change","spotify:artist:1CFCsEqKrCyvAFKOATQHiW","Lecrae","spotify:album:0cgAkYTTvTXSeexZt8Cf4H","Rebel","spotify:artist:1CFCsEqKrCyvAFKOATQHiW","Lecrae","2008-09-30","https://i.scdn.co/image/ab67616d0000b2731215ffb3c214c91ac6b93113","1","9","246440","https://p.scdn.co/mp3-preview/cb2d0331a333b7c15738f151401254af92ce99bd?cid=9950ac751e34487dbbe027c4fd7f8e99","false","25","USTC60847420","spotify:user:ibdqzuvhscey81nwyfhajz3v7","2022-11-15T23:46:45Z"
"spotify:track:6pjM0hogsudgkZxmzLm37u","Jesus Muzik","spotify:artist:1CFCsEqKrCyvAFKOATQHiW, spotify:artist:12H1Dmi64fAmmARrsyVFzy","Lecrae, Trip Lee","spotify:album:2KumPjVhmXrvNWiD1R7PEx","After the Music Stops","spotify:artist:1CFCsEqKrCyvAFKOATQHiW","Lecrae","2006-10-23","https://i.scdn.co/image/ab67616d0000b273d8fb22a8c39639f87e29149b","1","2","286771","https://p.scdn.co/mp3-preview/56a8d43c581bde7fa0bf90108ea7ddf7d95eb14b?cid=9950ac751e34487dbbe027c4fd7f8e99","false","35","USTC70806160","spotify:user:ibdqzuvhscey81nwyfhajz3v7","2022-12-04T18:31:16Z"
"spotify:track:6TOtqrpuDgWe2LTcpjs3Yr","Who He Is (feat. Lecrae and Cam)","spotify:artist:12H1Dmi64fAmmARrsyVFzy, spotify:artist:1CFCsEqKrCyvAFKOATQHiW, spotify:artist:3ifx1iUgnyFNX4ej6s9uIF","Trip Lee, Lecrae, Cam","spotify:album:0lhKEU623LiV8L8l8q59x3","20/20","spotify:artist:12H1Dmi64fAmmARrsyVFzy","Trip Lee","2008","https://i.scdn.co/image/ab67616d0000b273eed4aed922c4bccf412c94f8","1","12","250013","","false","0","USTC50807226","spotify:user:ibdqzuvhscey81nwyfhajz3v7","2023-01-03T08:07:27Z"
"spotify:track:2PdQymTvILtwZKt9IJEamu","Superstar (Eyes off Me)","spotify:artist:12H1Dmi64fAmmARrsyVFzy","Trip Lee","spotify:album:0lhKEU623LiV8L8l8q59x3","20/20","spotify:artist:12H1Dmi64fAmmARrsyVFzy","Trip Lee","2008","https://i.scdn.co/image/ab67616d0000b273eed4aed922c4bccf412c94f8","1","2","225320","","false","0","USTC50807173","spotify:user:ibdqzuvhscey81nwyfhajz3v7","2023-02-22T05:59:00Z"
"spotify:track:6tpiuWdHhLoMPdxV7P6lsq","Send Me","spotify:artist:1CFCsEqKrCyvAFKOATQHiW","Lecrae","spotify:album:6XKDWyFjVzRbG32BzzkDEQ","After the Music Stops","spotify:artist:1CFCsEqKrCyvAFKOATQHiW","Lecrae","2006","https://i.scdn.co/image/ab67616d0000b27388a3c987b6ca0325feafe977","1","6","296106","","false","0","USTC70806181","spotify:user:ibdqzuvhscey81nwyfhajz3v7","2023-01-03T08:07:56Z"
"spotify:track:6JSBDH4i6qyqEHGkGFtUOm","He Lives (feat. Flame and Jai)","spotify:artist:4c6lhwoOrmgNWvl0GxHlW1, spotify:artist:2s6kyMmJZFgPCHXU0QxJLp, spotify:artist:3uHnfXxUrnPq1XYw8t8Sz2","Tedashii, FLAME, Jai","spotify:album:58P4N76xiGrfwy2bDkJe3L","Blacklight","spotify:artist:4c6lhwoOrmgNWvl0GxHlW1","Tedashii","2011","https://i.scdn.co/image/ab67616d0000b273d256c2093cf6cb7ad11f711a","1","8","284213","","false","0","TCAAX1197224","spotify:user:ibdqzuvhscey81nwyfhajz3v7","2023-01-03T08:07:30Z"
"spotify:track:77NGN5KxTSemOdR5puP9Gb","Go Off","spotify:artist:77IKXFvO7SpWrq8hflrUXc, spotify:artist:4c6lhwoOrmgNWvl0GxHlW1, spotify:artist:1TMrnxBwZfmfRxsGzkNIHw","KB, Tedashii, Andy Mineo","spotify:album:4gR8HZVG97FFpWrzfvVM8v","Weight & Glory","spotify:artist:77IKXFvO7SpWrq8hflrUXc","KB","2012-07-17","https://i.scdn.co/image/ab67616d0000b2734337cfc8d13c586eaee451e0","1","5","268220","https://p.scdn.co/mp3-preview/4960c7df909612682d9097b8fe4793910fcd2688?cid=9950ac751e34487dbbe027c4fd7f8e99","false","32","QMTND1100063","spotify:user:ibdqzuvhscey81nwyfhajz3v7","2022-11-17T11:38:51Z"
"spotify:local:KB:Who+Is+KB%3F:Dont+Waste+Your+Life+%28Remix%29:100","Dont Waste Your Life (Remix)","","KB","","Who Is KB?","","","","","0","0","100000","","false","0","","spotify:user:ibdqzuvhscey81nwyfhajz3v7","2022-11-16T01:19:52Z"
"spotify:local:KB:Who+Is+KB%3F:Head+to+The+Heavens:264","Head to The Heavens","","KB","","Who Is KB?","","","","","0","0","264000","","false","0","","spotify:user:ibdqzuvhscey81nwyfhajz3v7","2022-11-16T01:19:53Z"
"spotify:track:30lW7sca9vsJThBCifkwGo","100","spotify:artist:77IKXFvO7SpWrq8hflrUXc, spotify:artist:1TMrnxBwZfmfRxsGzkNIHw","KB, Andy Mineo","spotify:album:7BQy4Rm4CRWGyBKei9CJFv","100","spotify:artist:77IKXFvO7SpWrq8hflrUXc","KB","2014-03-04","https://i.scdn.co/image/ab67616d0000b273066a79a4f1a557222b519232","1","2","219242","https://p.scdn.co/mp3-preview/aa6e841579b4553cad33698f713051ea31a091e9?cid=9950ac751e34487dbbe027c4fd7f8e99","false","46","QMTND1100174","spotify:user:ibdqzuvhscey81nwyfhajz3v7","2022-12-04T18:21:31Z"
"spotify:track:23aDfyOz4nmNTt3iyjl6Yc","Undefeated","spotify:artist:77IKXFvO7SpWrq8hflrUXc","KB","spotify:album:5uVvaONs9KIUec16x6w8ex","Undefeated","spotify:artist:77IKXFvO7SpWrq8hflrUXc","KB","2015-07-10","https://i.scdn.co/image/ab67616d0000b273481e370d8d67e3a55d3a54a6","1","1","254040","https://p.scdn.co/mp3-preview/e833ee42a83d6ebe4465add07ef78b854f90a735?cid=9950ac751e34487dbbe027c4fd7f8e99","false","46","QMBZ91739174","spotify:user:ibdqzuvhscey81nwyfhajz3v7","2022-12-04T18:22:32Z"
"spotify:track:4ByUWgIohW1KYoGfUNAcum","I'm Good","spotify:artist:12H1Dmi64fAmmARrsyVFzy, spotify:artist:1CFCsEqKrCyvAFKOATQHiW","Trip Lee, Lecrae","spotify:album:4isPEpuar7DBekswZNoawh","The Good Life","spotify:artist:12H1Dmi64fAmmARrsyVFzy","Trip Lee","2012-04-10","https://i.scdn.co/image/ab67616d0000b273b67e07a805e5e64a4814673e","1","3","265453","https://p.scdn.co/mp3-preview/91558bacc0ff98584b4537d992c27598ba4c2719?cid=9950ac751e34487dbbe027c4fd7f8e99","false","38","QMTND1100033","spotify:user:ibdqzuvhscey81nwyfhajz3v7","2022-12-04T18:25:22Z"
"spotify:track:0bGEPgjEggSg0Vhx0YEDhA","Dum Dum","spotify:artist:4c6lhwoOrmgNWvl0GxHlW1, spotify:artist:1CFCsEqKrCyvAFKOATQHiW","Tedashii, Lecrae","spotify:album:1vpWTofvoOJDwfnD1zcsGB","Blacklight","spotify:artist:4c6lhwoOrmgNWvl0GxHlW1","Tedashii","2011-05-31","https://i.scdn.co/image/ab67616d0000b273f01b8d85c3acf165103269b0","1","14","205093","https://p.scdn.co/mp3-preview/245b33f42870e44cae6dd5e82b811c489e24a79b?cid=9950ac751e34487dbbe027c4fd7f8e99","false","46","TCAAX1197230","spotify:user:ibdqzuvhscey81nwyfhajz3v7","2023-02-17T13:13:58Z"
"spotify:track:1BDyjxOKmnl9r1n3LatvPY","Live Forever","spotify:artist:7tTsvTUJ7lXBezazP5jU72, spotify:artist:12H1Dmi64fAmmARrsyVFzy, spotify:artist:6CQGrt3AJ2gx5oMSR0mwbl, spotify:artist:0OQ8y7heASb1vEX5WXvjCr, spotify:artist:3zSrc5vUlUxyDdS0KrxFJO, spotify:artist:4c6lhwoOrmgNWvl0GxHlW1, spotify:artist:0gqbW7Uf6BAWiAh5C6jlPs, spotify:artist:0GdzQJqgRL5SHp7kXOKba0","116, Trip Lee, 1K Phew, Aaron Cole, Hulvey, Tedashii, Tommy Royale, Wande","spotify:album:21NkHFd6NamRUkiVWx3ttV","Live Forever","spotify:artist:7tTsvTUJ7lXBezazP5jU72","116","2020-01-16","https://i.scdn.co/image/ab67616d0000b27345df5b7b2d73666d6edef0ee","1","1","279463","https://p.scdn.co/mp3-preview/f6e04b2f4b33c7259078253c18c5c3a108bbe990?cid=9950ac751e34487dbbe027c4fd7f8e99","false","42","QMTND2000000","spotify:user:ibdqzuvhscey81nwyfhajz3v7","2023-01-03T04:45:44Z"
"spotify:track:17UXga5q0TgnTOpzJZjXQN","Light Work","spotify:artist:7tTsvTUJ7lXBezazP5jU72, spotify:artist:6CQGrt3AJ2gx5oMSR0mwbl, spotify:artist:1TMrnxBwZfmfRxsGzkNIHw, spotify:artist:1pcufq5QrAZE0kBRQS65DM, spotify:artist:1CFCsEqKrCyvAFKOATQHiW, spotify:artist:4c6lhwoOrmgNWvl0GxHlW1, spotify:artist:12H1Dmi64fAmmARrsyVFzy, spotify:artist:6YgYm3f9ifsz4OwQt8jql7","116, 1K Phew, Andy Mineo, CASS, Lecrae, Tedashii, Trip Lee, WHATUPRG","spotify:album:3wIfLKOHOXo1qkjlWDVLFb","Light Work","spotify:artist:7tTsvTUJ7lXBezazP5jU72","116","2018-01-16","https://i.scdn.co/image/ab67616d0000b2735c4fe2ff963ff0366a13ba64","1","1","282507","https://p.scdn.co/mp3-preview/dbe42ecf4d4b2cae1a4c5286b233b49db1a8d0ea?cid=9950ac751e34487dbbe027c4fd7f8e99","false","44","QMTND1101498","spotify:user:ibdqzuvhscey81nwyfhajz3v7","2023-01-03T04:45:35Z"
"spotify:track:1eU3EhUwOa4a3qCM45HogQ","Restored","spotify:artist:1CFCsEqKrCyvAFKOATQHiW, spotify:artist:6CQGrt3AJ2gx5oMSR0mwbl, spotify:artist:0GdzQJqgRL5SHp7kXOKba0, spotify:artist:3zSrc5vUlUxyDdS0KrxFJO","Lecrae, 1K Phew, Wande, Hulvey","spotify:album:5Sskfr26AzgFTIeEYrQ4CP","Restoration: The Deluxe Album","spotify:artist:1CFCsEqKrCyvAFKOATQHiW","Lecrae","2020-11-13","https://i.scdn.co/image/ab67616d0000b2730637e220364273ad94d226f1","1","19","276584","https://p.scdn.co/mp3-preview/aa4789b4e56be8ecab1a49b497e0a08cdab2c423?cid=9950ac751e34487dbbe027c4fd7f8e99","false","54","QMTND2000210","spotify:user:ibdqzuvhscey81nwyfhajz3v7","2023-02-17T13:41:47Z"
"spotify:track:3LYvesXcAzUfxysCk6eHf9","WILDIN","spotify:artist:1CFCsEqKrCyvAFKOATQHiW, spotify:artist:6CQGrt3AJ2gx5oMSR0mwbl","Lecrae, 1K Phew","spotify:album:2Xk39wTH3BV3VHoUKLvrJZ","No Church In A While","spotify:artist:1CFCsEqKrCyvAFKOATQHiW, spotify:artist:6CQGrt3AJ2gx5oMSR0mwbl","Lecrae, 1K Phew","2021-12-03","https://i.scdn.co/image/ab67616d0000b2733ddf6074f97c4487a4a3c85d","1","1","183733","https://p.scdn.co/mp3-preview/e6faab31705acd713b496c371c4407a469c21e6f?cid=9950ac751e34487dbbe027c4fd7f8e99","false","48","QMTND2100152","spotify:user:ibdqzuvhscey81nwyfhajz3v7","2023-02-17T13:42:16Z"
"spotify:track:5QgQeBU5kzNL93xWBfAoj6","Hammer Time (feat. 1K Phew)","spotify:artist:1CFCsEqKrCyvAFKOATQHiW, spotify:artist:6CQGrt3AJ2gx5oMSR0mwbl","Lecrae, 1K Phew","spotify:album:5DPZqC3ySZkJClCvZlIq6K","All Things Work Together","spotify:artist:1CFCsEqKrCyvAFKOATQHiW","Lecrae","2017-09-22","https://i.scdn.co/image/ab67616d0000b273b138ac1dc14bc1ee426e9383","1","6","214120","https://p.scdn.co/mp3-preview/da8a0a837e5d9bee35b637edd58ddfe202933709?cid=9950ac751e34487dbbe027c4fd7f8e99","false","44","USSM11704469","spotify:user:ibdqzuvhscey81nwyfhajz3v7","2023-02-17T13:41:34Z"
"spotify:track:22ZWJIDpUo9KUpTsVaHVmj","Holupwait","spotify:artist:1CFCsEqKrCyvAFKOATQHiW","Lecrae","spotify:album:02dqfwTXg1PHiHFvFuLVGC","Holupwait","spotify:artist:1CFCsEqKrCyvAFKOATQHiW","Lecrae","2021-08-13","https://i.scdn.co/image/ab67616d0000b27343e2aa7dc4c398ff024991d8","1","1","174037","https://p.scdn.co/mp3-preview/fce1195f11ec075186fc39160c82432f39483ff8?cid=9950ac751e34487dbbe027c4fd7f8e99","false","50","QMTND2100117","spotify:user:ibdqzuvhscey81nwyfhajz3v7","2023-03-02T12:29:12Z"
"spotify:track:4ihi58h10eos6quCNQzJFl","Spread The Opps","spotify:artist:1CFCsEqKrCyvAFKOATQHiW","Lecrae","spotify:album:4gtlXf58XUz10vRE4oBJbK","Spread The Opps","spotify:artist:1CFCsEqKrCyvAFKOATQHiW","Lecrae","2022-08-05","https://i.scdn.co/image/ab67616d0000b2736c32fd4910e4aacea6143e7a","1","1","181795","https://p.scdn.co/mp3-preview/5e1c76e77d8b72c49e101412394db13cdac84412?cid=9950ac751e34487dbbe027c4fd7f8e99","false","53","QMTND2200079","spotify:user:ibdqzuvhscey81nwyfhajz3v7","2023-02-17T13:42:31Z"
"spotify:track:2otmHb8X6VOEi742vj1I85","Never Give Up","spotify:artist:7tTsvTUJ7lXBezazP5jU72, spotify:artist:4zoRNhOhsGX3w8yBAnFSQ8, spotify:artist:4c6lhwoOrmgNWvl0GxHlW1","116, Paul Russell, Tedashii","spotify:album:3shC0AsV9OlJJOu0kJA7hy","Never Give Up","spotify:artist:7tTsvTUJ7lXBezazP5jU72, spotify:artist:4zoRNhOhsGX3w8yBAnFSQ8, spotify:artist:4c6lhwoOrmgNWvl0GxHlW1","116, Paul Russell, Tedashii","2021-08-13","https://i.scdn.co/image/ab67616d0000b273e4729ed96bcf74da451bf554","1","1","202431","https://p.scdn.co/mp3-preview/930eacaba6bf1b68c8345851985caa25810c9d03?cid=9950ac751e34487dbbe027c4fd7f8e99","false","35","QMTND2100112","spotify:user:ibdqzuvhscey81nwyfhajz3v7","2023-01-09T13:18:38Z"
"spotify:track:5EwTUVp2RKuf9y7RZWN4lb","Moshpit","spotify:artist:7tTsvTUJ7lXBezazP5jU72, spotify:artist:0jyLAdlvH1S5AZOly5c6TL, spotify:artist:052Mwr5vCyfzG81pUr19Kw, spotify:artist:0GdzQJqgRL5SHp7kXOKba0","116, Jaye Newton, Not Klyde, Wande","spotify:album:50fTMJJW8fcg4zshoIw8rA","Moshpit","spotify:artist:7tTsvTUJ7lXBezazP5jU72, spotify:artist:0jyLAdlvH1S5AZOly5c6TL","116, Jaye Newton","2021-08-13","https://i.scdn.co/image/ab67616d0000b2730d531c4602cfcc67f35cf464","1","1","189500","https://p.scdn.co/mp3-preview/7485172e5c825eff94240d8387b099c8659784f7?cid=9950ac751e34487dbbe027c4fd7f8e99","false","36","QMTND2100116","spotify:user:ibdqzuvhscey81nwyfhajz3v7","2023-01-09T13:18:44Z"
"spotify:track:6YRxvJkHC9uouOP7kGCh2c","Hectic","spotify:artist:7tTsvTUJ7lXBezazP5jU72, spotify:artist:1lklT6lHzwo3ZOJpDVoLyH, spotify:artist:3zSrc5vUlUxyDdS0KrxFJO","116, Tj Carroll, Hulvey","spotify:album:0oDdZEjt2gd9OmKFzu9gbB","Hectic","spotify:artist:7tTsvTUJ7lXBezazP5jU72, spotify:artist:1lklT6lHzwo3ZOJpDVoLyH","116, Tj Carroll","2021-08-13","https://i.scdn.co/image/ab67616d0000b2735768ddf0fd22a5ee8d4fe945","1","1","150890","https://p.scdn.co/mp3-preview/9b77149f3831472351762c3746819e6f774c6976?cid=9950ac751e34487dbbe027c4fd7f8e99","false","46","QMTND2100123","spotify:user:ibdqzuvhscey81nwyfhajz3v7","2023-01-09T13:18:50Z"
"spotify:track:7ie5JAvjbMV3YZlQY81TgK","Teslar","spotify:artist:7wrWSJHfACjw7s7gYXOXTt, spotify:artist:3zSrc5vUlUxyDdS0KrxFJO","BigBreeze, Hulvey","spotify:album:6BVZcct6mZRKOUiJEJxSCr","Teslar","spotify:artist:7wrWSJHfACjw7s7gYXOXTt, spotify:artist:3zSrc5vUlUxyDdS0KrxFJO","BigBreeze, Hulvey","2021-08-13","https://i.scdn.co/image/ab67616d0000b27317bd97b26acab8ae58158f72","1","1","192780","https://p.scdn.co/mp3-preview/5670f422f018fbccf4e3b232fb224097be225eed?cid=9950ac751e34487dbbe027c4fd7f8e99","false","41","QMTND2100108","spotify:user:ibdqzuvhscey81nwyfhajz3v7","2023-02-22T09:24:12Z"
"spotify:track:0kNwy4npNaJpYeJUPmD8au","Bear with You","spotify:artist:12H1Dmi64fAmmARrsyVFzy, spotify:artist:4c6lhwoOrmgNWvl0GxHlW1","Trip Lee, Tedashii","spotify:album:3urzi9VOPiTcOcF2zFbahs","Between Two Worlds","spotify:artist:12H1Dmi64fAmmARrsyVFzy","Trip Lee","2010-06-22","https://i.scdn.co/image/ab67616d0000b273308eeddb06ea7bb4886c7780","1","13","276760","https://p.scdn.co/mp3-preview/0686e1e88081faa5539294e2d1e6fc3866555f3c?cid=9950ac751e34487dbbe027c4fd7f8e99","false","24","USTCF1017397","spotify:user:ibdqzuvhscey81nwyfhajz3v7","2023-01-03T04:46:22Z"
"spotify:track:2PdQymTvILtwZKt9IJEamu","Superstar (Eyes off Me)","spotify:artist:12H1Dmi64fAmmARrsyVFzy","Trip Lee","spotify:album:0lhKEU623LiV8L8l8q59x3","20/20","spotify:artist:12H1Dmi64fAmmARrsyVFzy","Trip Lee","2008","https://i.scdn.co/image/ab67616d0000b273eed4aed922c4bccf412c94f8","1","2","225320","","false","0","USTC50807173","spotify:user:ibdqzuvhscey81nwyfhajz3v7","2023-02-17T13:13:45Z"
"spotify:track:5HAPGeUzENIzlsIIo6VdiC","Manolo","spotify:artist:12H1Dmi64fAmmARrsyVFzy, spotify:artist:1CFCsEqKrCyvAFKOATQHiW","Trip Lee, Lecrae","spotify:album:2QPKh4LqUxtwXGwbriYzqZ","Rise","spotify:artist:12H1Dmi64fAmmARrsyVFzy","Trip Lee","2014-10-27","https://i.scdn.co/image/ab67616d0000b27320a89d211a934f3b24942099","1","4","248217","https://p.scdn.co/mp3-preview/3079f5652af7656b67ea27da44da23c957ca6445?cid=9950ac751e34487dbbe027c4fd7f8e99","false","47","QMTND1100472","spotify:user:ibdqzuvhscey81nwyfhajz3v7","2022-11-15T23:47:07Z"
"spotify:track:5pvD24l2AGbMYiXQuNm7yK","Praying Hands (Remix)","spotify:artist:419NjKezGEJOVPtiymCp2p, spotify:artist:12H1Dmi64fAmmARrsyVFzy","Ty Brasel, Trip Lee","spotify:album:1KLFRyJkuCgQJPp874cNpa","Praying Hands (Remix)","spotify:artist:419NjKezGEJOVPtiymCp2p, spotify:artist:12H1Dmi64fAmmARrsyVFzy","Ty Brasel, Trip Lee","2018-05-11","https://i.scdn.co/image/ab67616d0000b2733f2a916118f8cabaea31e4dd","1","1","217296","https://p.scdn.co/mp3-preview/cc25d1b80a933b8ec48c67bf4f315d5eccb2a5f8?cid=9950ac751e34487dbbe027c4fd7f8e99","false","28","USM1C1800140","spotify:user:ibdqzuvhscey81nwyfhajz3v7","2023-01-03T04:46:29Z"
"spotify:track:3RpcCr8ZlIiYEctUYBAGQm","Sweet Victory","spotify:artist:12H1Dmi64fAmmARrsyVFzy, spotify:artist:0z5SAvLBgXdLs33L3tLbfo, spotify:artist:29b38fzTLn3i4vvRNCED2E","Trip Lee, Dimitri McDowell, Leah Smith","spotify:album:2QPKh4LqUxtwXGwbriYzqZ","Rise","spotify:artist:12H1Dmi64fAmmARrsyVFzy","Trip Lee","2014-10-27","https://i.scdn.co/image/ab67616d0000b27320a89d211a934f3b24942099","1","14","308274","https://p.scdn.co/mp3-preview/28df7124ea7d17fce19a2d47f60bb26cdb079466?cid=9950ac751e34487dbbe027c4fd7f8e99","false","46","QMTND1100482","spotify:user:ibdqzuvhscey81nwyfhajz3v7","2022-11-15T23:47:05Z"
"spotify:track:1Sp0f7YWMQVNd2bnUzfNn1","The Invasion (Hero) [feat. Jai]","spotify:artist:12H1Dmi64fAmmARrsyVFzy, spotify:artist:3uHnfXxUrnPq1XYw8t8Sz2","Trip Lee, Jai","spotify:album:7B0wLtxes35U0MQlNE07E6","Between Two Worlds","spotify:artist:12H1Dmi64fAmmARrsyVFzy","Trip Lee","2010-06-22","https://i.scdn.co/image/ab67616d0000b27397ad5b89a601d1f9850ce422","1","15","336920","","false","0","USTCF1017400","spotify:user:ibdqzuvhscey81nwyfhajz3v7","2023-01-03T08:07:47Z"
"spotify:track:06tA1srm0tcup7TY1hnV6K","Billion Years","spotify:artist:12H1Dmi64fAmmARrsyVFzy, spotify:artist:5enXh7VYtH8x63M7coq9tJ","Trip Lee, Taylor Hill","spotify:album:68ueOyJKTxoFR37Ze2xELW","Billion Years","spotify:artist:12H1Dmi64fAmmARrsyVFzy","Trip Lee","2016-12-02","https://i.scdn.co/image/ab67616d0000b273bfb58379e2b66cb5bee241e5","1","1","286662","https://p.scdn.co/mp3-preview/36f89421c1262a97ce61ecc8499d1983df74ace3?cid=9950ac751e34487dbbe027c4fd7f8e99","false","7","QMTND1101207","spotify:user:ibdqzuvhscey81nwyfhajz3v7","2022-11-15T23:47:30Z"
