"Track URI","Track Name","Artist URI(s)","Artist Name(s)","Album URI","Album Name","Album Artist URI(s)","Album Artist Name(s)","Album Release Date","Album Image URL","Disc Number","Track Number","Track Duration (ms)","Track Preview URL","Explicit","Popularity","ISRC","Added By","Added At"
"spotify:track:5slswLBG5VTIG1njCQXKCo","New Dreams","spotify:artist:12H1Dmi64fAmmARrsyVFzy, spotify:artist:3dpswct31rsudWf8ZASWZe, spotify:artist:1gkN5N1Npacwm1QsSsVonK","Trip Lee, Sho Baraka, J.R.","spotify:album:4isPEpuar7DBekswZNoawh","The Good Life","spotify:artist:12H1Dmi64fAmmARrsyVFzy","Trip Lee","2012-04-10","https://i.scdn.co/image/ab67616d0000b273b67e07a805e5e64a4814673e","1","1","242560","https://p.scdn.co/mp3-preview/362e7cca9cfdcaa92b8ceaba49c191a9c3bf7911?cid=9950ac751e34487dbbe027c4fd7f8e99","false","24","QMTND1100037","spotify:user:ibdqzuvhscey81nwyfhajz3v7","2023-03-10T04:37:43Z"
"spotify:track:6fl7ogq8mPQL4FXRVB3O4c","Robot","spotify:artist:12H1Dmi64fAmmARrsyVFzy","Trip Lee","spotify:album:4isPEpuar7DBekswZNoawh","The Good Life","spotify:artist:12H1Dmi64fAmmARrsyVFzy","Trip Lee","2012-04-10","https://i.scdn.co/image/ab67616d0000b273b67e07a805e5e64a4814673e","1","2","213626","https://p.scdn.co/mp3-preview/1687bac1854e69f364c274b11488764f3091c685?cid=9950ac751e34487dbbe027c4fd7f8e99","false","34","QMTND1100029","spotify:user:ibdqzuvhscey81nwyfhajz3v7","2023-03-10T04:38:03Z"
"spotify:track:4ByUWgIohW1KYoGfUNAcum","I'm Good","spotify:artist:12H1Dmi64fAmmARrsyVFzy, spotify:artist:1CFCsEqKrCyvAFKOATQHiW","Trip Lee, Lecrae","spotify:album:4isPEpuar7DBekswZNoawh","The Good Life","spotify:artist:12H1Dmi64fAmmARrsyVFzy","Trip Lee","2012-04-10","https://i.scdn.co/image/ab67616d0000b273b67e07a805e5e64a4814673e","1","3","265453","https://p.scdn.co/mp3-preview/91558bacc0ff98584b4537d992c27598ba4c2719?cid=9950ac751e34487dbbe027c4fd7f8e99","false","38","QMTND1100033","spotify:user:ibdqzuvhscey81nwyfhajz3v7","2023-03-10T04:38:13Z"
"spotify:track:5lJxm8RRJLzaUDUgBpLwbR","Free from It All","spotify:artist:1CFCsEqKrCyvAFKOATQHiW, spotify:artist:6mE9Iem2imVWoxLIREwyKs","Lecrae, Mathai","spotify:album:709e0W96FV6lKRoBHcDQ91","Gravity","spotify:artist:1CFCsEqKrCyvAFKOATQHiW","Lecrae","2012-09-04","https://i.scdn.co/image/ab67616d0000b2735844246ac2d44a9f510d8e11","1","4","214297","https://p.scdn.co/mp3-preview/2791da67868bfcec1358d0248f447edcfa5e4e40?cid=9950ac751e34487dbbe027c4fd7f8e99","false","30","QMTND1100083","spotify:user:ibdqzuvhscey81nwyfhajz3v7","2023-03-10T04:38:24Z"
"spotify:track:5scdHSirYuevV9Uyhun818","Falling Down","spotify:artist:1CFCsEqKrCyvAFKOATQHiW, spotify:artist:12H1Dmi64fAmmARrsyVFzy, spotify:artist:78ZdtwvDD5zTElro6EGkcU","Lecrae, Trip Lee, Swoope","spotify:album:709e0W96FV6lKRoBHcDQ91","Gravity","spotify:artist:1CFCsEqKrCyvAFKOATQHiW","Lecrae","2012-09-04","https://i.scdn.co/image/ab67616d0000b2735844246ac2d44a9f510d8e11","1","5","298838","https://p.scdn.co/mp3-preview/63834e5a7e7c46ec81a2ef280a083e44b52ce708?cid=9950ac751e34487dbbe027c4fd7f8e99","false","30","QMTND1100084","spotify:user:ibdqzuvhscey81nwyfhajz3v7","2023-03-10T04:38:30Z"
"spotify:track:2s1imOhCAAdApnMs5zZUYG","Tell the World","spotify:artist:1CFCsEqKrCyvAFKOATQHiW, spotify:artist:4S4kD5NBlgaq4YLBQSEMyY","Lecrae, Mali Music","spotify:album:709e0W96FV6lKRoBHcDQ91","Gravity","spotify:artist:1CFCsEqKrCyvAFKOATQHiW","Lecrae","2012-09-04","https://i.scdn.co/image/ab67616d0000b2735844246ac2d44a9f510d8e11","1","14","216726","https://p.scdn.co/mp3-preview/750ab5858d8139d303624a4e47b1f5b00714826a?cid=9950ac751e34487dbbe027c4fd7f8e99","false","48","QMTND1100091","spotify:user:ibdqzuvhscey81nwyfhajz3v7","2023-03-10T04:38:36Z"
"spotify:track:1f05Qj94S17VYQjtYzvI9W","If I Die Tonight","spotify:artist:1CFCsEqKrCyvAFKOATQHiW, spotify:artist:4qWg5jeP68UR6en7nZnZ2i","Lecrae, Novel","spotify:album:2BAl6epLsZnFhbC4eWTx6A","Church Clothes 2","spotify:artist:1CFCsEqKrCyvAFKOATQHiW","Lecrae","2013-11-08","https://i.scdn.co/image/ab67616d0000b273de1448763d40164a73a43ef4","1","16","219307","https://p.scdn.co/mp3-preview/5b9ee7d255f72186d1aed39af5103dc4fdfaa32e?cid=9950ac751e34487dbbe027c4fd7f8e99","false","33","QMTND1100162","spotify:user:ibdqzuvhscey81nwyfhajz3v7","2023-03-10T04:38:41Z"
"spotify:track:5FTTlIH96nkvtX5RqE8Ozf","Below Paradise","spotify:artist:4c6lhwoOrmgNWvl0GxHlW1","Tedashii","spotify:album:5KSoS5XAV6o5L4JvCBEBEC","Below Paradise (Deluxe)","spotify:artist:4c6lhwoOrmgNWvl0GxHlW1","Tedashii","2014-05-27","https://i.scdn.co/image/ab67616d0000b273fcb6b4ec477671cc4439fca2","1","1","126664","https://p.scdn.co/mp3-preview/704ef174a8426462ad966c097afdada49d30ff29?cid=9950ac751e34487dbbe027c4fd7f8e99","false","7","QMTND1100179","spotify:user:ibdqzuvhscey81nwyfhajz3v7","2023-03-10T04:38:46Z"
"spotify:track:0EGT4BRFfRl4Nr5kzxWZtK","Perfect","spotify:artist:4c6lhwoOrmgNWvl0GxHlW1, spotify:artist:7JHA4M2qN9iZm7GDliQ4R8","Tedashii, Kam Parker","spotify:album:5KSoS5XAV6o5L4JvCBEBEC","Below Paradise (Deluxe)","spotify:artist:4c6lhwoOrmgNWvl0GxHlW1","Tedashii","2014-05-27","https://i.scdn.co/image/ab67616d0000b273fcb6b4ec477671cc4439fca2","1","2","214913","https://p.scdn.co/mp3-preview/7d73f7420d07a8287b51003a3cfc54940e7e19e0?cid=9950ac751e34487dbbe027c4fd7f8e99","false","7","QMTND1100180","spotify:user:ibdqzuvhscey81nwyfhajz3v7","2023-03-10T04:38:52Z"
"spotify:track:0ir83kaEpPbmytxlvVGaMA","Lord Have Mercy","spotify:artist:12H1Dmi64fAmmARrsyVFzy","Trip Lee","spotify:album:1LcvdArFKzZW4SwnIUOVWf","The Waiting Room","spotify:artist:12H1Dmi64fAmmARrsyVFzy","Trip Lee","2016-12-09","https://i.scdn.co/image/ab67616d0000b2736cf4ac37bd3323b39eba74be","1","3","196004","https://p.scdn.co/mp3-preview/a43a6180ffe206d237eb7c9b1003d20fc2c08792?cid=9950ac751e34487dbbe027c4fd7f8e99","false","29","QMTND1101200","spotify:user:ibdqzuvhscey81nwyfhajz3v7","2023-03-10T04:39:16Z"
"spotify:track:3WDHszqMOfkkDgRQI92l1U","Money Up","spotify:artist:12H1Dmi64fAmmARrsyVFzy","Trip Lee","spotify:album:1LcvdArFKzZW4SwnIUOVWf","The Waiting Room","spotify:artist:12H1Dmi64fAmmARrsyVFzy","Trip Lee","2016-12-09","https://i.scdn.co/image/ab67616d0000b2736cf4ac37bd3323b39eba74be","1","7","242974","https://p.scdn.co/mp3-preview/4d7ac845f411811ae9074a6c8be0b77d0f3f4139?cid=9950ac751e34487dbbe027c4fd7f8e99","false","21","QMTND1101204","spotify:user:ibdqzuvhscey81nwyfhajz3v7","2023-03-10T04:39:11Z"
"spotify:track:7A2dius6RtCZDWbJmNe6gQ","Broke","spotify:artist:1CFCsEqKrCyvAFKOATQHiW","Lecrae","spotify:album:5DPZqC3ySZkJClCvZlIq6K","All Things Work Together","spotify:artist:1CFCsEqKrCyvAFKOATQHiW","Lecrae","2017-09-22","https://i.scdn.co/image/ab67616d0000b273b138ac1dc14bc1ee426e9383","1","3","179880","https://p.scdn.co/mp3-preview/f0f34d31815e5a6a581c2c9f7bb4c6d4153c6b37?cid=9950ac751e34487dbbe027c4fd7f8e99","false","44","USSM11704707","spotify:user:ibdqzuvhscey81nwyfhajz3v7","2023-03-10T04:39:28Z"
"spotify:track:04G8xq3xTtgu3maWsUvZSc","Power Trip","spotify:artist:1CFCsEqKrCyvAFKOATQHiW, spotify:artist:3dpswct31rsudWf8ZASWZe, spotify:artist:3fn8lZLy7Q61AXCWWPYC4B, spotify:artist:1TMrnxBwZfmfRxsGzkNIHw","Lecrae, Sho Baraka, Derek Minor, Andy Mineo","spotify:album:709e0W96FV6lKRoBHcDQ91","Gravity","spotify:artist:1CFCsEqKrCyvAFKOATQHiW","Lecrae","2012-09-04","https://i.scdn.co/image/ab67616d0000b2735844246ac2d44a9f510d8e11","1","11","237809","https://p.scdn.co/mp3-preview/9ae7a608bf413996e23e2164060d5d0152c6c405?cid=9950ac751e34487dbbe027c4fd7f8e99","false","31","QMTND1100096","spotify:user:ibdqzuvhscey81nwyfhajz3v7","2023-03-15T16:11:01Z"
"spotify:track:4BYMzeiusYBat7qjpjuv26","No Regrets","spotify:artist:1CFCsEqKrCyvAFKOATQHiW, spotify:artist:5f4TpQdpCTgE1nmUpy2Sqx","Lecrae, Suzy Rock","spotify:album:2dCTTPgK1MdIFe5ozsppxU","Gravity (Digital Deluxe)","spotify:artist:1CFCsEqKrCyvAFKOATQHiW","Lecrae","2012-09-04","https://i.scdn.co/image/ab67616d0000b27305560379996ea0e8daefc739","1","16","216711","https://p.scdn.co/mp3-preview/eb2daca799c097257fcf7f17858a412c272b4720?cid=9950ac751e34487dbbe027c4fd7f8e99","false","35","QMTND1100074","spotify:user:ibdqzuvhscey81nwyfhajz3v7","2023-03-16T19:04:46Z"
"spotify:track:24mtgtmwfRdKfqHWuisZ8g","Fallin'","spotify:artist:12H1Dmi64fAmmARrsyVFzy, spotify:artist:7jmP2ZejmiclTo76ZF2D9R","Trip Lee, J. Paul","spotify:album:4isPEpuar7DBekswZNoawh","The Good Life","spotify:artist:12H1Dmi64fAmmARrsyVFzy","Trip Lee","2012-04-10","https://i.scdn.co/image/ab67616d0000b273b67e07a805e5e64a4814673e","1","5","233800","https://p.scdn.co/mp3-preview/9f73c80b48275f7d42bc98f182e51a4f977e210b?cid=9950ac751e34487dbbe027c4fd7f8e99","false","30","QMTND1100035","spotify:user:ibdqzuvhscey81nwyfhajz3v7","2023-04-10T12:12:15Z"
"spotify:track:4WP4Gvv885m5o43brzJpKG","Round of Applause","spotify:artist:1CFCsEqKrCyvAFKOATQHiW","Lecrae","spotify:album:2BAl6epLsZnFhbC4eWTx6A","Church Clothes 2","spotify:artist:1CFCsEqKrCyvAFKOATQHiW","Lecrae","2013-11-08","https://i.scdn.co/image/ab67616d0000b273de1448763d40164a73a43ef4","1","10","228933","https://p.scdn.co/mp3-preview/ccb2841958471ea98c34814c0573a5f8dc52ccbf?cid=9950ac751e34487dbbe027c4fd7f8e99","false","32","QMTND1100156","spotify:user:ibdqzuvhscey81nwyfhajz3v7","2023-04-10T12:12:20Z"
"spotify:track:2SbjSFKhJpfy2X8dM7a30T","War","spotify:artist:12H1Dmi64fAmmARrsyVFzy","Trip Lee","spotify:album:4isPEpuar7DBekswZNoawh","The Good Life","spotify:artist:12H1Dmi64fAmmARrsyVFzy","Trip Lee","2012-04-10","https://i.scdn.co/image/ab67616d0000b273b67e07a805e5e64a4814673e","1","4","265186","https://p.scdn.co/mp3-preview/cc3365d814b8a92624d8629e510f1f2c940e3228?cid=9950ac751e34487dbbe027c4fd7f8e99","false","26","QMTND1100038","spotify:user:ibdqzuvhscey81nwyfhajz3v7","2023-04-10T12:12:27Z"
