"Track URI","Track Name","Artist URI(s)","Artist Name(s)","Album URI","Album Name","Album Artist URI(s)","Album Artist Name(s)","Album Release Date","Album Image URL","Disc Number","Track Number","Track Duration (ms)","Track Preview URL","Explicit","Popularity","ISRC","Added By","Added At"
"spotify:track:4p443L2OjYcQOSNYJKJ31J","In Ya Hood","spotify:artist:4c6lhwoOrmgNWvl0GxHlW1, spotify:artist:3dpswct31rsudWf8ZASWZe, spotify:artist:12H1Dmi64fAmmARrsyVFzy, spotify:artist:1Q45nhioxaxZTDjR0iaMWp, spotify:artist:2WPOBskjqF2zHGAnCA8r9B","Tedashii, Sho Baraka, Trip Lee, Thi'sl, Json","spotify:album:67YeeJOfdwWH5CklIbPOSI","Kingdom People","spotify:artist:4c6lhwoOrmgNWvl0GxHlW1","Tedashii","2006-07-10","https://i.scdn.co/image/ab67616d0000b273c5208d51150dc0d95f025e23","1","19","370677","https://p.scdn.co/mp3-preview/a215f7cad7d9b41b937292d251b1b84123b0a0e3?cid=9950ac751e34487dbbe027c4fd7f8e99","false","11","QMTND1101125","spotify:user:ibdqzuvhscey81nwyfhajz3v7","2023-03-23T09:52:08Z"
"spotify:track:5zq7DG5LXGx7tolvVPsShf","40 Deep","spotify:artist:1CFCsEqKrCyvAFKOATQHiW, spotify:artist:4c6lhwoOrmgNWvl0GxHlW1, spotify:artist:12H1Dmi64fAmmARrsyVFzy","Lecrae, Tedashii, Trip Lee","spotify:album:4oWfhNbIfILhtXwOOOrtNd","Rehab","spotify:artist:1CFCsEqKrCyvAFKOATQHiW","Lecrae","2010-09-28","https://i.scdn.co/image/ab67616d0000b2738fa97c5122f44f0e2ade3551","1","10","258333","https://p.scdn.co/mp3-preview/1a97903c9d3aaffa215a5033a146555b4a0a7984?cid=9950ac751e34487dbbe027c4fd7f8e99","false","28","TCAAR1052454","spotify:user:ibdqzuvhscey81nwyfhajz3v7","2023-03-23T09:56:31Z"
"spotify:track:11jyj2276ZVZ4yqrXjWl9r","Twisted","spotify:artist:12H1Dmi64fAmmARrsyVFzy, spotify:artist:1CFCsEqKrCyvAFKOATQHiW, spotify:artist:1Q45nhioxaxZTDjR0iaMWp, spotify:artist:3fn8lZLy7Q61AXCWWPYC4B","Trip Lee, Lecrae, Thi'sl, Derek Minor","spotify:album:3urzi9VOPiTcOcF2zFbahs","Between Two Worlds","spotify:artist:12H1Dmi64fAmmARrsyVFzy","Trip Lee","2010-06-22","https://i.scdn.co/image/ab67616d0000b273308eeddb06ea7bb4886c7780","1","12","291773","https://p.scdn.co/mp3-preview/2eeb142f26afd74a021ecaff80c4d390fbac7cf4?cid=9950ac751e34487dbbe027c4fd7f8e99","false","22","USTCF1017396","spotify:user:ibdqzuvhscey81nwyfhajz3v7","2023-03-23T09:59:02Z"
"spotify:track:0kNwy4npNaJpYeJUPmD8au","Bear with You","spotify:artist:12H1Dmi64fAmmARrsyVFzy, spotify:artist:4c6lhwoOrmgNWvl0GxHlW1","Trip Lee, Tedashii","spotify:album:3urzi9VOPiTcOcF2zFbahs","Between Two Worlds","spotify:artist:12H1Dmi64fAmmARrsyVFzy","Trip Lee","2010-06-22","https://i.scdn.co/image/ab67616d0000b273308eeddb06ea7bb4886c7780","1","13","276760","https://p.scdn.co/mp3-preview/0686e1e88081faa5539294e2d1e6fc3866555f3c?cid=9950ac751e34487dbbe027c4fd7f8e99","false","24","USTCF1017397","spotify:user:ibdqzuvhscey81nwyfhajz3v7","2023-03-23T09:59:06Z"
"spotify:track:0Y7R7r8HRcc72JesPY90I5","God Flex","spotify:artist:4c6lhwoOrmgNWvl0GxHlW1, spotify:artist:12H1Dmi64fAmmARrsyVFzy","Tedashii, Trip Lee","spotify:album:3RyH3eTQ2thvAol9Htzcmx","Never Fold","spotify:artist:4c6lhwoOrmgNWvl0GxHlW1","Tedashii","2019-03-08","https://i.scdn.co/image/ab67616d0000b273e4874d2909126ef61799b7ad","1","2","208960","https://p.scdn.co/mp3-preview/8af7a727cb3343524397005af2d56ad8e5ef536b?cid=9950ac751e34487dbbe027c4fd7f8e99","false","20","QMTND1101656","spotify:user:ibdqzuvhscey81nwyfhajz3v7","2023-03-23T09:59:32Z"
"spotify:track:7cSgDrUh6ZAv25JgOPlyOB","Come Alive","spotify:artist:7tTsvTUJ7lXBezazP5jU72, spotify:artist:1CFCsEqKrCyvAFKOATQHiW, spotify:artist:4c6lhwoOrmgNWvl0GxHlW1, spotify:artist:12H1Dmi64fAmmARrsyVFzy, spotify:artist:77IKXFvO7SpWrq8hflrUXc, spotify:artist:3fn8lZLy7Q61AXCWWPYC4B, spotify:artist:1TMrnxBwZfmfRxsGzkNIHw","116, Lecrae, Tedashii, Trip Lee, KB, Derek Minor, Andy Mineo","spotify:album:4nrf0EltbsBbUX5fSJjF2W","Come Alive","spotify:artist:7tTsvTUJ7lXBezazP5jU72","116","2012-10-20","https://i.scdn.co/image/ab67616d0000b2733cb8042193c9a281cc8b6658","1","1","237411","https://p.scdn.co/mp3-preview/8d50aae7efcbe99cb16f1451e3abda73854e31d1?cid=9950ac751e34487dbbe027c4fd7f8e99","false","40","QMTND1100101","spotify:user:ibdqzuvhscey81nwyfhajz3v7","2023-03-23T06:59:56Z"
"spotify:track:1oEPa4o4yRCKNPVD0PVUkW","Respect My Team","spotify:artist:4c6lhwoOrmgNWvl0GxHlW1, spotify:artist:12H1Dmi64fAmmARrsyVFzy, spotify:artist:1CFCsEqKrCyvAFKOATQHiW","Tedashii, Trip Lee, Lecrae","spotify:album:1d7o2fV8QVIxvIDYGlRLxe","Respect My Team","spotify:artist:4c6lhwoOrmgNWvl0GxHlW1, spotify:artist:12H1Dmi64fAmmARrsyVFzy, spotify:artist:1CFCsEqKrCyvAFKOATQHiW","Tedashii, Trip Lee, Lecrae","2022-06-24","https://i.scdn.co/image/ab67616d0000b273b26275a0f4a4bfd29b924fec","1","1","227741","https://p.scdn.co/mp3-preview/adc51e503c22691321a643fbcfe1ad54820b82f7?cid=9950ac751e34487dbbe027c4fd7f8e99","false","48","QMTND2200049","spotify:user:ibdqzuvhscey81nwyfhajz3v7","2023-03-23T09:59:36Z"
"spotify:track:0bGEPgjEggSg0Vhx0YEDhA","Dum Dum","spotify:artist:4c6lhwoOrmgNWvl0GxHlW1, spotify:artist:1CFCsEqKrCyvAFKOATQHiW","Tedashii, Lecrae","spotify:album:1vpWTofvoOJDwfnD1zcsGB","Blacklight","spotify:artist:4c6lhwoOrmgNWvl0GxHlW1","Tedashii","2011-05-31","https://i.scdn.co/image/ab67616d0000b273f01b8d85c3acf165103269b0","1","14","205093","https://p.scdn.co/mp3-preview/245b33f42870e44cae6dd5e82b811c489e24a79b?cid=9950ac751e34487dbbe027c4fd7f8e99","false","46","TCAAX1197230","spotify:user:ibdqzuvhscey81nwyfhajz3v7","2023-03-23T10:49:22Z"
"spotify:track:0YD8n8i2csyzspZbA7AdAc","Still Unashamed","spotify:artist:12H1Dmi64fAmmARrsyVFzy, spotify:artist:4c6lhwoOrmgNWvl0GxHlW1","Trip Lee, Tedashii","spotify:album:1LcvdArFKzZW4SwnIUOVWf","The Waiting Room","spotify:artist:12H1Dmi64fAmmARrsyVFzy","Trip Lee","2016-12-09","https://i.scdn.co/image/ab67616d0000b2736cf4ac37bd3323b39eba74be","1","6","274719","https://p.scdn.co/mp3-preview/3bb5c2fa35809c0b79316fb6ddc6e75c088898b2?cid=9950ac751e34487dbbe027c4fd7f8e99","false","32","QMTND1101203","spotify:user:ibdqzuvhscey81nwyfhajz3v7","2023-03-23T09:59:25Z"
"spotify:track:6wtkm6wz7GGD23SW5PM84P","Nothing I Can't Do","spotify:artist:4c6lhwoOrmgNWvl0GxHlW1, spotify:artist:1CFCsEqKrCyvAFKOATQHiW, spotify:artist:12H1Dmi64fAmmARrsyVFzy","Tedashii, Lecrae, Trip Lee","spotify:album:19eAKxrvIcc4zMgW2GE4W3","Below Paradise","spotify:artist:4c6lhwoOrmgNWvl0GxHlW1","Tedashii","2014-05-27","https://i.scdn.co/image/ab67616d0000b273e42d49f6b213055b3ae30f89","1","4","206466","https://p.scdn.co/mp3-preview/cc4bed49e08ebf7502be3a01e57dde0379679a33?cid=9950ac751e34487dbbe027c4fd7f8e99","false","41","QMTND1100182","spotify:user:ibdqzuvhscey81nwyfhajz3v7","2023-03-23T07:00:24Z"
"spotify:track:5HAPGeUzENIzlsIIo6VdiC","Manolo","spotify:artist:12H1Dmi64fAmmARrsyVFzy, spotify:artist:1CFCsEqKrCyvAFKOATQHiW","Trip Lee, Lecrae","spotify:album:2QPKh4LqUxtwXGwbriYzqZ","Rise","spotify:artist:12H1Dmi64fAmmARrsyVFzy","Trip Lee","2014-10-27","https://i.scdn.co/image/ab67616d0000b27320a89d211a934f3b24942099","1","4","248217","https://p.scdn.co/mp3-preview/3079f5652af7656b67ea27da44da23c957ca6445?cid=9950ac751e34487dbbe027c4fd7f8e99","false","47","QMTND1100472","spotify:user:ibdqzuvhscey81nwyfhajz3v7","2023-03-25T09:20:57Z"
"spotify:track:04G8xq3xTtgu3maWsUvZSc","Power Trip","spotify:artist:1CFCsEqKrCyvAFKOATQHiW, spotify:artist:3dpswct31rsudWf8ZASWZe, spotify:artist:3fn8lZLy7Q61AXCWWPYC4B, spotify:artist:1TMrnxBwZfmfRxsGzkNIHw","Lecrae, Sho Baraka, Derek Minor, Andy Mineo","spotify:album:709e0W96FV6lKRoBHcDQ91","Gravity","spotify:artist:1CFCsEqKrCyvAFKOATQHiW","Lecrae","2012-09-04","https://i.scdn.co/image/ab67616d0000b2735844246ac2d44a9f510d8e11","1","11","237809","https://p.scdn.co/mp3-preview/9ae7a608bf413996e23e2164060d5d0152c6c405?cid=9950ac751e34487dbbe027c4fd7f8e99","false","31","QMTND1100096","spotify:user:ibdqzuvhscey81nwyfhajz3v7","2023-03-23T10:01:25Z"
"spotify:track:1vuuMEFNSEO3AHN3mTi6AO","Background","spotify:artist:1CFCsEqKrCyvAFKOATQHiW, spotify:artist:1TMrnxBwZfmfRxsGzkNIHw","Lecrae, Andy Mineo","spotify:album:4oWfhNbIfILhtXwOOOrtNd","Rehab","spotify:artist:1CFCsEqKrCyvAFKOATQHiW","Lecrae","2010-09-28","https://i.scdn.co/image/ab67616d0000b2738fa97c5122f44f0e2ade3551","1","14","279186","https://p.scdn.co/mp3-preview/731236dee011707e36c5039185d4e613576c3660?cid=9950ac751e34487dbbe027c4fd7f8e99","false","43","TCAAR1052458","spotify:user:ibdqzuvhscey81nwyfhajz3v7","2023-03-23T11:08:02Z"
"spotify:track:0PxHrnV45CQascq6nWBnLT","One Sixteen","spotify:artist:12H1Dmi64fAmmARrsyVFzy, spotify:artist:77IKXFvO7SpWrq8hflrUXc, spotify:artist:1TMrnxBwZfmfRxsGzkNIHw","Trip Lee, KB, Andy Mineo","spotify:album:4isPEpuar7DBekswZNoawh","The Good Life","spotify:artist:12H1Dmi64fAmmARrsyVFzy","Trip Lee","2012-04-10","https://i.scdn.co/image/ab67616d0000b273b67e07a805e5e64a4814673e","1","8","246346","https://p.scdn.co/mp3-preview/fcf8a9512ed65a633fbf3d4f606fdc48b60b1cf7?cid=9950ac751e34487dbbe027c4fd7f8e99","false","45","QMTND1100041","spotify:user:ibdqzuvhscey81nwyfhajz3v7","2023-03-23T07:00:29Z"
"spotify:track:3JmCRehyaPkiSrf0EEqtb5","Insomniac","spotify:artist:12H1Dmi64fAmmARrsyVFzy, spotify:artist:1TMrnxBwZfmfRxsGzkNIHw","Trip Lee, Andy Mineo","spotify:album:2QPKh4LqUxtwXGwbriYzqZ","Rise","spotify:artist:12H1Dmi64fAmmARrsyVFzy","Trip Lee","2014-10-27","https://i.scdn.co/image/ab67616d0000b27320a89d211a934f3b24942099","1","9","230569","https://p.scdn.co/mp3-preview/9408f3c8848cb0fbbe0a4131546eb63f700c2a72?cid=9950ac751e34487dbbe027c4fd7f8e99","false","40","QMTND1100477","spotify:user:ibdqzuvhscey81nwyfhajz3v7","2023-03-23T11:07:43Z"
"spotify:track:6OJgPdiryjvefJC3fsDAuA","The Saints","spotify:artist:1TMrnxBwZfmfRxsGzkNIHw, spotify:artist:12H1Dmi64fAmmARrsyVFzy, spotify:artist:77IKXFvO7SpWrq8hflrUXc","Andy Mineo, Trip Lee, KB","spotify:album:4Ok6ziWADtgdRcy4nixjtL","Heroes for Sale","spotify:artist:1TMrnxBwZfmfRxsGzkNIHw","Andy Mineo","2013-04-16","https://i.scdn.co/image/ab67616d0000b27370dfa4e97cc812da2bcf9b32","1","5","238146","https://p.scdn.co/mp3-preview/f689743b6616b3957b9028844224bfebcbeb843a?cid=9950ac751e34487dbbe027c4fd7f8e99","false","52","QMTND1100107","spotify:user:ibdqzuvhscey81nwyfhajz3v7","2023-03-23T10:02:13Z"
"spotify:track:3XI8XCmVBIZeTPuoUyJo1d","Uno Uno Seis","spotify:artist:1TMrnxBwZfmfRxsGzkNIHw, spotify:artist:1CFCsEqKrCyvAFKOATQHiW","Andy Mineo, Lecrae","spotify:album:4Ok6ziWADtgdRcy4nixjtL","Heroes for Sale","spotify:artist:1TMrnxBwZfmfRxsGzkNIHw","Andy Mineo","2013-04-16","https://i.scdn.co/image/ab67616d0000b27370dfa4e97cc812da2bcf9b32","1","11","273933","https://p.scdn.co/mp3-preview/6890c364744c4f4e36db4185162d33e4386f2426?cid=9950ac751e34487dbbe027c4fd7f8e99","false","38","QMTND1100113","spotify:user:ibdqzuvhscey81nwyfhajz3v7","2023-03-23T07:00:45Z"
"spotify:track:0M40AxxgVf7Pj8F6A0npHv","King Jesus (feat. Big Breeze, Scootie Wop, 1K Phew, Mike Teezy, Limoblaze, Wande, Cardec Drums, Tommy Royale & S.O.) - Pt. II","spotify:artist:77IKXFvO7SpWrq8hflrUXc, spotify:artist:71pLHraIX4XWsMpPETtntd, spotify:artist:1JAoqu34UmPWUUAjLMXt5I, spotify:artist:6CQGrt3AJ2gx5oMSR0mwbl, spotify:artist:6tO2zQcTIRfR2Xdsm9XnL7, spotify:artist:0liXA3xwx6pncxYQA30ahT, spotify:artist:0GdzQJqgRL5SHp7kXOKba0, spotify:artist:1uVtllLSmvkfPRozmSmxzG, spotify:artist:0gqbW7Uf6BAWiAh5C6jlPs, spotify:artist:6EUIhOt4DwyozjYFnrDlGv","KB, Big Breeze, Scootie Wop, 1K Phew, Mike Teezy, Limoblaze, Wande, Cardec Drums, Tommy Royale, SO","spotify:album:04zs6c3RqHxHZvEB2600LJ","King Jesus (feat. Big Breeze, Scootie Wop, 1K Phew, Mike Teezy, Limoblaze, Wande, Cardec Drums, Tommy Royale & S.O.) [Pt. II]","spotify:artist:77IKXFvO7SpWrq8hflrUXc","KB","2022-04-29","https://i.scdn.co/image/ab67616d0000b273aa97dbb0b9a9ba628e2f0982","1","1","394112","https://p.scdn.co/mp3-preview/2bc8518b639c599d3446ecc53b7b2039099c3a1a?cid=9950ac751e34487dbbe027c4fd7f8e99","false","49","USA5W2200121","spotify:user:ibdqzuvhscey81nwyfhajz3v7","2023-03-23T10:03:03Z"
"spotify:track:1BDyjxOKmnl9r1n3LatvPY","Live Forever","spotify:artist:7tTsvTUJ7lXBezazP5jU72, spotify:artist:12H1Dmi64fAmmARrsyVFzy, spotify:artist:6CQGrt3AJ2gx5oMSR0mwbl, spotify:artist:0OQ8y7heASb1vEX5WXvjCr, spotify:artist:3zSrc5vUlUxyDdS0KrxFJO, spotify:artist:4c6lhwoOrmgNWvl0GxHlW1, spotify:artist:0gqbW7Uf6BAWiAh5C6jlPs, spotify:artist:0GdzQJqgRL5SHp7kXOKba0","116, Trip Lee, 1K Phew, Aaron Cole, Hulvey, Tedashii, Tommy Royale, Wande","spotify:album:21NkHFd6NamRUkiVWx3ttV","Live Forever","spotify:artist:7tTsvTUJ7lXBezazP5jU72","116","2020-01-16","https://i.scdn.co/image/ab67616d0000b27345df5b7b2d73666d6edef0ee","1","1","279463","https://p.scdn.co/mp3-preview/f6e04b2f4b33c7259078253c18c5c3a108bbe990?cid=9950ac751e34487dbbe027c4fd7f8e99","false","42","QMTND2000000","spotify:user:ibdqzuvhscey81nwyfhajz3v7","2023-03-23T09:53:27Z"
"spotify:track:5yqhWeJnZWf8lYY8OTBAMP","Still 40 Deep","spotify:artist:7tTsvTUJ7lXBezazP5jU72, spotify:artist:0GdzQJqgRL5SHp7kXOKba0, spotify:artist:3zSrc5vUlUxyDdS0KrxFJO","116, Wande, Hulvey","spotify:album:55WJJhhkdRw4V3JKCPfz5b","Still 40 Deep","spotify:artist:7tTsvTUJ7lXBezazP5jU72, spotify:artist:0GdzQJqgRL5SHp7kXOKba0, spotify:artist:3zSrc5vUlUxyDdS0KrxFJO","116, Wande, Hulvey","2021-01-16","https://i.scdn.co/image/ab67616d0000b273cf3d70c641ac6d3d9d468cc2","1","1","125438","https://p.scdn.co/mp3-preview/6f97e220061317cfb167fc82309850d450710521?cid=9950ac751e34487dbbe027c4fd7f8e99","false","48","QMTND2000227","spotify:user:ibdqzuvhscey81nwyfhajz3v7","2023-03-23T09:54:42Z"
"spotify:track:1wfY6AQT8zIY9CVyd8Iy79","Now They Know","spotify:artist:7tTsvTUJ7lXBezazP5jU72, spotify:artist:4c6lhwoOrmgNWvl0GxHlW1, spotify:artist:77IKXFvO7SpWrq8hflrUXc, spotify:artist:3fn8lZLy7Q61AXCWWPYC4B, spotify:artist:1TMrnxBwZfmfRxsGzkNIHw","116, Tedashii, KB, Derek Minor, Andy Mineo","spotify:album:6lpJPDD0Z1nY8HtvPBjG2c","Now They Know","spotify:artist:7tTsvTUJ7lXBezazP5jU72","116","2013-01-01","https://i.scdn.co/image/ab67616d0000b27378776f51c9a25fff4dc939b4","1","1","270325","https://p.scdn.co/mp3-preview/e47592e2348880a5669b96aea1f8d6f6337050a8?cid=9950ac751e34487dbbe027c4fd7f8e99","false","42","QMTND1100165","spotify:user:ibdqzuvhscey81nwyfhajz3v7","2023-03-23T06:59:54Z"
"spotify:track:2otmHb8X6VOEi742vj1I85","Never Give Up","spotify:artist:7tTsvTUJ7lXBezazP5jU72, spotify:artist:4zoRNhOhsGX3w8yBAnFSQ8, spotify:artist:4c6lhwoOrmgNWvl0GxHlW1","116, Paul Russell, Tedashii","spotify:album:3shC0AsV9OlJJOu0kJA7hy","Never Give Up","spotify:artist:7tTsvTUJ7lXBezazP5jU72, spotify:artist:4zoRNhOhsGX3w8yBAnFSQ8, spotify:artist:4c6lhwoOrmgNWvl0GxHlW1","116, Paul Russell, Tedashii","2021-08-13","https://i.scdn.co/image/ab67616d0000b273e4729ed96bcf74da451bf554","1","1","202431","https://p.scdn.co/mp3-preview/930eacaba6bf1b68c8345851985caa25810c9d03?cid=9950ac751e34487dbbe027c4fd7f8e99","false","35","QMTND2100112","spotify:user:ibdqzuvhscey81nwyfhajz3v7","2023-03-23T09:53:58Z"
"spotify:track:5EwTUVp2RKuf9y7RZWN4lb","Moshpit","spotify:artist:7tTsvTUJ7lXBezazP5jU72, spotify:artist:0jyLAdlvH1S5AZOly5c6TL, spotify:artist:052Mwr5vCyfzG81pUr19Kw, spotify:artist:0GdzQJqgRL5SHp7kXOKba0","116, Jaye Newton, Not Klyde, Wande","spotify:album:50fTMJJW8fcg4zshoIw8rA","Moshpit","spotify:artist:7tTsvTUJ7lXBezazP5jU72, spotify:artist:0jyLAdlvH1S5AZOly5c6TL","116, Jaye Newton","2021-08-13","https://i.scdn.co/image/ab67616d0000b2730d531c4602cfcc67f35cf464","1","1","189500","https://p.scdn.co/mp3-preview/7485172e5c825eff94240d8387b099c8659784f7?cid=9950ac751e34487dbbe027c4fd7f8e99","false","36","QMTND2100116","spotify:user:ibdqzuvhscey81nwyfhajz3v7","2023-03-23T09:53:59Z"
"spotify:track:6YRxvJkHC9uouOP7kGCh2c","Hectic","spotify:artist:7tTsvTUJ7lXBezazP5jU72, spotify:artist:1lklT6lHzwo3ZOJpDVoLyH, spotify:artist:3zSrc5vUlUxyDdS0KrxFJO","116, Tj Carroll, Hulvey","spotify:album:0oDdZEjt2gd9OmKFzu9gbB","Hectic","spotify:artist:7tTsvTUJ7lXBezazP5jU72, spotify:artist:1lklT6lHzwo3ZOJpDVoLyH","116, Tj Carroll","2021-08-13","https://i.scdn.co/image/ab67616d0000b2735768ddf0fd22a5ee8d4fe945","1","1","150890","https://p.scdn.co/mp3-preview/9b77149f3831472351762c3746819e6f774c6976?cid=9950ac751e34487dbbe027c4fd7f8e99","false","46","QMTND2100123","spotify:user:ibdqzuvhscey81nwyfhajz3v7","2023-03-23T09:54:01Z"
"spotify:track:3C1Y2ufbDRDQXFl1sIF6Eu","TEAM","spotify:artist:1sPm31qmcbk9EFoRCS8eRl, spotify:artist:7tTsvTUJ7lXBezazP5jU72, spotify:artist:2d8NsBa8O4C6bgQatFP5V4, spotify:artist:1SZikSUx9fZ2cUFjrmM6Sy, spotify:artist:2WLOBjz9WOZrJcbS2w93zt, spotify:artist:0PUc1lwaZpPJaMr0v4Gdvo","indie tribe, 116, nobigdyl., Mogli the Iceburg, DJ Mykael V, Jon Keith","spotify:album:1DRmWkMm4MGyTeYgO0Y720","TEAM","spotify:artist:1sPm31qmcbk9EFoRCS8eRl, spotify:artist:7tTsvTUJ7lXBezazP5jU72, spotify:artist:2d8NsBa8O4C6bgQatFP5V4","indie tribe, 116, nobigdyl.","2021-08-13","https://i.scdn.co/image/ab67616d0000b273d9682f78350e6b29f00533a0","1","1","154397","https://p.scdn.co/mp3-preview/9df2c018c613ff002aa72510df6a0fdb5d259466?cid=9950ac751e34487dbbe027c4fd7f8e99","false","44","QMTND2100109","spotify:user:ibdqzuvhscey81nwyfhajz3v7","2023-03-23T09:54:45Z"
"spotify:track:2MNfoGG4bvK4ULEfi8GOzS","Big Wave","spotify:artist:7tTsvTUJ7lXBezazP5jU72, spotify:artist:2Vt6gyhUH7Vj2cybfQWOqM, spotify:artist:1CFCsEqKrCyvAFKOATQHiW","116, Parris Chariz, Lecrae","spotify:album:6Eb7p9AG3PHmxl5N8pvnEm","Big Wave","spotify:artist:7tTsvTUJ7lXBezazP5jU72, spotify:artist:2Vt6gyhUH7Vj2cybfQWOqM","116, Parris Chariz","2019-07-19","https://i.scdn.co/image/ab67616d0000b2735e741434e32bdcc133678b22","1","1","158693","https://p.scdn.co/mp3-preview/64d565285281166bda0995ac8ca0584ecf49fe32?cid=9950ac751e34487dbbe027c4fd7f8e99","false","41","QMTND1101719","spotify:user:ibdqzuvhscey81nwyfhajz3v7","2023-03-23T09:54:47Z"
"spotify:track:7BroVg4Y6zcvZxskfQT5Ui","Represent II","spotify:artist:7tTsvTUJ7lXBezazP5jU72, spotify:artist:0GdzQJqgRL5SHp7kXOKba0, spotify:artist:0oPd8f0W82Tgrazx2PYNab, spotify:artist:6CQGrt3AJ2gx5oMSR0mwbl, spotify:artist:12H1Dmi64fAmmARrsyVFzy","116, Wande, GAWVI, 1K Phew, Trip Lee","spotify:album:45Iz5mdkizpDNWK0BE0MXQ","We Are Unashamed","spotify:artist:7tTsvTUJ7lXBezazP5jU72","116","2022-01-16","https://i.scdn.co/image/ab67616d0000b273355bc5c26144c3c4ea818136","1","1","169016","https://p.scdn.co/mp3-preview/86cfa6e4455fdfcffa60361910a99a09114a454d?cid=9950ac751e34487dbbe027c4fd7f8e99","false","20","QMTND2100199","spotify:user:ibdqzuvhscey81nwyfhajz3v7","2023-03-23T09:55:31Z"
"spotify:track:6G9eHfKIbt9rSmIcd5kqxV","Otu Otu Isii (One One Six)","spotify:artist:7tTsvTUJ7lXBezazP5jU72, spotify:artist:0liXA3xwx6pncxYQA30ahT, spotify:artist:4c6lhwoOrmgNWvl0GxHlW1, spotify:artist:0GdzQJqgRL5SHp7kXOKba0","116, Limoblaze, Tedashii, Wande","spotify:album:45Iz5mdkizpDNWK0BE0MXQ","We Are Unashamed","spotify:artist:7tTsvTUJ7lXBezazP5jU72","116","2022-01-16","https://i.scdn.co/image/ab67616d0000b273355bc5c26144c3c4ea818136","1","3","179551","https://p.scdn.co/mp3-preview/867e20eefaa2bae0a05485ba4c644978151c4b3e?cid=9950ac751e34487dbbe027c4fd7f8e99","false","14","QMTND2100198","spotify:user:ibdqzuvhscey81nwyfhajz3v7","2023-03-23T09:55:33Z"
"spotify:track:17UXga5q0TgnTOpzJZjXQN","Light Work","spotify:artist:7tTsvTUJ7lXBezazP5jU72, spotify:artist:6CQGrt3AJ2gx5oMSR0mwbl, spotify:artist:1TMrnxBwZfmfRxsGzkNIHw, spotify:artist:1pcufq5QrAZE0kBRQS65DM, spotify:artist:1CFCsEqKrCyvAFKOATQHiW, spotify:artist:4c6lhwoOrmgNWvl0GxHlW1, spotify:artist:12H1Dmi64fAmmARrsyVFzy, spotify:artist:6YgYm3f9ifsz4OwQt8jql7","116, 1K Phew, Andy Mineo, CASS, Lecrae, Tedashii, Trip Lee, WHATUPRG","spotify:album:3wIfLKOHOXo1qkjlWDVLFb","Light Work","spotify:artist:7tTsvTUJ7lXBezazP5jU72","116","2018-01-16","https://i.scdn.co/image/ab67616d0000b2735c4fe2ff963ff0366a13ba64","1","1","282507","https://p.scdn.co/mp3-preview/dbe42ecf4d4b2cae1a4c5286b233b49db1a8d0ea?cid=9950ac751e34487dbbe027c4fd7f8e99","false","44","QMTND1101498","spotify:user:ibdqzuvhscey81nwyfhajz3v7","2023-03-23T09:53:23Z"
